Product_Name,Product_Description,Product_Type,Price,Ratings,No_of_reviews,Predicted_Category
POCO M6 5G ,6 GB RAM | 128 GB ROM | Expandable Upto 1 TB17.12 cm (6.74 inch) HD+ Display50MP Rear Camera | 5MP Front Camera5000 mAh BatteryMediatek Dimensity 6100+ Processor1 Year Manufacturer Warranty for Phone and 6 Months Warranty for In the Box Accessories,Android mobile,9799,3.0,1785.0,Economic
Tecno Spark Go 1 ,4 GB RAM | 64 GB ROM | Expandable Upto 1 TB16.94 cm (6.67 inch) HD+ Display13MP Rear Camera | 8MP Front Camera5000 mAh BatteryUnisoc T616 Ocra Core Processor1 year Manufacturer Warranty,Android mobile,7499,2.4,34.0,Economic
POCO X6 Neo 5G ,8 GB RAM | 128 GB ROM | Expandable Upto 1 TB16.94 cm (6.67 inch) Full HD+ Display108MP + 2MP | 16MP Front Camera5000 mAh BatteryDimensity 6080 Processor1 Year Manufacturer Warranty for Phone and 6 Months Warranty for In the Box Accessories,Android mobile,12999,4.3,1238.0,Economic
realme C61 ,6 GB RAM | 128 GB ROM | Expandable Upto 2 TB17.13 cm (6.745 inch) HD+ Display32MP Rear Camera | 5MP Front Camera5000 mAh BatteryT612 Processor1 Year Manufacturer Warranty for Device and 6 Months Manufacturer Warranty for Inbox Accessories,Android mobile,8999,2.3,85.0,Economic
realme Narzo N61 ,4 GB RAM | 64 GB ROM17.12 cm (6.74 inch) Display32MP Rear Camera5000 mAh Battery1 Year,Android mobile,7129,3.5,8.0,Economic
Infinix HOT 40i ,8 GB RAM | 256 GB ROM | Expandable Upto 2 TB16.76 cm (6.6 inch) HD+ Display50MP + AI Lens | 32MP Front Camera5000 mAh BatteryUnisoc T606 Processor1 Year on Handset and 6 Months on Accessories,Android mobile,8999,2.9,1020.0,Economic
SAMSUNG Galaxy S23 5G ,8 GB RAM | 256 GB ROM15.49 cm (6.1 inch) Full HD+ Display50MP + 10MP + 12MP | 12MP Front Camera3900 mAh Lithium Ion BatteryQualcomm Snapdragon 8 Gen 2 Processor1 Year Manufacturer Warranty for Device and 6 Months Manufacturer Warranty for In-Box Accessories,Android mobile,44999,1.7,2674.0,Mid-range
POCO X6 Pro 5G ,12 GB RAM | 512 GB ROM16.94 cm (6.67 inch) Display64MP + 8MP + 2MP | 16MP Front Camera5000 mAh BatteryDimensity D8300 Ultra Processor1 Year Manufacturer Warranty for Phone and 6 Months Warranty for In the Box Accessories,Android mobile,23999,1.7,1420.0,Mid-range
REDMI 13 5G ,6 GB RAM | 128 GB ROM17.25 cm (6.79 inch) Full HD+ Display108MP Rear Camera5030 mAh BatteryQualcomm SM4450 Snapdragon 4 Gen 2 AE (4 nm) Processor1 year manufacture warranty,Android mobile,12878,2.3,269.0,Economic
realme C63 5G Charger in the Box ,8 GB RAM | 128 GB ROM | Expandable Upto 2 TB16.94 cm (6.67 inch) HD+ Display32MP Rear Camera | 8MP Front Camera5000 mAh BatteryDimensity 6300 Processor1 Year Manufacturer Warranty for Device and 6 Months Manufacturer Warranty for Inbox Accessories,Android mobile,12999,3.9,39.0,Economic
OnePlus N20 SE ,4 GB RAM | 128 GB ROM16.66 cm (6.56 inch) Display50MP + 50MP + 2MP | 8MP Front Camera5000 mAh BatteryNo Warranty,Android mobile,10925,4.7,61.0,Economic
Infinix SMART 8 HD ,3 GB RAM | 64 GB ROM | Expandable Upto 2 TB16.76 cm (6.6 inch) HD+ Display13MP + AI Lens | 8MP Front Camera5000 mAh BatteryT606 Processor1 Year on Handset and 6 Months on Accessories,Android mobile,6699,3.0,2488.0,Economic
Motorola G34 5G ,4 GB RAM | 128 GB ROM16.51 cm (6.5 inch) HD+ Display50MP + 2MP | 16MP Front Camera5000 mAh BatterySnapdragon 695 5G Processor1 Year on Handset and 6 Months on Accessories,Android mobile,10999,1.9,3502.0,Economic
SAMSUNG Galaxy A15 5G ,8 GB RAM | 128 GB ROM | Expandable Upto 1 TB16.51 cm (6.5 inch) Full HD+ Display50MP + 5MP + 2MP | 13MP Front Camera5000 mAh BatteryDimensity 6100+ Processor1 Year Manufacturer Warranty for Device and 6 Months for In-Box Accessories,Android mobile,16478,3.1,136.0,Economic
realme C63 5G Charger in the Box ,4 GB RAM | 128 GB ROM | Expandable Upto 2 TB16.94 cm (6.67 inch) HD+ Display32MP Rear Camera | 8MP Front Camera5000 mAh BatteryDimensity 6300 Processor1 Year Manufacturer Warranty for Device and 6 Months Manufacturer Warranty for Inbox Accessories,Android mobile,10999,4.2,88.0,Economic
REDMI 13c 5G ,8 GB RAM | 256 GB ROM17.12 cm (6.74 inch) Display50MP Rear Camera5000 mAh Battery1 Year,Android mobile,13249,2.4,312.0,Economic
REDMI Note 13 5G ,6 GB RAM | 128 GB ROM16.94 cm (6.67 inch) Full HD+ Display108MP Rear Camera5000 mAh Battery1 Year Brand Warranty,Android mobile,14720,2.5,1056.0,Economic
SAMSUNG Galaxy M15 5G ,4 GB RAM | 128 GB ROM16.51 cm (6.5 inch) Display50MP Rear Camera6000 mAh BatteryMediaTek ProcessorDomestic Warranty Of 1 Year For Handset And 6 Month For Accessories.,Android mobile,12099,1.5,7.0,Economic
itel P55 ,8 GB RAM | 128 GB ROM | Expandable Upto 512 GB16.66 cm (6.56 inch) HD Display50MP Rear Camera | 8MP Front Camera5000 mAh BatteryUnisoc T606 Processor1 Year Manufacturer Warranty,Android mobile,7095,4.4,12.0,Economic
realme C67 5G ,4 GB RAM | 128 GB ROM | Expandable Upto 2 TB17.07 cm (6.72 inch) Full HD+ Display50MP + 2MP | 8MP Front Camera5000 mAh BatteryDimensity 6100+ Processor1 Year Manufacturer Warranty for Phone and 6 Months Warranty for In the Box Accessories,Android mobile,9799,3.4,521.0,Economic
OnePlus Nord CE4 ,8 GB RAM | 256 GB ROM17.02 cm (6.7 inch) Display50MP Rear Camera5500 mAh BatteryOxygenOS 14.0 ProcessorDomestic Warranty 1 Year For Handset And 6 month For Accessories.,Android mobile,24478,1.6,819.0,Mid-range
REDMI Note 13 5G ,8 GB RAM | 256 GB ROM | Expandable Upto 1 TB16.94 cm (6.67 inch) Full HD+ Display108MP + 2MP | 16MP Front Camera5000 mAh BatteryDimensity 6080 Processor1 Year Manufacturer Warranty for Phone and 6 Months Warranty for In the Box Accessories,Android mobile,17999,3.4,503.0,Economic
realme GT 6 ,16 GB RAM | 512 GB ROM17.22 cm (6.78 inch) Full HD+ Display50MP + 8MP + 50MP | 32MP Front Camera5500 mAh Battery8s Gen 3 Mobile Platform Processor1 Year Manufacturer Warranty for Device and 6 Months Manufacturer Warranty for Inbox Accessories,Android mobile,44999,4.7,213.0,Mid-range
realme NARZO 70 5G ,8 GB RAM | 128 GB ROM16.94 cm (6.67 inch) Full HD+ AMOLED Display50MP Rear Camera | 16MP Front Camera5000 mAh Battery1 Year Domestic Warranty for Phone and 6 Months Warranty for In-Box Accessories,Android mobile,14425,3.3,40.0,Economic
SAMSUNG Galaxy A14 5G ,4 GB RAM | 128 GB ROM | Expandable Upto 1 TB16.76 cm (6.6 inch) Full HD+ Display50MP + 2MP + 2MP | 13MP Front Camera5000 mAh Lithium Ion BatteryExynos 1330 Processor1 Year Manufacturer Warranty for Device and 6 Months Manufacturer Warranty for In-Box Accessories,Android mobile,9999,4.3,611.0,Economic
POCO C65 ,6 GB RAM | 128 GB ROM | Expandable Upto 1 TB17.12 cm (6.74 inch) HD+ Display50MP + AI Lens + 2MP | 8MP Front Camera5000 mAh BatteryHelio G85 Processor1 Year Manufacturer Warranty for Phone and 6 Months Warranty for in the Box Accessories,Android mobile,7799,2.8,1165.0,Economic
Samsung Galaxy S21 FE 5G with Snapdragon 888 ,8 GB RAM | 256 GB ROM16.26 cm (6.4 inch) Full HD+ Display12MP + 12MP + 8MP (OIS) | 32MP Front Camera4500 mAh Lithium-ion BatterySnapdragon 888 Processor1 Year Manufacturer Warranty for Device and 6 Months Manufacturer Warranty for In-Box Accessories,Android mobile,26999,2.3,13964.0,Mid-range
SAMSUNG Galaxy A55 5G ,8 GB RAM | 128 GB ROM | Expandable Upto 1 TB16.76 cm (6.6 inch) Full HD+ Display50MP + 12MP + 5MP | 32MP Front Camera5000 mAh BatterySamsung Exynos 1480 Processor1 Year Manufacturer Warranty for Device and 6 Months for In-Box Accessories,Android mobile,39999,2.4,33.0,Mid-range
Xiaomi 14 CIVI ,8 GB RAM | 256 GB ROM16.64 cm (6.55 inch) Display50MP Rear Camera | 32MP + 32MP Dual Front Camera4700 mAh Battery8s Gen 3 Mobile Platform Processor1 Year Manufacturer Warranty for Phone and 6 Months Warranty for In the Box Accessories,Android mobile,40999,5.0,114.0,Mid-range
vivo V40 5G ,8 GB RAM | 256 GB ROM17.22 cm (6.78 inch) Full HD+ Display50MP + 50MP | 50MP Front Camera5500 mAh BatterySnapdragon 7 Gen 3 Processor1 Year Warranty on Handset and 6 Months Warranty on Accessories,Android mobile,36999,1.2,410.0,Mid-range
realme 12+ 5G ,8 GB RAM | 128 GB ROM | Expandable Upto 2 TB16.94 cm (6.67 inch) Full HD+ Display50MP + 8MP + 2MP | 16MP Front Camera5000 mAh BatteryDimensity 7050 Processor1 Year Manufacturer Warranty for Device and 6 Months Manufacturer Warranty for Inbox Accessories,Android mobile,20999,5.0,1532.0,Mid-range
itel P55 ,4 GB RAM | 128 GB ROM16.76 cm (6.6 inch) Display50MP Rear Camera5000 mAh Battery1 Year Manufacturer Warranty,Android mobile,8890,4.7,0.0,Economic
Infinix Hot 12 Pro ,8 GB RAM | 128 GB ROM | Expandable Upto 256 GB16.76 cm (6.6 inch) HD+ Display50 MP + Depth Lens | 8MP Front Camera5000 mAh Lithium-ion Polymer BatteryUnisoc T616 Processor1 Year on Handset and 6 Months on Accessories,Android mobile,8449,1.6,453.0,Economic
OPPO Reno 12 Pro 5G ,12 GB RAM | 512 GB ROM | Expandable Upto 1 TB17.02 cm (6.7 inch) Full HD+ Display50MP + 8MP + 50MP | 50MP Front Camera5000 mAh BatteryDimensity 7300 Energy Processor1 Year Manufacturer Warranty for Device and 6 Months Manufacturer Warranty for Inbox Accessories,Android mobile,40999,4.0,165.0,Mid-range
Xiaomi 14 CIVI ,12 GB RAM | 512 GB ROM16.64 cm (6.55 inch) Display50MP Rear Camera | 32MP + 32MP Dual Front Camera4700 mAh Battery8s Gen 3 Mobile Platform Processor1 Year Manufacturer Warranty for Phone and 6 Months Warranty for In the Box Accessories,Android mobile,45999,1.1,37.0,Mid-range
SAMSUNG Galaxy A05 ,4 GB RAM | 64 GB ROM | Expandable Upto 1 TB17.12 cm (6.74 inch) HD+ Display50MP + 2MP | 8MP Front Camera5000 mAh BatteryHelio G85 Processor1 Year Manufacturer Warranty for Device and 6 Months Manufacturer Warranty for Inbox Accessories,Android mobile,7699,2.4,7.0,Economic
LAVA O2 ,8 GB RAM | 128 GB ROM16.51 cm (6.5 inch) Display50MP Rear Camera5000 mAh Battery1 Year Manufacturer Warranty for Phone and 6 Months Warranty for In the Box Accessories,Android mobile,7999,4.6,16.0,Economic
Infinix Note 11 ,6 GB RAM | 128 GB ROM | Expandable Upto 512 GB17.02 cm (6.7 inch) Full HD+ AMOLED Display50 MP + 2 MP Depth Lens + AI Lens | 16MP Front Camera5000 mAh Li-ion Polymer BatteryMediatek Helio G88 Processor1 Year on Handset and 6 Months on Accessories,Android mobile,14499,1.1,1302.0,Economic
Motorola Edge 50 Ultra 5G ,12 GB RAM | 512 GB ROM17.02 cm (6.7 inch) Display50MP + 50MP + 64MP | 50MP Front Camera4500 mAh Battery8s Gen 3 Mobile Platform Processor1 Year on Handset and 6 Months on Accessories,Android mobile,51999,4.5,175.0,Premium
OnePlus Nord 4 5G ,8 GB RAM | 256 GB ROM17.12 cm (6.74 inch) Display50MP Rear Camera5500 mAh Battery1 Year,Android mobile,30288,3.2,9.0,Mid-range
Google Pixel 8a ,8 GB RAM | 128 GB ROM15.49 cm (6.1 inch) Full HD+ Display64MP + 13MP | 13MP Front Camera4404 mAh BatteryTensor G3 Processor1 Year Domestic Warranty,Android mobile,43999,3.7,138.0,Mid-range
itel A50C ,2 GB RAM | 32 GB ROM16.94 cm (6.67 inch) Display8MP Rear Camera4000 mAh Battery1 year manufacturer warranty,Android mobile,6199,3.8,1.0,Economic
vivo Y28s 5G ,4 GB RAM | 128 GB ROM | Expandable Upto 1 TB16.66 cm (6.56 inch) Display50MP + 0.08MP | 8MP Front Camera5000 mAh BatteryDimensity 6300 Processor1 Year Manufacturer Warranty for Device and 6 Months Manufacturer Warranty for Inbox Accessories,Android mobile,13499,3.3,2.0,Economic
POCO C61 ,6 GB RAM | 128 GB ROM | Expandable Upto 1 TB17.04 cm (6.71 inch) HD+ Display8MP Rear Camera | 5MP Front Camera5000 mAh BatteryHelio G36 Processor1 Year Manufacturer Warranty for Phone and 6 Months Warranty for In the Box Accessories,Android mobile,8499,2.1,323.0,Economic
vivo Y27 ,6 GB RAM | 128 GB ROM16.87 cm (6.64 inch) Full HD+ Display50MP + 2MP | 8MP Front Camera5000 mAh BatteryHelio G85 Processor1 Year Manufacturer Warranty for Phone and 6 Months Warranty for In the Box Accessories,Android mobile,13999,4.2,112.0,Economic
SAMSUNG Galaxy A14 5G ,4 GB RAM | 64 GB ROM | Expandable Upto 1 TB16.76 cm (6.6 inch) Full HD+ Display50MP + 2MP + 2MP | 13MP Front Camera5000 mAh Lithium Ion BatteryExynos 1330 Processor1 Year Manufacturer Warranty for Device and 6 Months Manufacturer Warranty for In-Box Accessories,Android mobile,8999,1.7,611.0,Economic
SAMSUNG Galaxy F55 5G ,12 GB RAM | 256 GB ROM | Expandable Upto 1 TB17.02 cm (6.7 inch) Full HD+ Display50MP + 8MP + 2MP | 50MP Front Camera5000 mAh Battery7 Gen 1 Processor1 Year Manufacturer Warranty for Device and 6 Months for In-Box Accessories,Android mobile,26999,2.2,23.0,Mid-range
SAMSUNG Galaxy M33 5G ,6 GB RAM | 128 GB ROM16.74 cm (6.59 inch) Display50MP Rear Camera6000 mAh Battery12 Months Warranty,Android mobile,19999,3.7,897.0,Economic
REDMI Note 13 Pro+ 5G ,8 GB RAM | 256 GB ROM16.94 cm (6.67 inch) Display200MP (OIS) + 8MP + 2MP | 16MP Front Camera5000 mAh BatteryDimensity 7200 Ultra 5G Processor1 Year Manufacturer Warranty for Phone and 6 Months Warranty for In the Box Accessories,Android mobile,27999,3.8,943.0,Mid-range
vivo T3x 5G ,4 GB RAM | 128 GB ROM | Expandable Upto 1 TB17.07 cm (6.72 inch) Full HD+ Display50MP + 2MP | 8MP Front Camera6000 mAh Battery6 Gen 1 Processor1 Year Manufacturer Warranty for Device and 6 Months Manufacturer Warranty for Inbox Accessories,Android mobile,12999,2.3,977.0,Economic
itel P40 ,"4 GB RAM | 64 GB ROM16.76 cm (6.6 inch) Display13MP Rear Camera6000 mAh BatteryOne Time Screen Replacement Within 100 Days of Purchase, 1 Year Warranty on Mobile Device & 6 Months on Accessories",Android mobile,6999,1.3,53.0,Economic
Infinix HOT 30i ,8 GB RAM | 128 GB ROM | Expandable Upto 1 TB16.76 cm (6.6 inch) HD+ Display50MP + AI Lens | 5MP Front Camera5000 mAh BatteryG37 Processor1 Year on Handset and 6 Months on Accessories,Android mobile,9499,1.2,8371.0,Economic
OPPO A38 ,4 GB RAM | 128 GB ROM | Expandable Upto 1 TB16.66 cm (6.56 inch) HD Display50MP + 2MP | 5MP Front Camera5000 mAh BatteryHelio G70 (MT6769) Processor1 Year Manufacturer Warranty for Phone and 6 Months Warranty for In the Box Accessories,Android mobile,10990,3.7,68.0,Economic
REDMI A2 ,4 GB RAM | 64 GB ROM | Expandable Upto 1 TB16.56 cm (6.52 inch) HD+ Display8MP Rear Camera | 5MP Front Camera5000 mAh BatteryHelio G36 Processor1 Year Manufacturer Warranty for Phone and 6 Months Warranty for In the Box Accessories,Android mobile,7990,3.0,1254.0,Economic
itel A70 ,4 GB RAM | 256 GB ROM16.76 cm (6.6 inch) Display13MP Rear Camera5000 mAh BatteryDomestic Warranty 1 Year For Handset And 6 Month For Accessories.,Android mobile,7281,3.5,10.0,Economic
REDMI 12 5G ,6 GB RAM | 128 GB ROM | Expandable Upto 1 TB17.25 cm (6.79 inch) Full HD+ Display50MP + 2MP | 8MP Front Camera5000 mAh BatterySnapdragon 4 Gen 2 Processor1 Year Manufacturer Warranty for Phone and 6 Months Warranty for In the Box Accessories,Android mobile,12949,4.5,2713.0,Economic
realme 9i 5G ,4 GB RAM | 64 GB ROM | Expandable Upto 1 TB16.76 cm (6.6 inch) Full HD+ Display50MP + 2MP + 2MP | 8MP Front Camera5000 mAh Lithium Ion BatteryMediatek Dimensity 810 5G Processor1 Year Manufacturer Warranty for Phone and 6 Months Warranty for In-Box Accessories,Android mobile,10499,4.2,2724.0,Economic
POCO X3 Pro ,"6 GB RAM | 128 GB ROM | Expandable Upto 1 TB16.94 cm (6.67 inch) Full HD+ Display48MP + 8MP + 2MP + 2MP | 20MP Front Camera5160 mAh Lithium-ion Polymer BatteryQualcomm Snapdragon 860 ProcessorMultiple Hands-free Voice AssistantsOne Year Warranty for Handset, 6 Months for Accessories",Android mobile,23999,2.6,12370.0,Mid-range
IQOO Z9S 5G ,12 GB RAM | 256 GB ROM17.2 cm (6.77 inch) Full HD+ AMOLED Display50MP + 50MP | 2MP Dual Front Camera5500 mAh BatteryMediaTek Dimensity 7300 5G Processor12 Months Brand Warranty on Smartphone,Android mobile,29900,4.9,1.0,Mid-range
REDMI 12C ,4 GB RAM | 64 GB ROM | Expandable Upto 1 TB17.04 cm (6.71 inch) HD+ Display50MP Rear Camera | 5MP Front Camera5000 mAh BatteryHelio G85 Processor1 Year Manufacturer Warranty for Phone and 6 Months Warranty for In the Box Accessories,Android mobile,8299,1.3,1448.0,Economic
POCO C51 ,6 GB RAM | 128 GB ROM | Expandable Upto 1 TB16.56 cm (6.52 inch) HD+ Display8MP Rear Camera | 5MP Front Camera5000 mAh Lithium Polymer BatteryHelio G36 Processor1 Year Manufacturer Warranty for Phone and 6 Months Warranty for In the Box Accessories,Android mobile,8999,2.5,632.0,Economic
REDMI 12 ,4 GB RAM | 128 GB ROM | Expandable Upto 1 TB17.25 cm (6.79 inch) Full HD+ Display50MP + 8MP + 2MP | 8MP Front Camera5000 mAh BatteryHelio G88 Processor1 Year Manufacturer Warranty for Phone and 6 Months Warranty for in the Box Accessories,Android mobile,9499,4.9,5585.0,Economic
CMF by Nothing Phone 1 ,8 GB RAM | 128 GB ROM | Expandable Upto 2 TB16.94 cm (6.67 inch) Full HD+ Display50MP + 2MP | 16MP Front Camera5000 mAh BatteryDimensity 7300 5G Processor1 Year Manufacturing Warranty,Android mobile,16499,2.8,561.0,Economic
SAMSUNG Galaxy A54 5G ,"8 GB RAM | 256 GB ROM | Expandable Upto 1 TB16.26 cm (6.4 inch) Full HD+ Display50MP + 12MP + 5MP | 32MP Front Camera5000 mAh BatteryExynos 1380, Octa Core Processor1 Year Manufacturer Warranty for Device and 6 Months Manufacturer Warranty for In-Box Accessories",Android mobile,37499,4.6,326.0,Mid-range
SAMSUNG Galaxy F42 5G ,6 GB RAM | 128 GB ROM | Expandable Upto 1 TB16.76 cm (6.6 inch) Full HD+ Display64MP + 5MP + 2MP | 8MP Front Camera5000 mAh Lithium-ion BatteryMediaTek Dimensity 700 Processor1 Year Warranty Provided by the Manufacturer from Date of Purchase,Android mobile,14990,2.9,991.0,Economic
vivo T1 Pro 5G ,6 GB RAM | 128 GB ROM16.36 cm (6.44 inch) Full HD+ AMOLED Display64MP + 8MP + 2MP | 16MP Front Camera4700 mAh Lithium BatteryQualcomm Snapdragon 778G 5G Mobile Platform Processor1 Year Handset and 6 Months Accessories,Android mobile,23999,1.3,923.0,Mid-range
realme Narzo N61 ,6 GB RAM | 128 GB ROM17.12 cm (6.74 inch) Display32MP Rear Camera5000 mAh Battery1 Year,Android mobile,8229,4.0,6.0,Economic
Apple iPhone 16 Pro Max ,"512 GB ROM17.53 cm (6.9 inch) Super Retina XDR Display48MP + 48MP + 12MP | 12MP Front CameraA18 Pro Chip, 6 Core Processor Processor1 Year Warranty for Phone and 6 Months Warranty for In-Box Accessories",iPhone,164900,4.5,6.0,Premium
Apple iPhone 16 Pro ,"256 GB ROM16.0 cm (6.3 inch) Super Retina XDR Display48MP + 48MP + 12MP | 12MP Front CameraA18 Pro Chip, 6 Core Processor Processor1 Year Warranty for Phone and 6 Months Warranty for In-Box Accessories",iPhone,129900,1.8,7.0,Premium
Apple iPhone 15 ,"128 GB ROM15.49 cm (6.1 inch) Super Retina XDR Display48MP + 12MP | 12MP Front CameraA16 Bionic Chip, 6 Core Processor Processor1 Year Warranty for Phone and 6 Months Warranty for In-Box Accessories",iPhone,57999,3.8,5245.0,Premium
Apple iPhone 14 Plus ,"128 GB ROM17.02 cm (6.7 inch) Super Retina XDR Display12MP + 12MP | 12MP Front CameraA15 Bionic Chip, 6 Core Processor Processor1 Year Warranty for Phone and 6 Months Warranty for In-Box Accessories",iPhone,60999,2.0,4658.0,Premium
Apple iPhone 13 ,256 GB ROM15.49 cm (6.1 inch) Super Retina XDR Display12MP + 12MP | 12MP Front CameraA15 Bionic Chip ProcessorBrand Warranty for 1 Year,iPhone,59900,1.4,13737.0,Premium
Apple iPhone 11 ,128 GB ROM15.49 cm (6.1 inch) Liquid Retina HD Display12MP + 12MP | 12MP Front CameraA13 Bionic Chip ProcessorBrand Warranty for 1 Year,iPhone,24999,3.1,11431.0,Mid-range
Apple iPhone 13 Pro ,128 GB ROM15.49 cm (6.1 inch) Super Retina XDR Display12MP + 12MP + 12MP | 12MP Front CameraA15 Bionic Chip ProcessorBrand Warranty for 1 Year,iPhone,119900,3.1,127.0,Premium
Apple iPhone 13 Pro Max ,512 GB ROM17.02 cm (6.7 inch) Super Retina XDR Display12MP + 12MP + 12MP | 12MP Front CameraA15 Bionic Chip ProcessorBrand Warranty for 1 Year,iPhone,159900,1.1,195.0,Premium
Apple iPhone 12 Pro Max ,"512 GB ROM17.02 cm (6.7 inch) Super Retina XDR Display12MP + 12MP + 12MP | 12MP Front CameraA14 Bionic Chip with Next Generation Neural Engine ProcessorCeramic Shield | Industry-leading IP68 Water ResistanceAll Screen OLED DisplayLiDAR Scanner for Improved AR Experiences, Night Mode PortraitsBrand Warranty for 1 Year",iPhone,149900,4.4,101.0,Premium
Apple iPhone 11 Pro ,64 GB ROM14.73 cm (5.8 inch) Super Retina XDR Display12MP + 12MP + 12MP | 12MP Front CameraA13 Bionic Chip ProcessorBrand Warranty for 1 Year,iPhone,106600,2.5,623.0,Premium
Apple iPhone XR ,128 GB ROM15.49 cm (6.1 inch) Display12MP Rear Camera | 7MP Front CameraA12 Bionic Chip ProcessoriOS 13 CompatibleBrand Warranty of 1 Year,iPhone,52900,3.4,8489.0,Premium
Apple iPhone 13 Pro ,512 GB ROM15.49 cm (6.1 inch) Super Retina XDR Display12MP + 12MP + 12MP | 12MP Front CameraA15 Bionic Chip ProcessorBrand Warranty for 1 Year,iPhone,149900,1.7,127.0,Premium
Apple iPhone 13 Pro ,1 TB ROM15.49 cm (6.1 inch) Super Retina XDR Display12MP + 12MP + 12MP | 12MP Front CameraA15 Bionic Chip ProcessorBrand Warranty for 1 Year,iPhone,169900,4.9,127.0,Premium
Apple iPhone 6s ,32 GB ROM11.94 cm (4.7 inch) Retina HD Display12MP Rear Camera | 5MP Front CameraApple A9 64-bit processor and M9 Motion Co-processorBrand Warranty of 1 Year,iPhone,29900,2.5,9180.0,Mid-range
Apple iPhone 13 mini ,512 GB ROM13.72 cm (5.4 inch) Super Retina XDR Display12MP + 12MP | 12MP Front CameraA15 Bionic Chip ProcessorBrand Warranty for 1 Year,iPhone,94900,1.6,328.0,Premium
Apple iPhone 6 ,128 GB ROM11.94 cm (4.7 inch) Retina HD Display8MP Rear Camera | 1.2MP Front CameraA8 Chip with 64-bit Architecture and M8 Motion Co-processor1 Year Manufacturer Warranty,iPhone,71500,3.7,16120.0,Premium
Apple iPhone XR ,"128 GB ROM15.49 cm (6.1 inch) Display12MP Rear Camera | 7MP Front CameraA12 Bionic Chip ProcessorWater and Dust Resistant (1 meter for Upto 30 minutes, IP67)Face ID for Secure AuthenticationFast-charge CapableBrand Warranty of 1 Year",iPhone,52900,3.7,8489.0,Premium
Apple iPhone 13 Pro Max ,256 GB ROM17.02 cm (6.7 inch) Super Retina XDR Display12MP + 12MP + 12MP | 12MP Front CameraA15 Bionic Chip ProcessorBrand Warranty for 1 Year,iPhone,139900,3.3,195.0,Premium
Apple iPhone XS Max ,256 GB ROM16.51 cm (6.5 inch) Super Retina HD Display12MP + 12MP | 7MP Front CameraA12 Bionic Chip ProcessoriOS 13 Compatible1 Year Limited Warranty for Products and Accessories,iPhone,124900,3.6,146.0,Premium
Apple iPhone 15 Pro ,"512 GB ROM15.49 cm (6.1 inch) Super Retina XDR Display48MP + 12MP + 12MP | 12MP Front CameraA17 Pro Chip, 6 Core Processor Processor1 Year Warranty for Phone and 6 Months Warranty for In-Box Accessories",iPhone,122999,2.0,109.0,Premium
Apple iPhone 13 Pro ,512 GB ROM15.49 cm (6.1 inch) Super Retina XDR Display12MP + 12MP + 12MP | 12MP Front CameraA15 Bionic Chip ProcessorBrand Warranty for 1 Year,iPhone,149900,4.6,127.0,Premium
Apple iPhone 7 Plus ,256 GB ROM13.97 cm (5.5 inch) Retina HD Display12MP + 12MP | 7MP Front CameraApple A10 Fusion 64-bit processor and Embedded M10 Motion Co-processorBrand Warranty of 1 Year,iPhone,85400,4.9,2978.0,Premium
Apple iPhone XR ,"128 GB ROM15.49 cm (6.1 inch) Display12MP Rear Camera | 7MP Front CameraA12 Bionic Chip ProcessorWater and Dust Resistant (1 meter for Upto 30 minutes, IP67)Face ID for Secure AuthenticationFast-charge CapableBrand Warranty of 1 Year",iPhone,52900,3.4,8489.0,Premium
Apple iPhone XS Max ,512 GB ROM16.51 cm (6.5 inch) Super Retina HD Display12MP + 12MP | 7MP Front CameraA12 Bionic Chip Processor1 Year Limited Warranty for Products and Accessories,iPhone,144900,2.6,146.0,Premium
Apple IPhone 4 ,8 GB ROM8.89 cm (3.5 inch) NA Display5MP Rear Camera | 0.3MP Front Camera1 Year Manufacturer Warranty,iPhone,22900,1.9,183.0,Mid-range
Apple iPhone 14 Pro Max ,"256 GB ROM17.02 cm (6.7 inch) Super Retina XDR Display48MP + 12MP + 12MP | 12MP Front CameraA16 Bionic Chip, 6 Core Processor Processor1 Year Warranty for Phone and 6 Months Warranty for In-Box Accessories",iPhone,144900,4.8,170.0,Premium
Apple iPhone 12 ,"256 GB ROM15.49 cm (6.1 inch) Super Retina XDR Display12MP + 12MP | 12MP Front CameraA14 Bionic Chip with Next Generation Neural Engine ProcessorCeramic ShieldIndustry-leading IP68 Water ResistanceAll Screen OLED Display12MP TrueDepth Front Camera with Night Mode, 4K Dolby Vision HDR RecordingBrand Warranty for 1 Year",iPhone,64900,4.6,13924.0,Premium
Haier 215 L Direct Cool Single Door 5 Star Refrigerator with Base Drawer  with Large Storage Space1 Ho...,Normal CompressorBuilt-in Stabilizer2 Years Warranty on Product and 10 Years Warranty on Compressor,Fridge,18990,4.6,1071.0,Economic
CANDY 190 L Direct Cool Single Door 5 Star Refrigerator with Base Drawer  with Jumbo Fruit and vegetab...,Inverter CompressorBuilt-in Stabilizer1 Year Warranty on Product and 10 Years on Compressor,Fridge,14990,1.2,198.0,Economic
Voltas Beko 183 L Direct Cool Single Door 3 Star Refrigerator,Reciprocating CompressorBuilt-in Stabilizer1 Year Comprehensive Warranty on Product and 10 Years Warranty on Compressor,Fridge,12890,4.2,94.0,Economic
SAMSUNG 223 L Direct Cool Single Door 3 Star Refrigerator with Base Drawer  with Digital Inverter,"Digital Inverter CompressorBuilt-in Stabilizer1 year comprehensive warranty on the product, 20 years on compressor by the brand.",Fridge,19190,4.2,1366.0,Economic
LG 322 L Frost Free Double Door 2 Star Convertible Refrigerator,Smart Inverter CompressorBuilt-in Stabilizer1 Year Warranty on Product and 10 Years Warranty on Compressor from LG,Fridge,33990,1.5,388.0,Mid-range
Voltas Beko by A Tata Product 228 L Frost Free Double Door 3 Star Refrigerator,Pro Smart Inverter CompressorBuilt-in Stabilizer1 Year Comprehensive Warranty on Product and 10 Years Warranty on Compressor,Fridge,22490,4.1,135.0,Mid-range
Lloyd by Havells 310 L Frost Free Double Door 3 Star Refrigerator,Fixed speedBuilt-in Stabilizer1 Year Domestic Warranty on Product and Additional 9 Years on Compressor,Fridge,28990,3.9,4.0,Mid-range
MarQ by Flipkart 183 L Direct Cool Single Door 2 Star Refrigerator,Reciprocating CompressorBuilt-in Stabilizer1 Year Warranty on Product and 10 Years Warranty on Compressor,Fridge,10990,3.0,385.0,Economic
Haier 300 L Frost Free Double Door Bottom Mount 2 Star Refrigerator  with 1 hour Icing,Inverter CompressorBuilt-in Stabilizer1 Year on Product & 10 Years on Compressor,Fridge,30990,4.7,0.0,Mid-range
Voltas Beko by A Tata Product 228 L Frost Free Double Door 2 Star Refrigerator,Pro Smart Inverter CompressorBuilt-in Stabilizer1 Year Comprehensive warranty on product & 10 Years warranty on compressor,Fridge,20490,4.5,135.0,Mid-range
Panasonic 237 L Frost Free Double Door 3 Star Refrigerator,Inverter CompressorBuilt-in Stabilizer1 Year Comprehensive Warranty on Product and 10 Years on Compressor,Fridge,23990,4.1,0.0,Mid-range
Voltas Beko by A Tata Product 228 L Frost Free Double Door 2 Star Refrigerator,Pro Smart Inverter CompressorBuilt-in Stabilizer1 Year Comprehensive warranty on product & 10 Years warranty on compressor,Fridge,20990,3.7,135.0,Mid-range
IFB 265 L Frost Free Double Door 2 Star Refrigerator  with 7 in 1 Multi Mode with Advanced Inverter Co...,Inverter CompressorBuilt-in Stabilizer1 Year Warranty on Product and 10 Years Warranty on Compressor,Fridge,25990,3.3,7.0,Mid-range
"Lloyd 188 L Direct Cool Single Door 5 Star Refrigerator with Base Drawer  with Fast Ice Making, Quick ...",Inverter CompressorBuilt-in Stabilizer1 Year Warranty on Product and 10 Years Warranty on Compressor,Fridge,16990,1.5,24.0,Economic
"IFB 187 L Direct Cool Single Door 2 Star Refrigerator  with Powered by E-Tech,with Extraordinary Stora...",Reciprocating CompressorBuilt-in Stabilizer1 Year Warranty on Product and 10 Years Warranty on Compressor,Fridge,13590,3.6,29.0,Economic
Whirlpool 192 L Direct Cool Single Door 3 Star Refrigerator,Non Inverter CompressorBuilt-in Stabilizer1 Year on Product and 10 Years on Compressor from Whirlpool,Fridge,14890,2.5,836.0,Economic
Whirlpool 192 L Direct Cool Single Door 3 Star Refrigerator,Digital CompressorBuilt-in Stabilizer1 Year Warranty on Product and 10 Years Warranty on Compressor from Whirlpool,Fridge,13800,4.2,26.0,Economic
Lloyd by Havells 200 L Direct Cool Single Door 2 Star Refrigerator,Fixed speedBuilt-in Stabilizer1 Year Warranty on Product and Additional 9 Years Warranty on Compressor,Fridge,14890,2.6,488.0,Economic
Godrej 238 L Frost Free Double Door 2 Star Refrigerator  with Advanced Inverter and 95%+ Food Surface ...,Inverter CompressorBuilt-in Stabilizer1 Year Comprehensive Warranty on Product and 10 Years Warranty on Compressor,Fridge,21990,3.4,336.0,Mid-range
realme TechLife 180 L Direct Cool Single Door 3 Star Refrigerator,Reciprocating CompressorBuilt-in Stabilizer1 Year Warranty on Product and 10 Years Warranty on Compressor,Fridge,22990,4.7,214.0,Mid-range
Whirlpool 192 L Direct Cool Single Door 3 Star Refrigerator  with Auto Defrost,Inverter CompressorBuilt-in Stabilizer1 Year Comprehensive Warranty and 9 Years Warranty on Compressor,Fridge,16590,3.8,127.0,Economic
Godrej 564 L Frost Free Side by Side Refrigerator  with Multi Air Flow Technology And Customised Tempe...,Fixed Speed1 Year Warranty on Product and 10 Years on Compressor from Godrej,Fridge,56990,4.4,63.0,Premium
"LG 650 L Frost Free Side by Side Convertible Refrigerator  with Smart Inverter Compressor, Convertible...",Smart Inverter Compressor1 Year Warranty on Product and 10 Years Warranty on Compressor From LG,Fridge,74990,3.8,35.0,Premium
Whirlpool 467 L Frost Free Double Door 2 Star Convertible Refrigerator,Inverter CompressorBuilt-in Stabilizer1 Year Warranty on Product and 9 Years Warranty on Compressor,Fridge,44790,1.8,54.0,Mid-range
Whirlpool 500 L Frost Free Double Door 3 Star Convertible Refrigerator,Intellisense InverterBuilt-in Stabilizer1 Year Comprehensive on Product and 10 Years on Compressor From Whirlpool,Fridge,61840,3.2,1395.0,Premium
Whirlpool 192 L Direct Cool Single Door 3 Star Refrigerator,Normal CompressorBuilt-in Stabilizer1 Year on Product and 10 Years on Compressor from Whirlpool,Fridge,14820,3.8,9.0,Economic
Haier 190 L Direct Cool Single Door 5 Star Refrigerator with Base Drawer,ReciprocateBuilt-in Stabilizer1 Year Warranty on Product and 10 Years Warranty on Compressor,Fridge,18599,3.1,0.0,Economic
Haier 240 L Frost Free Double Door Top Mount 2 Star Convertible Refrigerator,InverterBuilt-in Stabilizer1 Year Warranty on Product and 10 Years Warranty on Compressor,Fridge,24124,4.9,0.0,Mid-range
SAMSUNG 189 L Direct Cool Single Door 5 Star Refrigerator with Base Drawer  with Digital Inverter,"Digital Inverter CompressorBuilt-in Stabilizer1 year comprehensive warranty on product, 20 years on compressor, For all Refrigerators with Digital Inverter Compressors, sold on or after 1st Dec 2022 (All Refrigerator apart from Non-Digital Inverter Technology Direct Cool Models) the Warranty period on the Digital Inverter Compressor shall be revised from 10 years to 20 years.",Fridge,17990,2.8,2884.0,Economic
SAMSUNG 215 L Direct Cool Single Door 5 Star Refrigerator with Base Drawer,Digital Inverter CompressorBuilt-in Stabilizer1 Year Comprehensive Warranty on Product and 10 Years Warranty on Compressor,Fridge,21616,5.0,1.0,Mid-range
Whirlpool 240 L Frost Free Multi-Door Refrigerator,Reciprocating CompressorBuilt-in Stabilizer1 Year Comprehensive Warranty on Product and 9 Years Warranty on Compressor,Fridge,25990,4.4,4083.0,Mid-range
SAMSUNG 215 L Direct Cool Single Door 5 Star Refrigerator,Digital Inverter CompressorBuilt-in Stabilizer1 Year Comprehensive Warranty on Product and 10 Years Warranty on Compressor,Fridge,22800,2.8,1.0,Mid-range
LG 272 L Frost Free Double Door 2 Star Convertible Refrigerator,Smart Inverter CompressorBuilt-in Stabilizer1 Year on Product and 10 Years on Compressor From LG,Fridge,26321,1.2,1.0,Mid-range
MarQ by Flipkart 167 L Direct Cool Single Door 2 Star Refrigerator,Reciprocating CompressorBuilt-in Stabilizer1 Year Warranty on Product and 10 Years Warranty on Compressor,Fridge,10490,3.0,385.0,Economic
Haier 325 L Frost Free Double Door 3 Star Convertible Refrigerator  with 3-Star 14 In 1 Convertible Mo...,Inverter CompressorBuilt-in Stabilizer1 Year Warranty on Product and 10 Years Warranty on Compressor,Fridge,34490,3.4,126.0,Mid-range
Godrej 180 L Direct Cool Single Door 2 Star Refrigerator,Fixed Speed Compressor1 Year full warranty on fridge and 10 Years on compressor,Fridge,14579,2.3,0.0,Economic
Whirlpool 184 L Direct Cool Single Door 3 Star Refrigerator,RotaryBuilt-in Stabilizer1 Year on Unit and 10 Years on Compressor From Whirlpool,Fridge,14590,5.0,19.0,Economic
Whirlpool 192 L Direct Cool Single Door 5 Star Refrigerator with Base Drawer,"InverterBuilt-in Stabilizer1 Year on product, 10 years on compressor",Fridge,18350,2.1,1.0,Economic
SAMSUNG 189 L Direct Cool Single Door 5 Star Refrigerator  with Digi-Touch Cool Digital Inverter with ...,"Digital Inverter CompressorBuilt-in Stabilizer1 year comprehensive warranty on product, 20 years on compressor, For all Refrigerators with Digital Inverter Compressors, sold on or after 1st Dec 2022 (All Refrigerator apart from Non-Digital Inverter Technology Direct Cool Models) the Warranty period on the Digital Inverter Compressor shall be revised from 10 years to 20 years.",Fridge,17890,4.2,147.0,Economic
Lloyd by Havells 93 L Direct Cool Single Door 1 Star Refrigerator,"Rottery Compressor1 year on product, 5 year on compressor",Fridge,11162,2.8,6.0,Economic
Haier 596 L Frost Free Side by Side Convertible Refrigerator  with Water Dispenser100% Convertible Fri...,Inverter CompressorBuilt-in Stabilizer1 Year Warranty on Product and 10 Years Warranty on Compressor,Fridge,69990,2.2,162.0,Premium
Lloyd by Havells 200 L Direct Cool Single Door 4 Star Refrigerator with Base Drawer,Inverter CompressorBuilt-in Stabilizer1 Year on Product and 9 Years Additional on Compressor from Lloyd,Fridge,26390,2.1,0.0,Mid-range
Haier 240 L Frost Free Double Door Top Mount 2 Star Convertible Refrigerator,NormalBuilt-in Stabilizer2 Year Warranty on Product and 10 Years Warranty on Compressor,Fridge,25990,3.5,0.0,Mid-range
Whirlpool 184 L Direct Cool Single Door 4 Star Refrigerator  with Intellisense Inverter Compressor,Normal Compressor1 Year Comprehensive Warranty on Product and 9 Years Additional Warranty on Compressor,Fridge,15440,1.5,1051.0,Economic
BOSCH 364 L Frost Free Triple Door Refrigerator,VarioInverter1 Year on Product,Fridge,48900,1.7,0.0,Mid-range
Whirlpool 192 L Direct Cool Single Door 3 Star Refrigerator with Base Drawer  with Auto Defrost,"ReciprocatingBuilt-in Stabilizer1 Year on product, 10 years on compressor",Fridge,16590,4.2,0.0,Economic
Godrej 221 L Direct Cool Single Door 3 Star Refrigerator,Intelligent Inverter CompressorBuilt-in Stabilizer1 Year Comprehensive Warranty on Prodcut and 10 Years Warranty on Compressor,Fridge,17790,1.5,15.0,Economic
SAMSUNG 183 L Direct Cool Single Door 3 Star Refrigerator,Digital Inverter CompressorBuilt-in Stabilizer1 Year Comprehensive Warranty on Product and 20 Years Warranty on Compressor,Fridge,16900,4.2,0.0,Economic
Whirlpool 312 L Frost Free Double Door 3 Star Convertible Refrigerator,Inverter CompressorBuilt-in Stabilizer1 Year Warranty on Product and 9 Years Warranty on Compressor,Fridge,63999,2.7,4.0,Premium
Whirlpool 184 L Direct Cool Single Door 4 Star Refrigerator,Inverter CompressorBuilt-in Stabilizer1 Year on Product and 10 Years on Compressor From Whirlpool,Fridge,16390,4.5,1413.0,Economic
Whirlpool 190 L Direct Cool Single Door 3 Star Refrigerator,Reciprocatory CompressorBuilt-in Stabilizer1 year Warranty on Product and 5 Years Warranty on Compressor from Whirlpool,Fridge,13150,4.4,155.0,Economic
Whirlpool 440 L Frost Free Double Door 3 Star Convertible Refrigerator,Inverter CompressorBuilt-in Stabilizer1 Year Comprehensive on Product and 10 Years on Compressor From Whirlpool,Fridge,52590,4.5,12.0,Premium
Panasonic 237 L Frost Free Double Door 3 Star Refrigerator,Inverter CompressorBuilt-in Stabilizer1 Year Comprehensive Warranty on Product and 10 Years on Compressor,Fridge,28190,4.5,0.0,Mid-range
Haier 328 L Frost Free Double Door Top Mount 3 Star Convertible Refrigerator  with Glass DoorConvertib...,InverterBuilt-in Stabilizer1 Year Warranty on Product and 10 Years Warranty on Compressor,Fridge,41990,1.8,0.0,Mid-range
BOSCH 508 L Frost Free Double Door 2 Star Refrigerator,"Inverter CompressorBuilt-in Stabilizer1 Year Comprehensive Warranty on Product, 10 Years Warranty on Compressor",Fridge,80811,1.9,0.0,Premium
LG 674 L Frost Free Side by Side Refrigerator  with Inverter Linear Compressor Technolog ThinQ (Wi-fi)...,Inverter Linear Compressor1 Year Warranty on Product and 10 Years Warranty on Compressor (T&C),Fridge,173990,4.5,2.0,Premium
Haier 325 L Frost Free Double Door Bottom Mount 3 Star Refrigerator,InverterBuilt-in Stabilizer1 Year Warranty on Product and 10 Years Warranty on Compressor,Fridge,37999,1.4,1.0,Mid-range
LG 380 L Frost Free Double Door 3 Star Convertible Refrigerator,Smart Inverter CompressorBuilt-in Stabilizer1 Year Warranty on Product and 10 Years Warranty on Compressor from LG,Fridge,49990,2.0,0.0,Mid-range
CANDY 602 L Frost Free Side by Side Refrigerator  with 100 % Convertible refrigerator with Deo Fresh T...,Inverter Compressor1 Year Warranty on Product and 10 Years on Compressor,Fridge,47990,2.6,67.0,Mid-range
Whirlpool 192 L Direct Cool Single Door 4 Star Refrigerator with Base Drawer,"InverterBuilt-in Stabilizer1 Year on product, 10 years on compressor",Fridge,19370,2.7,0.0,Economic
Lloyd 200 L Direct Cool Single Door 4 Star Refrigerator with Base Drawer,Inverter CompressorBuilt-in Stabilizer1 Year on Product and 9 Years Additional on Compressor from Lloyd,Fridge,16590,3.3,54.0,Economic
Haier 192 L Direct Cool Single Door 3 Star Refrigerator,Normal CompressorBuilt-in Stabilizer1 Year Warranty on Product and 10 Years on Compressor from Haier,Fridge,19923,1.3,1.0,Economic
Godrej 185 L Direct Cool Single Door 3 Star Refrigerator with Base Drawer,Inverter CompressorBuilt-in Stabilizer1 Year Comprehensive Warranty on Product and 10 Years Warranty on Compressor,Fridge,16895,4.2,0.0,Economic
Whirlpool 192 L Direct Cool Single Door 3 Star Refrigerator with Base Drawer,InverterBuilt-in Stabilizer1 Years Manufacturer Warranty,Fridge,16399,2.2,1.0,Economic
BOSCH 290 L Frost Free Double Door 4 Star Convertible Refrigerator,Vario Inverter CompressorBuilt-in Stabilizer1 Year on Product and 10 Years on Compressor from the Date of Purchase,Fridge,42990,2.7,2.0,Mid-range
Crompton 25 L Storage Water Geyser ,"Storage Geyser25 LTank: 5 years, Heating Element: 2 years, Product: 2 years",geyser,6199,4.3,1555.0,Economic
AO Smith 3 L Instant Water Geyser ,"Instant Geyser3 LTank-5 Years,Heating Element-3 Years,Product-2 Years",geyser,2899,5.0,542.0,Economic
RR 15 L Storage Water Geyser ,"Storage Geyser15 L2 Year on Product, 3 Year on Heating Element, 6 Year on Tank",geyser,6199,3.4,2.0,Economic
Kanishka 15 L Storage Water Geyser ,Storage Geyser15 L1 Year Manufacture Warranty on Components and 5 Years Warranty on Inner Container.,geyser,3499,2.6,73.0,Economic
HARMAN INDUSTRIES 1 L Instant Water Geyser ,Instant Geyser1 LWarranty : 1 Year Limited Brand Domestic Warranty on Manufacturing Defects,geyser,1035,2.1,313.0,Economic
Longway 35 L Storage Water Geyser ,Storage Geyser35 L1 Year Limited Domestic Brand Warranty on Product & 5 Years on Inner Tank/Container.,geyser,4199,1.3,5453.0,Economic
Jaquar 15 L Storage Water Geyser ,"Storage Geyser15 L7 Years on Tank,4 Years on Heating Element and 2 Years on Other Parts",geyser,14999,2.9,0.0,Economic
Crompton 3 L Instant Water Geyser ,"Instant Geyser3 LTank: 5 years, Heating Element: 2 years, Product: 2 years",geyser,2399,4.5,2487.0,Economic
Kenstar 25 L Storage Water Geyser ,Storage Geyser25 L2 Year warranty on Product and 5 years warranty on Tank,geyser,6199,4.9,184.0,Economic
Flipkart SmartBuy 3 L Instant Water Geyser ,Instant Geyser3 LOnsite,geyser,2000,1.6,39.0,Economic
Haier 25 L Storage Water Geyser Bacteria Proof System ,Storage Geyser25 L4 Years on Product Components and 7 Years on Tank,geyser,10199,1.7,34.0,Economic
Crompton 3 L Instant Water Geyser ,Instant Geyser3 LNA,geyser,2549,1.8,98.0,Economic
HAVELLS 25 L Storage Water Geyser ,"Storage Geyser25 L7 Years Warranty on Inner Container, 4 Years Warranty on Heating Element, 2 Years Comprehensive Warranty",geyser,12850,3.3,5.0,Economic
CG 3 L Instant Water Geyser ,"Instant Geyser3 L5 Year Inner Warranty, 2 Year Product Warranty",geyser,2199,4.3,39.0,Economic
Crompton 10 L Storage Water Geyser ,"Storage Geyser10 LTank: 5 years, Heating Element: 2 years, Product: 2 years",geyser,5549,2.9,0.0,Economic
CG 15 L Storage Water Geyser ,Storage Geyser15 L5 Year Inner Tank Warranty 2 Year Product Warranty,geyser,5499,3.7,38.0,Economic
Venus 3 L Instant Water Geyser ,Instant Geyser3 L10 years- tank & 2 Years-Product & Heating Element,geyser,4937,3.5,17.0,Economic
BAJAJ 25 L Storage Water Geyser Suitable for large wall spaces ,"Storage Geyser25 LTank-5 Years,Heating Element-2 Years,Product-1 Years",geyser,6699,2.1,3308.0,Economic
Racold 10 L Storage Water Geyser with Flexi Pipe and Free Installation ,"Storage Geyser10 L2 Years on Product, 2 Years on Heating Element and 3 Years on Tank",geyser,5999,4.5,71.0,Economic
Polycab 25 L Storage Water Geyser ,Storage Geyser25 L2 years product warranty and 5 years tank warranty,geyser,6199,1.6,3.0,Economic
Yalli sun 1.5 L Instant Water Geyser ,Instant Geyser1.5 L2 year  warranty,geyser,1790,3.5,117.0,Economic
ACTIVA 1 L Instant Water Geyser ,Instant Geyser1 L1 YEAR WARRANTY ON COMPONENTS AND 5 YEAR WARRANTY ON GEYSER INNER TANK,geyser,1499,3.5,63.0,Economic
Crompton 15 L Storage Water Geyser ,"Storage Geyser15 LTank: 7 years, Heating Element: 2 years, Product: 2 years",geyser,6499,4.5,4.0,Economic
Flipkart SmartBuy 10 L Storage Water Geyser BEE 4 Star Rated with Free Installation pipes and Kit ,"Storage Geyser10 L5 Years Warranty on Tank, 2 Years Comprehensive Warranty on Product",geyser,2899,4.3,56.0,Economic
HAVELLS 3 L Instant Water Geyser ,"Instant Geyser3 L5 Years Warranty on Inner Container, 2 Years Warranty on Heating Element, 2 Years Comprehensive Warranty",geyser,3638,1.6,7.0,Economic
HAVELLS 1 L Instant Water Geyser ,"Instant Geyser1 L5 year warranty on Inner Container, 2 year comprehensive Warranty",geyser,3399,2.0,882.0,Economic
HAVELLS 3 L Instant Water Geyser ,"Instant Geyser3 L5 Years Warranty on Inner Container, 2 Years Warranty on Heating Element, 2 Years Comprehensive Warranty",geyser,3638,4.0,421.0,Economic
HAVELLS 15 L Storage Water Geyser ,Storage Geyser15 LTANK WARRANTY 7 YEARS & BODY & ELECTRICAL COMPONENTS WARRANTY 2 YEARS,geyser,8990,3.1,0.0,Economic
Racold 10 L Storage Water Geyser ,Storage Geyser10 L5 YEARS INNER TANK  || 2 YEARS ELEMENT || 2 YEARS PRODUCT,geyser,8090,1.2,0.0,Economic
BAJAJ 10 L Storage Water Geyser ,"Storage Geyser10 L10 years warranty on tank, 6 years warranty on element and 4 years warranty on product",geyser,6399,2.7,0.0,Economic
Maxotech 3 L Instant Water Geyser ,"Instant Geyser3 L5 Year Warranty On Inner Tank, 1 Year On Components",geyser,1849,4.6,117.0,Economic
BAJAJ 6 L Gas Water Geyser ,Gas Geyser6 L2 Year Manufacturer Warranty,geyser,5290,2.2,354.0,Economic
Racold 15 L Storage Water Geyser ,Storage Geyser15 LInner Tank: 5 years Product: 2 years Heating Element: 2 years,geyser,8980,1.6,0.0,Economic
Athots 3 L Instant Water Geyser ,"Instant Geyser3 L5 Year Warranty On Inner Tank, 1 Year On Components",geyser,1849,3.9,158.0,Economic
Racold 25 L Storage Water Geyser ,"Storage Geyser25 L5 YEARS INNER TANK ,2 YEARS HEATING ELEMENT,2 YEARS  PRODUCT",geyser,9890,4.3,32.0,Economic
jade-x 1 L Instant Water Geyser ,Instant Geyser1 LCall 9925594079,geyser,1097,1.3,45.0,Economic
V-Guard 25 L Storage Water Geyser ,"Storage Geyser25 L2 Year on Product, 3 Year on Heating Element, 7 Year on Inner Tank",geyser,8699,3.4,167.0,Economic
BAJAJ 10 L Storage Water Geyser ,Storage Geyser10 L2 Year Manufacturer Warranty,geyser,7500,4.7,120.0,Economic
V-Guard 10 L Storage Water Geyser ,Storage Geyser10 L,geyser,9210,4.6,46.0,Economic
Candes 25 L Storage Water Geyser ,"Storage Geyser25 L1 Year Warranty on Components & 4 Years Warranty on Inner Container  including On-Site & Off-Site, Domestic & International Warranty",geyser,3949,4.8,2646.0,Economic
Morphy Richards 25 L Storage Water Geyser ,Storage Geyser25 L7 Years Warranty on inner tank,geyser,8600,3.5,20.0,Economic
HAVELLS 15 L Storage Water Geyser with Flexi Pipe and Free Installation ,"Storage Geyser15 L7 Years Warranty on Inner Container, 4 Years Warranty on Heating Element, 2 Years Comprehensive Warranty",geyser,8499,3.1,14.0,Economic
STANDARD 10 L Storage Water Geyser ,"Storage Geyser10 L2 Years on the Product, 7 Years on Inner Tank, 4 Years on Heating Element",geyser,6369,3.6,0.0,Economic
Ruchi World 1 L Instant Water Geyser ,Instant Geyser1 L1 month WARRANTY,geyser,823,1.5,1.0,Economic
Capital 1 L Instant Water Geyser ,Instant Geyser1 Lna,geyser,1099,4.2,605.0,Economic
T.S. Electricals 1 L Instant Water Geyser ,Instant Geyser1 L6 Month Manufacturer Warranty,geyser,1099,1.4,1.0,Economic
Crompton 15 L Storage Water Geyser ,Storage Geyser15 L2+5 year,geyser,6249,1.8,0.0,Economic
STANDARD 15 L Storage Water Geyser ,Storage Geyser15 L4 years on heating element and 7 years on tank,geyser,7899,4.9,0.0,Economic
DIGISMART 25 L Storage Water Geyser ,Storage Geyser25 L1 YEAR MANUFACTURER WARRANTY,geyser,3799,2.0,65.0,Economic
0,"Storage Geyser25 L7 Years Warranty on Tank, 3 Years Warranty on Heating Element, 2 Years Product Comprehensive Warranty",geyser,14191,2.2,0.0,Economic
Crompton 10 L Storage Water Geyser ,Storage Geyser10 L2 Years Warranty,geyser,6795,3.0,7.0,Economic
Rishikaenterprises 1 L Instant Water Geyser ,Instant Geyser1 L0,geyser,1908,1.8,1.0,Economic
Haier 25 L Storage Water Geyser ,Storage Geyser25 L4 year on Product components & 7 Year on Tank,geyser,10214,4.7,0.0,Economic
Orient Electric 15 L Storage Water Geyser ,"Storage Geyser15 L7 Years on Tank, 4 Years on Heating Element and 2 Years on Product",geyser,8343,1.6,4.0,Economic
Venus 25 L Storage Water Geyser ,Storage Geyser25 Lmanufactuer warranty,geyser,10500,1.5,2.0,Economic
BAJAJ 25 L Storage Water Geyser ,Storage Geyser25 L2 Year Warranty on Product 3 Year Warranty on Heating Element & 7 Year Warranty on Inner Tank,geyser,12099,4.3,6.0,Economic
Orient Electric 10 L Storage Water Geyser ,"Storage Geyser10 L5 Years Warranty on Tank, 2 Years Warranty on Heating Element & 2 Years Warranty on Product",geyser,5200,2.5,1502.0,Economic
V-Guard 10 L Storage Water Geyser ,"Storage Geyser10 L2 year product warranty, 3 years for heating element and 7 years warranty for inner tank. Please contact V-Guard Customer Care 1800 103 1300(Toll-free) for service-related issues",geyser,6690,4.6,1.0,Economic
Polar 10 L Storage Water Geyser ,Storage Geyser10 Lna,geyser,4769,1.2,0.0,Economic
"HAVELLS 5 L Instant Water Geyser Color Changing LED Indicator, Rust and shock proof, ISI Certified ","Instant Geyser5 L2 Years Comprehensive Warranty on Product, 5 Years Warranty on Inner Container and 2 Years Warranty on Heating Element",geyser,4399,1.6,728.0,Economic
Acer Aspire Lite AMD Ryzen 3 Quad Core 5300U ,AMD Ryzen 3 Quad Core Processor8 GB DDR4 RAMWindows 11 Operating System512 GB SSD39.62 cm (15.6 Inch) Display1 Year Carry-in Warranty,laptops,29990,2.2,7.0,Mid-range
HP 15s AMD Ryzen 3 Quad Core 5300U ,"AMD Ryzen 3 Quad Core Processor8 GB DDR4 RAM64 bit Windows 11 Operating System512 GB SSD39.62 cm (15.6 inch) DisplayMicrosoft Office 2019 & Office 365, HP Documentation, HP BIOS recovery, HP Smart1 Year Onsite Warranty",laptops,48286,3.5,423.0,Mid-range
MSI Modern 14 Intel Core i5 12th Gen 1235U ,Intel Core i5 Processor (12th Gen)8 GB DDR4 RAMWindows 11 Operating System512 GB SSD35.56 cm (14 Inch) Display1 Year Onsite Warranty,laptops,34990,4.7,136.0,Mid-range
ASUS AMD Ryzen 5 Quad Core ,AMD Ryzen 5 Quad Core Processor8 GB LPDDR5 RAMWindows 11 Operating System512 GB SSD35.56 cm (14 inch) Display1 Year International Warranty,laptops,36990,2.2,4.0,Mid-range
MSI Modern 14 Intel Core i5 13th Gen 1335U ,Intel Core i5 Processor (13th Gen)16 GB DDR4 RAMWindows 11 Operating System512 GB SSD35.56 cm (14 Inch) Display1 Year Carry-in Warranty,laptops,43990,2.3,20.0,Mid-range
ASUS Vivobook Go 15 AMD Ryzen 3 Quad Core 7320U ,AMD Ryzen 3 Quad Core Processor8 GB LPDDR5 RAMWindows 11 Operating System512 GB SSD39.62 cm (15.6 Inch) Display1 Year Onsite Warranty,laptops,30990,3.8,483.0,Mid-range
MSI Modern 15 AMD Ryzen 5 Hexa Core 7530U ,AMD Ryzen 5 Hexa Core Processor8 GB DDR4 RAMWindows 11 Operating System512 GB SSD39.62 cm (15.6 Inch) Display1 Year Carry-in Warranty,laptops,34990,3.8,287.0,Mid-range
HP 14 Intel Core i5 10th Gen 10210U ,"Intel Core i5 Processor (10th Gen)8 GB DDR4 RAM64 bit Windows 10 Operating System512 GB SSD35.56 cm (14 inch) DisplayHP Documentation, HP SSRM, HP Smart, HP Support Assistant, Microsoft Office Home and Student 20191 Year Onsite Warranty",laptops,39999,1.9,255.0,Mid-range
MSI Modern 14 AMD Ryzen 5 Hexa Core 7530U ,AMD Ryzen 5 Hexa Core Processor8 GB DDR4 RAMWindows 11 Operating System512 GB SSD35.56 cm (14 Inch) Display1 Year Onsite Warranty,laptops,33990,2.2,287.0,Mid-range
"DELL Inspiron 15 3520 with Backlit Keyboard, Intel Core i5 12th Gen Core i5 ","Intel Core i5 Processor (12th Gen)16 GB DDR4 RAM64 bit Windows 11 Operating System512 GB SSD39.62 cm (15.6 inch) DisplayOffice Home & Student 2021, Microsoft Windows, 15 Months Macafee Antivirus1 Year Onsite Warranty",laptops,50490,2.1,26.0,Mid-range
Acer One 14 AMD Ryzen 3 Dual Core 3250U ,AMD Ryzen 3 Dual Core Processor8 GB DDR4 RAMWindows 11 Operating System512 GB SSD35.56 cm (14 inch) Display1 Year Onsite Warranty,laptops,23999,4.2,59.0,Mid-range
DELL Inspiron 3520 Intel Core i3 12th Gen 1215U ,Intel Core i3 Processor (12th Gen)8 GB DDR4 RAM64 bit Windows 11 Operating System512 GB SSD39.62 cm (15.6 Inch) Display1 Year Onsite Hardware Service,laptops,35990,1.6,223.0,Mid-range
HP AMD Ryzen 7 Octa Core 5700U ,AMD Ryzen 7 Octa Core Processor16 GB DDR4 RAMWindows 11 Operating System512 GB SSD39.62 cm (15.6 inch) Display1 Year warranty,laptops,48990,4.6,1.0,Mid-range
HP 15s AMD Ryzen 3 Quad Core 7320U ,AMD Ryzen 3 Quad Core Processor8 GB LPDDR5 RAM64 bit Windows 11 Operating System512 GB SSD39.62 cm (15.6 Inch) Display1 Year Onsite Warranty,laptops,34199,2.4,29.0,Mid-range
GIGABYTE G Series Intel Core i5 12th Gen 12500H ,Intel Core i5 Processor (12th Gen)16 GB DDR4 RAMWindows 11 Operating System512 GB SSD39.62 cm (15.6 Inch) Display2 Year Carry-in Warranty,laptops,59990,2.6,6.0,Premium
HP AMD Ryzen 5 Quad Core ,AMD Ryzen 5 Quad Core Processor8 GB DDR4 RAMDOS Operating System512 GB SSD35.56 cm (14 inch) Display1 Year,laptops,29990,4.8,0.0,Mid-range
Colorful P15 Intel Core i5 12th Gen 12450H ,Intel Core i5 Processor (12th Gen)16 GB DDR5 RAMWindows 11 Operating System512 GB SSD39.62 cm (15.6 Inch) Display2 Year Carry-in Warranty,laptops,57990,3.8,16.0,Premium
Lenovo IdeaPad 1 Intel Celeron Dual Core N4020 ,Intel Celeron Dual Core Processor8 GB DDR4 RAMWindows 11 Operating System512 GB SSD35.56 cm (14 Inch) Display1Yr Warranty and 1 Yr Accidental Damage Protection,laptops,23990,2.4,3.0,Mid-range
Lenovo IdeaPad 3 Intel Core i3 12th Gen 1215U ,Intel Core i3 Processor (12th Gen)16 GB DDR4 RAMWindows 11 Operating System512 GB SSD35.56 cm (14 Inch) Display1 Year Carry-in Warranty,laptops,38490,4.7,0.0,Mid-range
HP Victus Intel Core i7 13th Gen 13620H ,Intel Core i7 Processor (13th Gen)16 GB DDR4 RAMWindows 11 Home Operating System1 TB SSD39.62 cm (15.6 inch) DisplayWindows 11 Microsoft Office Home & Student Edition 20211 Year Carry-in Warranty,laptops,104990,4.7,0.0,Premium
HP Envy x360 Creator Evo Intel Core i5 12th Gen 1230U ,Intel Core i5 Processor (12th Gen)8 GB LPDDR4X RAMWindows 11 Operating System512 GB SSD33.78 cm (13.3 Inch) Touchscreen Display1 Year Onsite Warranty,laptops,79990,4.7,17.0,Premium
Acer Chromebook Intel Celeron Dual Core N4500 ,Intel Celeron Dual Core Processor8 GB LPDDR4X RAMChrome Operating System35.56 cm (14 inch) Display1 Year Onsite Warranty,laptops,14990,1.2,61.0,Economic
HP VICTUS 15 Intel Core i5 12th Gen 12450H ,Intel Core i5 Processor (12th Gen)16 GB DDR4 RAMWindows 11 Operating System512 GB SSD39.62 cm (15.6 inch) Display1 Year Warranty,laptops,67990,3.7,25.0,Premium
Lenovo IdeaPad Slim 5 Qualcomm Snapdragon X Plus ,Qualcomm Snapdragon X Plus Processor16 GB LPDDR5X RAMWindows 11 Operating System1 TB SSD35.56 cm (14 Inch) Display1 Year Carry-in Warranty,laptops,88890,1.4,0.0,Premium
HP FC0026AU AMD Ryzen 3 Quad Core 7320U ,AMD Ryzen 3 Quad Core Processor8 GB DDR4 RAM64 bit Windows 11 Operating System512 GB SSD39.62 cm (15.6 Inch) Display1 Year Onsite Warranty,laptops,33990,1.4,16.0,Mid-range
Acer One14 Backlit Intel Core i5 11th Gen 1155G7 ,Intel Core i5 Processor (11th Gen)8 GB DDR4 RAMWindows 11 Operating System512 GB SSD35.56 cm (14 Inch) Display1 Year Onsite Warranty,laptops,42990,2.1,5.0,Mid-range
DELL Latitude 14 Intel Core i5 11th Gen ,Intel Core i5 Processor (11th Gen)16 GB DDR4 RAMLinux/Ubuntu Operating System512 GB SSD35.56 cm (14 inch) Display3 year domestic,laptops,54990,4.4,5.0,Premium
Apple MacBook Air Apple M3 ,"Apple M3 Processor16 GB Unified Memory RAMMac OS Operating System512 GB SSD33.02 cm (13 Inch) DisplayBuilt-in Apps: App Store, Books, Calendar, Contacts, FaceTime, Find My, Freeform, GarageBand, Home, iMovie, Keynote, Mail, Maps, Messages, Music, Notes, Numbers, Pages, Photo Booth, Photos, Podcasts, Preview, QuickTime Player, Reminders, Safari, Shortcuts, Siri, Stocks, Time Machine, TV, Voice Memos1 Year Onsite Warranty",laptops,145490,3.5,24.0,Premium
Acer One 14 AMD Ryzen 3 Dual Core 3250U ,AMD Ryzen 3 Dual Core Processor8 GB DDR4 RAM64 bit Windows 11 Operating System256 GB SSD35.56 cm (14 inch) Display1 Year International Travelers Warranty (ITW),laptops,23990,2.0,59.0,Mid-range
HP 255 G9 Silver AMD Ryzen 5 Hexa Core AMD Ryzen5,AMD Ryzen 5 Hexa Core Processor8 GB DDR4 RAM32 bit Windows 11 Operating System512 GB SSD39.62 cm (15.6 inch) DisplayWindows1 Year Onsite Warranty,laptops,32900,2.1,2.0,Mid-range
DELL Inspiron 15 AMD Ryzen 5 Quad Core 5500u ,"AMD Ryzen 5 Quad Core Processor8 GB DDR4 RAM64 bit Windows 11 Operating System512 GB SSD39.62 cm (15.6 inch) DisplayMicrosoft Office Home and Student 2021, Windows 11 Home, Single Langua ge English, McAfee(R) Multi Device Securit y 15 month subscription1 Year Onsite Warranty",laptops,41855,3.2,7.0,Mid-range
Lenovo V SERIES Intel Core i5 12th Gen 1235U ,Intel Core i5 Processor (12th Gen)8 GB DDR4 RAMWindows 11 Operating System512 GB SSD35.56 cm (14 inch) Display1 Year Onsite Warranty,laptops,38990,4.9,1.0,Mid-range
HP ENVY AI PC Intel Core Ultra 7 155U ,Intel Core Ultra 7 Processor32 GB LPDDR5 RAMWindows 11 Operating System1 TB SSD35.56 cm (14 inch) Touchscreen Display1 Year Onsite warranty,laptops,129990,3.5,2.0,Premium
Lenovo LOQ Intel Core i5 13th Gen 13450HX ,Intel Core i5 Processor (13th Gen)16 GB DDR5 RAMWindows 11 Operating System512 GB SSD39.62 cm (15.6 Inch) DisplayOffice Home & Student 20211Yr Warranty and 1 Yr Accidental Damage Protection,laptops,72190,3.3,71.0,Premium
ASUS TUF Gaming A14 (2024) ,"AMD Ryzen 7 Octa Core Processor16 GB LPDDR5X RAMWindows 11 Operating System1 TB SSD35.56 cm (14 Inch) DisplayMicrosoft Office Home & Student 2021, McAfeeÂ® 1 year, Xbox Game Pass Ultimate_3 months1 Year Onsite Warranty",laptops,129990,4.2,0.0,Premium
Infinix Intel Core i7 1255U ,Intel Core i7 Processor32 GB LPDDR4X RAMWindows 11 Operating System512 GB SSD35.56 cm (14 inch) Display1 Year Onsite Warranty,laptops,44990,4.2,0.0,Mid-range
HP 245G9 841W7PA SILVER AMD Ryzen 3 Dual Core ,AMD Ryzen 3 Dual Core Processor8 GB DDR4 RAMDOS Operating System512 GB SSD35.56 cm (14 inch) DisplayDOS1 year Domestic warranty,laptops,27280,1.4,11.0,Mid-range
HP Victus AMD Ryzen 7 7840HS Ai Powered AMD Ryzen 7 Hexa Core ,AMD Ryzen 7 Hexa Core Processor16 GB DDR5 RAMWindows 11 Home Operating System1 TB SSD40.89 cm (16.1 inch) Display1 Year Warranty BY HP,laptops,84990,2.5,0.0,Premium
HP 250 G8 Intel Core i3 11th Gen ,Intel Core i3 Processor (11th Gen)8 GB DDR4 RAM64 bit Windows 11 Operating System512 GB SSD39.62 cm (15.6 inch) Display1Year Onsite Warranty,laptops,34990,4.9,73.0,Mid-range
ASUS Intel Core i5 12th Gen ,Intel Core i5 Processor (12th Gen)8 GB DDR4 RAMWindows 11 Operating System512 GB SSD39.62 cm (15.6 inch) Display1 year manufacturing Warranty,laptops,39990,1.6,0.0,Mid-range
Infinix X3 Slim Intel Core i5 12th Gen 1235U ,Intel Core i5 Processor (12th Gen)16 GB LPDDR4X RAMWindows 11 Operating System512 GB SSD35.56 cm (14 Inch) Display1 Year Onsite Warranty,laptops,35990,4.8,154.0,Mid-range
Lenovo LOQ Intel Core i5 12th Gen 12450HX ,Intel Core i5 Processor (12th Gen)12 GB DDR5 RAMWindows 11 Operating System512 GB SSD100.63 cm (39.62 cm) Display1Yr Warranty and 1 Yr Accidental Damage Protection,laptops,57190,4.9,41.0,Premium
ASUS Zenbook 14 OLED AI PC Intel Core Ultra 9 185H ,Intel Core Ultra 9 Processor32 GB LPDDR5X RAMWindows 11 Operating System1 TB SSD35.56 cm (14 inch) Touchscreen Display1 Year Onsite Warranty,laptops,144990,5.0,0.0,Premium
HP Intel Core i3 11th Gen ,Intel Core i3 Processor (11th Gen)8 GB DDR4 RAMWindows 11 Operating System512 GB SSD39.62 cm (15.6 inch) Display1 Year Onsite Warranty,laptops,35999,1.9,0.0,Mid-range
ASUS VivoBook 15 Intel Core i3 10th Gen 1005G1 ,Intel Core i3 Processor (10th Gen)8 GB DDR4 RAM64 bit Windows 11 Operating System512 GB SSD39.62 cm (15.6 inch) DisplayOffice Home and Student 20211 Year Onsite Warranty,laptops,27990,2.8,1182.0,Mid-range
Lenovo IdeaPad Flex 5 Intel Core i5 13th Gen 1335U ,Intel Core i5 Processor (13th Gen)16 GB LPDDR4X RAMWindows 11 Operating System512 GB SSD35.56 cm (14 Inch) Touchscreen Display1Yr Warranty + 1 Yr Premium Care and 1 Yr Accidental Damage Protection,laptops,71690,1.1,8.0,Premium
ASUS Intel Core i3 10th Gen ,Intel Core i3 Processor (10th Gen)8 GB DDR4 RAMWindows 11 Operating System512 GB SSD39.62 cm (15.6 inch) Display1 Year Manufacturer,laptops,32500,1.6,14.0,Mid-range
Apple MacBook Pro Apple M3 Pro ,"Apple M3 Pro Processor18 GB Unified Memory RAMMac OS Operating System512 GB SSD35.56 cm (14 Inch) DisplayBuilt-in Apps- App Store, Books, Calendar, Contacts, FaceTime, Find My, Freeform, GarageBand, Home, iMovie, Keynote, Mail, Maps, Messages, Music, Notes, Numbers, Pages, Photo Booth, Photos, Podcasts, Preview, QuickTime Player, Reminders, Safari, Shortcuts, Siri, Stocks, Time Machine, TV, Voice Memos1 Year Limited Warranty",laptops,187990,3.9,0.0,Premium
DELL G15,Intel Core i5 Processor (13th Gen)8 GB DDR5 RAM64 bit Windows 11 Operating System512 GB SSD39.62 cm (15.6 inch) DisplayNA1 Year Onsite Premium Support,laptops,69990,1.9,0.0,Premium
Lenovo V15 AMD Ryzen 5 Quad Core 5500U ,AMD Ryzen 5 Quad Core Processor8 GB LPDDR4 RAMWindows 11 Operating System512 GB SSD39.62 cm (15.6 inch) Display1 Year Warranty,laptops,33990,3.6,1.0,Mid-range
Acer Extensa 15 AMD Ryzen 3 Quad Core 7320U ,AMD Ryzen 3 Quad Core Processor8 GB LPDDR5 RAMWindows 11 Operating System512 GB SSD39.62 cm (15.6 Inch) Display1 Year Onsite Warranty,laptops,41400,4.4,27.0,Mid-range
Avita Liber E with Free 3,Intel Core i3 Processor (12th Gen)8 GB DDR4 RAM64 bit Windows 11 Home Operating System512 GB SSD39.62 cm (15.6 inch) DisplayPre loaded windows APP1 Year Manufacturing Warranty ( Battery And Charger Only 6 Month Warranty),laptops,25990,3.7,5.0,Mid-range
Lenovo IdeaPad Gaming 3 AMD Ryzen 5 Quad Core 5500H ,AMD Ryzen 5 Quad Core Processor8 GB DDR4 RAMWindows 11 Operating System512 GB SSD39.62 cm (15.6 Inch) Display1 Year Carry-in Warranty,laptops,54990,3.6,26.0,Premium
Acer Aspire 3 Backlit AMD Ryzen 7 Octa Core 7730U ,AMD Ryzen 7 Octa Core Processor16 GB DDR4 RAMWindows 11 Operating System1 TB SSD39.62 cm (15.6 Inch) Display1 Year Carry-in Warranty,laptops,40990,2.3,6.0,Mid-range
ASUS Zenbook 14 OLED AI PC Intel Core Ultra 7 155H ,Intel Core Ultra 7 Processor16 GB LPDDR5X RAMWindows 11 Operating System1 TB SSD35.56 cm (14 Inch) Touchscreen Display1 Year Onsite Warranty,laptops,121990,2.3,1.0,Premium
ASUS AMD Ryzen 7 Octa Core 10th Gen 5800H ,AMD Ryzen 7 Octa Core Processor (10th Gen)16 GB DDR4 RAMWindows 11 Operating System512 GB SSD39.62 cm (15.6 inch) Display1 Year International Warranty,laptops,64800,4.9,0.0,Premium
Infinix INBook X1 Neo Series Intel Celeron Quad Core N5100 ,Intel Celeron Quad Core Processor8 GB LPDDR4X RAM64 bit Windows 11 Operating System256 GB SSD35.56 cm (14 inch) Display1 Year Onsite Warranty,laptops,24999,4.0,600.0,Mid-range
Acer Aspire 3D 15 SpatialLabs Edition Intel Core i7 13th Gen 13620H ,Intel Core i7 Processor (13th Gen)16 GB DDR5 RAMWindows 11 Operating System1 TB SSD39.62 cm (15.6 Inch) Display1 Year Carry-in Warranty,laptops,174990,4.1,0.0,Premium
Lenovo IdeaPad Flex 5 Intel Intel Core i5 12th Gen 1235U ,Intel Core i5 Processor (12th Gen)16 GB LPDDR4X RAMWindows 11 Operating System512 GB SSD35.56 cm (14 Inch) Display1 Year Onsite Warranty + 1 Year Premium Care + 1 Year Accidental Damage Protection,laptops,66190,3.4,0.0,Premium
Apple MacBook Air Apple M3 ,"Apple M3 Processor8 GB Unified Memory RAMMac OS Operating System256 GB SSD33.02 cm (13 Inch) DisplayBuilt-in Apps: App Store, Books, Calendar, Contacts, FaceTime, Find My, Freeform, GarageBand, Home, iMovie, Keynote, Mail, Maps, Messages, Music, Notes, Numbers, Pages, Photo Booth, Photos, Podcasts, Preview, QuickTime Player, Reminders, Safari, Shortcuts, Siri, Stocks, Time Machine, TV, Voice Memos1 Year Onsite Warranty",laptops,104990,1.6,24.0,Premium
Apple MacBook Air Apple M3 ,"Apple M3 Processor16 GB Unified Memory RAMMac OS Operating System512 GB SSD38.1 cm (15 Inch) DisplayBuilt-in Apps: App Store, Books, Calendar, Contacts, FaceTime, Find My, Freeform, GarageBand, Home, iMovie, Keynote, Mail, Maps, Messages, Music, Notes, Numbers, Pages, Photo Booth, Photos, Podcasts, Preview, QuickTime Player, Reminders, Safari, Shortcuts, Siri, Stocks, Time Machine, TV, Voice Memos1 Year Onsite Warranty",laptops,164490,2.0,24.0,Premium
MSI Modern 15 Intel Core i5 12th Gen 1235U ,Intel Core i5 Processor (12th Gen)16 GB DDR4 RAMWindows 11 Operating System512 GB SSD39.62 cm (15.6 Inch) Display1 Year Carry-in Warranty,laptops,39990,1.9,136.0,Mid-range
Godrej 8 kg,1440 rpm Max Speed5 Star Rating2 Years Comprehensive Warranty and 5 Years on Wash Motor,washing machine,11990,4.0,179.0,Economic
Lloyd by Havells 7 kg,1400 rpm Max Speed5 Star Rating2 Years Comprehensive Warranty on Product and 5 Years Warranty on Wash Motor,washing machine,8690,3.7,163.0,Economic
Whirlpool 7.5 kg,"1400 rpm Max Speed5 Star Rating2 Years
  Comprehensive Warranty and 5 Years Warranty on Wash Motor and Prime Mover
  from Whirlpool",washing machine,10990,1.8,1795.0,Economic
SAMSUNG 8 kg,"1400 rpm Max Speed5 Star RatingWith In-Built HeaterWith Wi-Fi Connectivity2 years comprehensive warranty on the product, 20 years warranty on the DIT Motor",washing machine,38490,4.0,2671.0,Mid-range
Godrej 6 kg,1000 rpm Max Speed5 Star RatingWith In-Built Heater2 Years Comprehensive Warranty on Product and 10 Years Warranty on Motor,washing machine,22790,3.3,19.0,Mid-range
LG 7 kg,1200 RPM Max Speed5 Star RatingWith In-Built Heater2 Years Comprehensive Warranty on Product and 10 Years Warranty on Motor,washing machine,29990,2.0,1704.0,Mid-range
Godrej 7 kg,720 rpm Max Speed5 Star Rating2 Years Comprehensive Warranty on Product and 10 Years Warranty on Motor,washing machine,14490,3.9,351.0,Economic
Whirlpool 9 kg,1400 rpm Max Speed5 Star Rating4 Years Comprehensive Warranty and 10 Years Warranty on Wash Motor and Prime Mover from Whirlpool,washing machine,13049,3.9,270.0,Economic
Haier 7 kg,800 RPM Max Speed5 Star Rating2 Years Comprehensive Warranty on Product and 10 Years Warranty on Motor,washing machine,16490,3.1,7.0,Economic
Midea 7 kg,680 rpm Max Speed5 Star Rating2 Years Warranty on Product and 5 Years on motor,washing machine,12990,2.7,202.0,Economic
IFB 10 kg,"1400 RPM Max Speed5 Star RatingWith In-Built HeaterWith Wi-Fi Connectivity4 Years Comprehensive Warranty on Product, 10 Years Warranty on Motor, 10 Years Spares Support",washing machine,49990,3.8,8238.0,Premium
IFB 9 kg,"1400 rpm Max Speed5 Star RatingWith In-Built HeaterWith Wi-Fi Connectivity4 Years Comprehensive Warranty on Product, 10 Years Warranty on Motor and 10 Years Spares Support",washing machine,45690,1.4,199.0,Mid-range
ONIDA 7.5 kg,"1300 rpm Max Speed5 Star Rating2 Years Comprehensive Warranty on Product, 5 Years Warranty on Wash Motor Only",washing machine,8790,2.9,37.0,Economic
IFB 8 kg,720 RPM Max Speed5 Star RatingWith In-Built Heater4 Years Super Warranty + 10 Years Spare Parts Support + 10 Years Motor Warranty,washing machine,29990,1.7,6.0,Mid-range
Lloyd by Havells 6.5 kg,1400 rpm Max Speed5 Star Rating2 Years Comprehensive Warranty on Product and 5 Years Warranty on Wash Motor,washing machine,8490,1.9,163.0,Economic
Haier 8 kg,800 RPM Max Speed5 Star RatingWith In-Built Heater5 Years Comprehensive Warranty on Product and 12 Years Warranty on Motor from Haier,washing machine,23850,2.7,2377.0,Mid-range
SAMSUNG 9 kg,"700 RPM Max Speed5 Star Rating3 Years warranty on product, 12 Years warranty on Digital Inverter Motor",washing machine,24231,3.5,4.0,Mid-range
Voltas Beko by A Tata Product 7.5 kg,"780 RPM Max Speed1 Year Comprehensive Warranty on Product, 5 Years Warranty on Motor",washing machine,5590,1.6,147.0,Economic
FOXSKY 8 kg,1300 rpm Max Speed5 Star Rating2 Years Warranty on Product and 5 Years Warranty on Motor,washing machine,16990,4.4,13.0,Economic
Thomson 9 kg,900 rpm Max Speed5 Star Rating2 Years Comprehensive Warranty on Product and 5 Years Warranty on Motor,washing machine,13999,4.6,561.0,Economic
IFB 5.5 Kg,0 RPM Max Speed5 Star RatingWith In-Built Heater4 Years Manufacturer Warranty,washing machine,20990,4.5,92.0,Mid-range
Whirlpool 7 kg,1300 rpm Max Speed5 Star Rating2 Years Comprehensive Warranty on Product and 5 Years Warranty on Motor,washing machine,10790,1.2,1795.0,Economic
Panasonic 10 kg,702 rpm Max Speed5 Star RatingWith In-Built Heater2 Years Warranty on Product and 12 Years Warranty on Motor,washing machine,27490,4.8,1138.0,Mid-range
ONIDA 6.5 kg,1300 rpm Max Speed5 Star Rating2 Years Comprehensive Warranty on Product and 5 Years on Motor,washing machine,8999,4.9,925.0,Economic
MOTOROLA 14 kg,1350 rpm Max Speed5 Star Rating2 Years Warranty on Product and 5 Years Warranty on Wash Motor,washing machine,13490,2.1,292.0,Economic
Lloyd by Havells 8.5 kg,1300 rpm Max Speed2 Years Warranty on Product and 5 Years on Motor,washing machine,11190,2.7,101.0,Economic
Whirlpool 8 kg,1400 RPM Max Speed5 Star RatingWith In-Built Heater2 Years Warranty on Product and 8 Years Warranty on Motor,washing machine,29990,3.2,35.0,Mid-range
Whirlpool 9.5 kg,740 rpm Max Speed5 Star RatingWith In-Built Heater3 Years Comprehensive Warranty on Product and 12 Years Warranty on Prime Mover & Motor,washing machine,23290,3.4,18.0,Mid-range
Whirlpool 8 kg,0 RPM Max Speed5 Star Rating2 Years Warranty on Product and 10 Years on Motor,washing machine,12860,4.7,9.0,Economic
LG 8 kg,1400 rpm Max Speed5 Star RatingWith In-Built Heater2 Years Warranty on Product and 10 Years Warranty on Motor (T&C),washing machine,38990,2.5,5.0,Mid-range
Lloyd by Havells 8 kg,"680 rpm Max Speed5 Star Rating2 Years Warranty on Product, 10 Years Warranty on Motor",washing machine,18607,3.8,10.0,Economic
IFB 7 kg,"1000 RPM Max Speed5 Star RatingWith In-Built Heater4 Years Comprehensive Warranty, 10 Years Motor Warranty, 10 Years Spares Support",washing machine,30990,1.6,114.0,Mid-range
Whirlpool 9.5 kg,740 rpm Max Speed3 Years Comprehensive Warranty and 10 Years Warranty on Motor from Whirlpool,washing machine,23290,2.4,16.0,Mid-range
Whirlpool 6.5 kg,740 rpm Max Speed5 Star RatingWith In-Built Heater2 Years Warranty on Product and 10 Years on Motor,washing machine,18798,2.8,253.0,Economic
Whirlpool 8 kg,740 rpm Max SpeedWith In-Built Heater2 Years Warranty on Unit & 10 Years on the Motor from Whirlpool,washing machine,21490,1.6,74.0,Mid-range
Thomson 7 kg,1400 RPM Max Speed5 Star Rating2 Years Comprehensive Warranty on Product and 5 Years Warranty on Motor,washing machine,8499,3.8,1149.0,Economic
Thomson 7.5 kg,1600 rpm Max Speed5 Star Rating2 Years Comprehensive Warranty on Product and 5 Years Warranty on Motor,washing machine,11599,4.2,146.0,Economic
HILTON 3/1.5 kg,300 RPM Max Speed5 Star Rating1 Year Spare Part Warranty,washing machine,4819,2.9,0.0,Economic
SAMSUNG 7.5 Kg,"1300 rpm Max Speed5 Star Rating2 years on product, 2 years on motor (T&C Apply)",washing machine,11690,2.6,2498.0,Economic
LG 7 kg,1200 RPM Max Speed5 Star RatingWith In-Built Heater4,washing machine,37740,1.5,3.0,Mid-range
LG 9 kg,1400 rpm Max Speed5 Star RatingWith In-Built Heater2 Years Comprehensive Warranty on Product and 10 Years on Motor,washing machine,39990,3.8,22.0,Mid-range
SAMSUNG 7 kg,1200 rpm Max Speed5 Star Rating2 Years on Product and 10 Years on Motor from Samsung,washing machine,33900,3.8,6.0,Mid-range
BOSCH 9/6 kg,"1400 RPM Max Speed5 Star RatingWith In-Built Heater2 years on product, 12 years on motor",washing machine,61059,3.8,3.0,Premium
SAMSUNG 9.5 kg,"1300 rpm Max Speed2 years on product, 2 years on motor (T&C Apply)",washing machine,17890,3.6,43.0,Economic
realme TechLife 8.5 kg,1400 RPM Max Speed5 Star Rating2 Years Comprehensive and 5 Years on Wash Motor,washing machine,9690,2.3,6055.0,Economic
Electrolux 8/5 kg,1200 rpm Max Speed5 Star Rating2 Years Standard Warranty on Product and 10 Years Warranty on Inverter Motor,washing machine,47990,1.7,1.0,Mid-range
Kelvinator 7.5 kg,1450 RPM Max Speed5 Star Rating1 Years Warranty on Product,washing machine,9700,3.3,0.0,Economic
BOSCH 10 kg,1400 rpm Max Speed5 Star RatingWith In-Built Heater2 Years Comprehensive Warranty on Product and 10 Years Warranty on Motor,washing machine,54990,2.4,0.0,Premium
LG 7 kg,1200 rpm Max Speed5 Star RatingWith In-Built HeaterWith Wi-Fi Connectivity2 Years Comprehensive on Product and 10 Years Warranty on Motor T&C,washing machine,35490,4.5,9.0,Mid-range
Whirlpool 7 kg,740 rpm Max Speed5 Star Rating2 Years Comprehensive Warranty and 5 Years on Motor from Whirlpool,washing machine,14990,5.0,1437.0,Economic
TCL 7.5 kg,1400 rpm Max Speed5 Star RatingWith In-Built Heater2 Years comprehensive on product and 10 Years on motor,washing machine,23481,1.7,0.0,Mid-range
Lloyd by Havells 9 kg,"1300 RPM Max Speed5 Star Rating2 years on product, 5 years on motor",washing machine,14000,4.5,0.0,Economic
Haier 6.5 kg,800 rpm Max Speed5 Star Rating2 Years Comprehensive Warranty on Product and 10 Years Warranty on Motor from Haier,washing machine,15356,3.3,39.0,Economic
Lloyd by Havells 9 kg,600 rpm Max Speed5 Star Rating2 Years Comprehensive Warranty and 5 Years on Motor from Lloyd,washing machine,14699,3.6,5.0,Economic
AISEN 7 kg,1440 RPM Max Speed5 Star Rating2 Years Comprehensive and 5 Years on Motor,washing machine,8490,3.6,0.0,Economic
SAMSUNG 7 kg,"700 RPM Max Speed5 Star Rating3 Years warranty on product, 12 Years warranty on Digital Inverter Motor",washing machine,21790,3.0,2.0,Mid-range
Lloyd by Havells 8 kg,1400 rpm Max Speed5 Star RatingWith In-Built Heater2 Years Warranty on Product,washing machine,35990,3.1,0.0,Mid-range
Lloyd 7.5 kg,600 RPM Max SpeedWith In-Built Heater1 year warranty,washing machine,22900,3.5,0.0,Mid-range
Equator 6 kg,53 rpm Max SpeedWith In-Built Heater2 Years Comprehensive Warranty on Product and 10 Years on Motor,washing machine,16991,1.9,2.0,Economic
