Product_Name,Product_Description,Product_Type,Price,Ratings,No_of_reviews,Predicted_Category
vivo T3 5G ,8 GB RAM | 256 GB ROM16.94 cm (6.67 inch) Full HD+ Display50MP + 2MP | 16MP Front Camera5000 mAh BatteryDimensity 7200 Processor1 Year Manufacturer Warranty for Device and 6 Months Manufacturer Warranty for Inbox Accessories,Android mobile,20499,1.1,4064.0,Mid-range
Google Pixel 9 ,12 GB RAM | 256 GB ROM16.0 cm (6.3 inch) Display50MP + 48MP | 10.5MP Front Camera4700 mAh BatteryGoogle Tensor G4 Processor1 Year Domestic Warranty,Android mobile,79999,2.4,100.0,Premium
Infinix GT 20 Pro ,12 GB RAM | 256 GB ROM17.22 cm (6.78 inch) Full HD+ Display108MP (OIS) + 2MP + 2MP | 32MP Front Camera5000 mAh BatteryDimensity 8200 Ultimate Processor1 Year Warranty,Android mobile,24999,1.0,296.0,Mid-range
Infinix GT 20 Pro ,8 GB RAM | 256 GB ROM17.22 cm (6.78 inch) Full HD+ Display108MP (OIS) + 2MP + 2MP | 32MP Front Camera5000 mAh BatteryDimensity 8200 Ultimate Processor1 Year Warranty,Android mobile,22999,1.6,516.0,Mid-range
REDMI Note 13 Pro 5G ,12 GB RAM | 256 GB ROM16.94 cm (6.67 inch) Display200MP (OIS) + 8MP + 2MP | 16MP Front Camera5100 mAh Battery7s Gen 2 Mobile Platform 5G Processor1 Year Manufacturer Warranty for Phone and 6 Months Warranty for In the Box Accessories,Android mobile,25999,4.5,367.0,Mid-range
REDMI 13C ,4 GB RAM | 128 GB ROM | Expandable Upto 1 TB17.12 cm (6.74 inch) HD+ Display50MP Rear Camera | 8MP Front Camera5000 mAh BatteryHelio G85 Processor1 Year Manufacturer Warranty for Phone and 6 Months Warranty for In the Box Accessories,Android mobile,7199,1.7,2292.0,Economic
realme P2 Pro 5G ,8 GB RAM | 128 GB ROM17.02 cm (6.7 inch) Full HD+ Display50MP + 8MP | 32MP Front Camera5200 mAh Battery7s Gen2 Processor1 Year Manufacturer Warranty for Device and 6 Months Manufacturer Warranty for Inbox Accessories,Android mobile,21999,4.2,96.0,Mid-range
SAMSUNG Galaxy S23 5G ,8 GB RAM | 128 GB ROM15.49 cm (6.1 inch) Full HD+ Display50MP + 10MP + 12MP | 12MP Front Camera3900 mAh Lithium Ion BatteryQualcomm Snapdragon 8 Gen 2 Processor1 Year Manufacturer Warranty for Device and 6 Months Manufacturer Warranty for In-Box Accessories,Android mobile,39999,3.6,2674.0,Mid-range
POCO X6 Pro 5G ,12 GB RAM | 512 GB ROM16.94 cm (6.67 inch) Display64MP + 8MP + 2MP | 16MP Front Camera5000 mAh BatteryDimensity D8300 Ultra Processor1 Year Manufacturer Warranty for Phone and 6 Months Warranty for In the Box Accessories,Android mobile,23999,3.2,1420.0,Mid-range
realme C63 5G Charger in the Box ,6 GB RAM | 128 GB ROM | Expandable Upto 2 TB16.94 cm (6.67 inch) HD+ Display32MP Rear Camera | 8MP Front Camera5000 mAh BatteryDimensity 6300 Processor1 Year Manufacturer Warranty for Device and 6 Months Manufacturer Warranty for Inbox Accessories,Android mobile,11999,1.3,138.0,Economic
Infinix SMART 8 HD ,4 GB RAM | 64 GB ROM | Expandable Upto 2 TB16.76 cm (6.6 inch) HD+ Display13MP + AI Lens | 8MP Front Camera5000 mAh BatteryT606 Processor1 Year on Handset and 6 Months on Accessories,Android mobile,6999,1.5,62.0,Economic
realme NARZO 70X 5G ,6 GB RAM | 128 GB ROM17.07 cm (6.72 inch) Display50MP Rear Camera | 8MP Front Camera5000 mAh BatteryDimensity 6100+ 5G Chipset Processor1 Year Domestic Warranty for Phone and 6 Months Warranty for In-Box Accessories,Android mobile,12696,3.8,112.0,Economic
REDMI Note 13 Pro 5G ,8 GB RAM | 128 GB ROM16.94 cm (6.67 inch) Display200MP (OIS) + 8MP + 2MP | 16MP Front Camera5100 mAh Battery7s Gen 2 Mobile Platform 5G Processor1 Year Manufacturer Warranty for Phone and 6 Months Warranty for In the Box Accessories,Android mobile,22999,4.2,1791.0,Mid-range
realme C65 5G ,6 GB RAM | 128 GB ROM | Expandable Upto 2 TB16.94 cm (6.67 inch) HD+ Display50MP Rear Camera | 8MP Front Camera5000 mAh BatteryDimensity 6300 Processor1 Year Manufacturer Warranty for Device and 6 Months Manufacturer Warranty for Inbox Accessories,Android mobile,11590,3.7,346.0,Economic
OnePlus 12R ,16 GB RAM | 256 GB ROM17.22 cm (6.78 inch) Display50MP Rear Camera5500 mAh Battery1 Year Brand Warranty,Android mobile,41088,4.8,185.0,Mid-range
Google Pixel 7a ,8 GB RAM | 128 GB ROM15.49 cm (6.1 inch) Full HD+ Display64MP (OIS) + 13MP | 13MP Front Camera4300 mAh BatteryTensor G2 Processor1 Year Domestic Warranty,Android mobile,31999,4.5,2213.0,Mid-range
Samsung Galaxy S21 FE 5G with Snapdragon 888 ,8 GB RAM | 256 GB ROM16.26 cm (6.4 inch) Full HD+ Display12MP + 12MP + 8MP (OIS) | 32MP Front Camera4500 mAh Lithium-ion BatterySnapdragon 888 Processor1 Year Manufacturer Warranty for Device and 6 Months Manufacturer Warranty for In-Box Accessories,Android mobile,30000,2.7,13964.0,Mid-range
itel P55 5G ,6 GB RAM | 128 GB ROM16.76 cm (6.6 inch) Display50MP Rear Camera5000 mAh BatteryDomestic Warranty 1 year for handset and 6 months for accessories.,Android mobile,9690,1.6,0.0,Economic
realme P1 5G ,8 GB RAM | 128 GB ROM | Expandable Upto 2 TB16.94 cm (6.67 inch) Full HD+ Display50MP + 2MP | 16MP Front Camera5000 mAh BatteryDimensity 7050 Processor1 Year Manufacturer Warranty for Device and 6 Months Manufacturer Warranty for Inbox Accessories,Android mobile,14999,4.8,1323.0,Economic
POCO M6 Plus 5G ,8 GB RAM | 128 GB ROM | Expandable Upto 1 TB17.25 cm (6.79 inch) Full HD+ Display108MP + 2MP | 13MP Front Camera5030 mAh BatterySnapdragon 4 Gen2 AE Processor1 Year Manufacturer Warranty for Phone and 6 Months Warranty for In the Box Accessories,Android mobile,12999,2.7,84.0,Economic
realme 13+ 5G ,12 GB RAM | 256 GB ROM | Expandable Upto 2 TB16.94 cm (6.67 inch) Full HD+ Display50MP + 2MP | 16MP Front Camera5000 mAh BatteryDimensity 7300 Energy Processor1 Year Manufacturer Warranty for Device and 6 Months Manufacturer Warranty for Inbox Accessories,Android mobile,26999,4.2,5.0,Mid-range
vivo V30e ,8 GB RAM | 256 GB ROM17.22 cm (6.78 inch) Full HD+ Display50MP + 8MP | 50MP Front Camera5500 mAh Battery6 Gen 1 Processor1 Year Manufacturer Warranty for Device and 6 Months Manufacturer Warranty for Inbox Accessories,Android mobile,27999,2.2,311.0,Mid-range
Xiaomi 14 CIVI ,12 GB RAM | 512 GB ROM16.64 cm (6.55 inch) Display50MP Rear Camera | 32MP + 32MP Dual Front Camera4700 mAh Battery8s Gen 3 Mobile Platform Processor1 Year Manufacturer Warranty for Phone and 6 Months Warranty for In the Box Accessories,Android mobile,46999,1.9,37.0,Mid-range
realme C55 ,4 GB RAM | 64 GB ROM | Expandable Upto 1 TB17.07 cm (6.72 inch) Full HD+ Display64MP + 2MP | 8MP Front Camera5000 mAh BatteryHelio G88 Processor1 Year Manufacturer Warranty for Phone and 6 Months Warranty for In the Box Accessories,Android mobile,7699,1.2,6275.0,Economic
Motorola g52 ,6 GB RAM | 128 GB ROM16.76 cm (6.6 inch) Full HD+ Display50MP + 8MP + 2MP | 16MP Front Camera5000 mAh Lithium BatteryQualcomm Snapdragon 680 Processor1 Year on Handset and 6 Months on Accessories,Android mobile,9799,2.4,4847.0,Economic
vivo V30 Pro 5G ,8 GB RAM | 256 GB ROM17.22 cm (6.78 inch) Full HD+ Display50MP + 50MP + 50MP | 50MP Front Camera5000 mAh BatteryDimensity 8200 5G Processor1 Year Manufacturer Warranty for Device and 6 Months Manufacturer Warranty for Inbox Accessories,Android mobile,38999,2.1,619.0,Mid-range
OPPO Reno 12 Pro 5G ,12 GB RAM | 256 GB ROM | Expandable Upto 1 TB17.02 cm (6.7 inch) Full HD+ Display50MP + 8MP + 50MP | 50MP Front Camera5000 mAh BatteryDimensity 7300 Energy Processor1 Year Manufacturer Warranty for Device and 6 Months Manufacturer Warranty for Inbox Accessories,Android mobile,36999,2.5,165.0,Mid-range
vivo Y27 ,6 GB RAM | 128 GB ROM16.87 cm (6.64 inch) Full HD+ Display50MP + 2MP | 8MP Front Camera5000 mAh BatteryHelio G85 Processor1 Year Manufacturer Warranty for Phone and 6 Months Warranty for In the Box Accessories,Android mobile,10999,1.7,112.0,Economic
realme Narzo N65 5G ,6 GB RAM | 128 GB ROM16.94 cm (6.67 inch) Display50MP Rear Camera5000 mAh Battery1 Year,Android mobile,11447,3.0,43.0,Economic
OnePlus Nord CE3 5G ,8 GB RAM | 128 GB ROM17.02 cm (6.7 inch) Display50MP Rear Camera5000 mAh BatteryDomestic 1 Year of Device & 6 Months for In-Box Accessories,Android mobile,18599,2.0,862.0,Economic
POCO F6 5G ,12 GB RAM | 512 GB ROM16.94 cm (6.67 inch) Display50MP (OIS) + 8MP | 20MP Front Camera5000 mAh Battery8s Gen3 Processor1 Year Manufacturer Warranty for Phone and 6 Months Warranty for In the Box Accessories,Android mobile,28999,4.2,341.0,Mid-range
Tecno POVA 5 Pro 5G ,8 GB RAM | 256 GB ROM | Expandable Upto 1 TB17.22 cm (6.78 inch) Full HD+ Display50MP + 0.08MP | 16MP Front Camera5000 mAh BatteryMediaTek Dimensity 6080 ProcessorDomestic Warranty of 12 Months on Phone & 6 Months on Accessories,Android mobile,15999,3.7,154.0,Economic
Tecno Pova 6 Pro ,12 GB RAM | 256 GB ROM | Expandable Upto 2 TB17.22 cm (6.78 inch) Full HD Display108MP Rear Camera | 32MP Front Camera6000 mAh BatteryMediatek Dimensity 6080 Processor1,Android mobile,21999,2.9,11.0,Mid-range
Honor X9b ,8 GB RAM | 256 GB ROM17.22 cm (6.78 inch) Full HD+ Display108MP + 5MP + 2MP | 16MP Front Camera5800 mAh BatteryQualcomm Snapdragon 6 Gen 1 Processor1 Year Manufacturer Warranty for Device and 6 Months Manufacturer Warranty for Inbox Accessories,Android mobile,21999,3.3,35.0,Mid-range
REDMI 12 5G ,6 GB RAM | 128 GB ROM | Expandable Upto 1 TB17.25 cm (6.79 inch) Full HD+ Display50MP + 2MP | 8MP Front Camera5000 mAh BatterySnapdragon 4 Gen 2 Processor1 Year Manufacturer Warranty for Phone and 6 Months Warranty for In the Box Accessories,Android mobile,12499,3.7,2713.0,Economic
SAMSUNG Galaxy S23 FE ,8 GB RAM | 256 GB ROM16.26 cm (6.4 inch) Full HD+ Display50MP + 12MP | 10MP Front Camera4500 mAh BatterySamsung Exynos 2200 Processor1 Year Manufacturer Warranty for Device and 6 Months for In-Box Accessories,Android mobile,32999,2.4,1969.0,Mid-range
itel A50 ,4 GB RAM | 64 GB ROM | Expandable Upto 512 GB16.94 cm (6.67 inch) HD Display8MP Rear Camera | 5MP Front Camera5000 mAh BatteryUnisoc T603 Processor1 Year manufacturer,Android mobile,6499,3.8,0.0,Economic
itel A70 ,4 GB RAM | 256 GB ROM16.76 cm (6.6 inch) Display13MP Rear Camera5000 mAh BatteryDomestic Warranty 1 Year For Handset And 6 Month For Accessories.,Android mobile,7285,4.9,10.0,Economic
IQOO Z9S 5G ,8 GB RAM | 256 GB ROM17.2 cm (6.77 inch) Full HD+ AMOLED Display50MP + 50MP | 2MP Dual Front Camera5500 mAh BatteryMediaTek Dimensity 7300 5G Processor12 Months Brand Warranty on Smartphone,Android mobile,24999,3.8,10.0,Mid-range
Infinix Note 40X 5G ,8 GB RAM | 256 GB ROM | Expandable Upto 1 TB17.22 cm (6.78 inch) Full HD+ Display108MP + 2MP + AI Lens | 8MP Front Camera5000 mAh Lithium-ion Polymer BatteryDimensity 6300 Processor1 Year Warranty on Handset and 6 Months Warranty on Accessories,Android mobile,13999,2.1,73.0,Economic
REDMI 12 ,4 GB RAM | 128 GB ROM | Expandable Upto 1 TB17.25 cm (6.79 inch) Full HD+ Display50MP + 8MP + 2MP | 8MP Front Camera5000 mAh BatteryHelio G88 Processor1 Year Manufacturer Warranty for Phone and 6 Months Warranty for in the Box Accessories,Android mobile,9499,3.2,5585.0,Economic
POCO M6 5G ,8 GB RAM | 256 GB ROM | Expandable Upto 1 TB17.12 cm (6.74 inch) HD+ Display50MP Rear Camera | 5MP Front Camera5000 mAh BatteryMediatek Dimensity 6100+ Processor1 Year Manufacturer Warranty for Phone and 6 Months Warranty for In the Box Accessories,Android mobile,13499,2.8,965.0,Economic
SAMSUNG Galaxy S24 Ultra 5G ,12 GB RAM | 512 GB ROM17.27 cm (6.8 inch) Quad HD+ Display200MP + 50MP + 12MP + 10MP | 12MP Front Camera5000 mAh BatterySnapdragon 8 Gen 3 Processor1 Year Manufacturer Warranty for Device and 6 Months for In-Box Accessories,Android mobile,131999,4.0,260.0,Premium
vivo Y28 5G ,6 GB RAM | 128 GB ROM | Expandable Upto 1 TB16.66 cm (6.56 inch) Display50MP + 2MP | 8MP Front Camera5000 mAh BatteryDimensity 6020 Processor1 Year Manufacturer Warranty for Device and 6 Months Manufacturer Warranty for Inbox Accessories,Android mobile,15499,3.7,37.0,Economic
Apple iPhone 16 Pro Max ,"256 GB ROM17.53 cm (6.9 inch) Super Retina XDR Display48MP + 48MP + 12MP | 12MP Front CameraA18 Pro Chip, 6 Core Processor Processor1 Year Warranty for Phone and 6 Months Warranty for In-Box Accessories",iPhone,144900,1.7,6.0,Premium
Apple iPhone 16 ,"512 GB ROM15.49 cm (6.1 inch) Super Retina XDR Display48MP + 12MP | 12MP Front CameraA18 Chip, 6 Core Processor Processor1 Year Warranty for Phone and 6 Months Warranty for In-Box Accessories",iPhone,109900,4.1,29.0,Premium
Apple iPhone 11 ,128 GB ROM15.49 cm (6.1 inch) Liquid Retina HD Display12MP + 12MP | 12MP Front CameraA13 Bionic Chip ProcessorBrand Warranty of 1 Year,iPhone,24999,3.4,11431.0,Mid-range
Apple iPhone 13 ,512 GB ROM15.49 cm (6.1 inch) Super Retina XDR Display12MP + 12MP | 12MP Front CameraA15 Bionic Chip ProcessorBrand Warranty for 1 Year,iPhone,79900,3.8,13737.0,Premium
Apple iPhone 14 Plus ,"512 GB ROM17.02 cm (6.7 inch) Super Retina XDR Display12MP + 12MP | 12MP Front CameraA15 Bionic Chip, 6 Core Processor Processor1 Year Warranty for Phone and 6 Months Warranty for In-Box Accessories",iPhone,76999,1.9,4658.0,Premium
Apple iPhone 6s ,128 GB ROM11.94 cm (4.7 inch) Retina HD Display12MP Rear Camera | 5MP Front CameraA9 Chip with 64-bit Architecture and M9 Motion Co-processorBrand Warranty of 1 Year,iPhone,55999,2.8,9180.0,Premium
Apple iPhone 12 Pro Max ,"128 GB ROM17.02 cm (6.7 inch) Super Retina XDR Display12MP + 12MP + 12MP | 12MP Front CameraA14 Bionic Chip with Next Generation Neural Engine ProcessorCeramic Shield | Industry-leading IP68 Water ResistanceAll Screen OLED DisplayLiDAR Scanner for Improved AR Experiences, Night Mode PortraitsBrand Warranty for 1 Year",iPhone,119900,4.5,101.0,Premium
Apple iPhone 14 Pro Max ,"256 GB ROM17.02 cm (6.7 inch) Super Retina XDR Display48MP + 12MP + 12MP | 12MP Front CameraA16 Bionic Chip, 6 Core Processor Processor1 Year Warranty for Phone and 6 Months Warranty for In-Box Accessories",iPhone,144900,2.6,170.0,Premium
Apple iPhone 14 Pro Max ,"128 GB ROM17.02 cm (6.7 inch) Super Retina XDR Display48MP + 12MP + 12MP | 12MP Front CameraA16 Bionic Chip, 6 Core Processor Processor1 Year Warranty for Phone and 6 Months Warranty for In-Box Accessories",iPhone,134900,2.2,170.0,Premium
Apple iPhone SE 3rd Gen ,"64 GB ROM11.94 cm (4.7 inch) Retina HD Display12MP Rear Camera | 7MP Front CameraA15 Bionic Chip, 6 Core Processor ProcessorBrand Warranty of 1 Year",iPhone,47600,1.5,138.0,Mid-range
Apple iPhone 12 Pro Max ,"512 GB ROM17.02 cm (6.7 inch) Super Retina XDR Display12MP + 12MP + 12MP | 12MP Front CameraA14 Bionic Chip with Next Generation Neural Engine ProcessorCeramic Shield | Industry-leading IP68 Water ResistanceAll Screen OLED DisplayLiDAR Scanner for Improved AR Experiences, Night Mode PortraitsBrand Warranty for 1 Year",iPhone,149900,4.9,101.0,Premium
Apple iPhone XR ,256 GB ROM15.49 cm (6.1 inch) Display12MP Rear Camera | 7MP Front CameraA12 Bionic Chip ProcessorBrand Warranty of 1 Year,iPhone,91900,4.4,8489.0,Premium
Apple iPhone 14 Pro ,"1 TB ROM15.49 cm (6.1 inch) Super Retina XDR Display48MP + 12MP + 12MP | 12MP Front CameraA16 Bionic Chip, 6 Core Processor Processor1 Year Warranty for Phone and 6 Months Warranty for In-Box Accessories",iPhone,169900,2.6,153.0,Premium
Apple iPhone 6 ,128 GB ROM11.94 cm (4.7 inch) Retina HD Display8MP Rear Camera | 1.2MP Front CameraApple A8 64-bit processor and M8 Motion Co-processor1 Year Manufacturer Warranty,iPhone,71500,1.3,16120.0,Premium
Apple iPhone XS ,256 GB ROM14.73 cm (5.8 inch) Super Retina HD Display12MP + 12MP | 7MP Front CameraA12 Bionic Chip Processor1 Year Limited Warranty for Products and Accessories,iPhone,103900,2.0,865.0,Premium
Apple iPhone SE 3rd Gen ,"64 GB ROM11.94 cm (4.7 inch) Retina HD Display12MP Rear Camera | 7MP Front CameraA15 Bionic Chip, 6 Core Processor ProcessorBrand Warranty of 1 Year",iPhone,47600,1.4,138.0,Mid-range
Apple iPhone 14 ,"128 GB ROM15.49 cm (6.1 inch) Super Retina XDR Display12MP + 12MP | 12MP Front CameraA15 Bionic Chip, 6 Core Processor Processor1 Year Warranty for Phone and 6 Months Warranty for In-Box Accessories",iPhone,50999,4.3,11648.0,Premium
Apple iPhone 15 Plus ,"256 GB ROM17.02 cm (6.7 inch) Super Retina XDR Display48MP + 12MP | 12MP Front CameraA16 Bionic Chip, 6 Core Processor Processor1 Year Warranty for Phone and 6 Months Warranty for In-Box Accessories",iPhone,75999,1.6,1307.0,Premium
Apple iPhone 12 mini ,"64 GB ROM13.72 cm (5.4 inch) Super Retina XDR Display12MP + 12MP | 12MP Front CameraA14 Bionic Chip with Next Generation Neural Engine ProcessorCeramic ShieldIndustry-leading IP68 Water ResistanceAll Screen OLED Display12MP TrueDepth Front Camera with Night Mode, 4K Dolby Vision HDR RecordingBrand Warranty for 1 Year",iPhone,59900,4.2,10202.0,Premium
Apple iPhone 12 mini ,"128 GB ROM13.72 cm (5.4 inch) Super Retina XDR Display12MP + 12MP | 12MP Front CameraA14 Bionic Chip with Next Generation Neural Engine ProcessorCeramic ShieldIndustry-leading IP68 Water ResistanceAll Screen OLED Display12MP TrueDepth Front Camera with Night Mode, 4K Dolby Vision HDR RecordingBrand Warranty for 1 Year",iPhone,64900,3.6,10202.0,Premium
Apple iPhone 7 Plus ,32 GB ROM13.94 cm (5.488 inch) Retina HD Display12MP + 12MP | 7MP Front CameraApple A10 Fusion 64-bit processor and Embedded M10 Motion Co-processoriOS 13 CompatibleBrand Warranty of 1 Year,iPhone,37900,4.9,2978.0,Mid-range
Apple iPhone 7 Plus ,32 GB ROM13.94 cm (5.488 inch) Retina HD Display12MP + 12MP | 7MP Front CameraApple A10 Fusion 64-bit processor and Embedded M10 Motion Co-processoriOS 13 CompatibleBrand Warranty of 1 Year,iPhone,37900,1.1,2978.0,Mid-range
Apple iPhone 14 Pro Max ,"1 TB ROM17.02 cm (6.7 inch) Super Retina XDR Display48MP + 12MP + 12MP | 12MP Front CameraA16 Bionic Chip, 6 Core Processor Processor1 Year Warranty for Phone and 6 Months Warranty for In-Box Accessories",iPhone,184900,1.5,170.0,Premium
Apple iPhone 13 Pro ,256 GB ROM15.49 cm (6.1 inch) Super Retina XDR Display12MP + 12MP + 12MP | 12MP Front CameraA15 Bionic Chip ProcessorBrand Warranty for 1 Year,iPhone,129900,3.6,127.0,Premium
Apple iPhone 6s Plus ,32 GB ROM13.97 cm (5.5 inch) Retina HD Display12MP Rear Camera | 5MP Front CameraApple A9 64-bit processor and Embedded M9 Motion Co-processorBrand Warranty of 1 Year,iPhone,34900,2.4,2359.0,Mid-range
Apple iPhone 12 ,"128 GB ROM15.49 cm (6.1 inch) Super Retina XDR Display12MP + 12MP | 12MP Front CameraA14 Bionic Chip with Next Generation Neural Engine ProcessorCeramic ShieldIndustry-leading IP68 Water ResistanceAll Screen OLED Display12MP TrueDepth Front Camera with Night Mode, 4K Dolby Vision HDR RecordingBrand Warranty for 1 Year",iPhone,54900,2.7,13924.0,Premium
Apple iPhone 12 mini ,"128 GB ROM13.72 cm (5.4 inch) Super Retina XDR Display12MP + 12MP | 12MP Front CameraA14 Bionic Chip with Next Generation Neural Engine ProcessorCeramic ShieldIndustry-leading IP68 Water ResistanceAll Screen OLED Display12MP TrueDepth Front Camera with Night Mode, 4K Dolby Vision HDR RecordingBrand Warranty for 1 Year",iPhone,64900,3.3,10202.0,Premium
Apple iPhone 12 ,"256 GB ROM15.49 cm (6.1 inch) Super Retina XDR Display12MP + 12MP | 12MP Front CameraA14 Bionic Chip with Next Generation Neural Engine ProcessorCeramic ShieldIndustry-leading IP68 Water ResistanceAll Screen OLED Display12MP TrueDepth Front Camera with Night Mode, 4K Dolby Vision HDR RecordingBrand Warranty for 1 Year",iPhone,64900,1.7,13924.0,Premium
Apple iPhone 15 ,"512 GB ROM15.49 cm (6.1 inch) Super Retina XDR Display48MP + 12MP | 12MP Front CameraA16 Bionic Chip, 6 Core Processor Processor1 Year Warranty for Phone and 6 Months Warranty for In-Box Accessories",iPhone,87999,3.7,5245.0,Premium
Apple iPhone 16 ,"512 GB ROM15.49 cm (6.1 inch) Super Retina XDR Display48MP + 12MP | 12MP Front CameraA18 Chip, 6 Core Processor Processor1 Year Warranty for Phone and 6 Months Warranty for In-Box Accessories",iPhone,109900,4.1,29.0,Premium
Apple iPhone 8 Plus ,"64 GB ROM13.97 cm (5.5 inch) Retina HD Display12MP + 12MP | 7MP Front CameraA11 Bionic Chip with 64-bit Architecture, Neural Engine, Embedded M11 Motion Coprocessor ProcessorBrand Warranty of 1 Year",iPhone,49900,4.5,354.0,Mid-range
"LG 201 L Direct Cool Single Door 5 Star Refrigerator with Base Drawer  with Smart Inverter Compressor,...",Smart Inverter CompressorBuilt-in Stabilizer1 Year Warranty on Product and 10 Years Warranty on Compressor from LG,Fridge,19490,2.4,44.0,Mid-range
Haier 240 L Frost Free Double Door Top Mount 3 Star Convertible Refrigerator  with Convertible 5 in 1T...,Inverter CompressorBuilt-in Stabilizer1 Year Warranty on Product and 10 Years Warranty on Compressor & fan motor,Fridge,23790,4.7,205.0,Mid-range
Godrej 234 L Direct Cool Single Door 3 Star Refrigerator  with Large Vegetable Tray With Faster Coolin...,Inverter CompressorBuilt-in Stabilizer1 Year Comprehensive Warranty on Product and 10 Years Warranty on Compressor,Fridge,17990,1.7,314.0,Economic
SAMSUNG 183 L Direct Cool Single Door 4 Star Refrigerator  with Digital Inverter,"Digital Inverter CompressorBuilt-in Stabilizer1 year comprehensive warranty on the product, 20 years on compressor by the brand.",Fridge,15890,4.1,592.0,Economic
Godrej 180 L Direct Cool Single Door 4 Star Refrigerator  with Large Vegetable Tray And 2.25 L Bottle ...,Fixed speed compressorBuilt-in Stabilizer1 Year Comprehensive Warranty on Product and 10 Years Warranty on Compressor,Fridge,14490,3.4,449.0,Economic
SAMSUNG 236 L Frost Free Double Door 3 Star Refrigerator  with Digital Inverter,"Digital Inverter CompressorBuilt-in Stabilizer1 year comprehensive warranty on the product, 20 years on compressor by the brand.",Fridge,24990,2.2,974.0,Mid-range
Godrej 223 L Frost Free Double Door 3 Star Convertible Refrigerator  with Freezer 95%+ Food Surface Di...,Inverter CompressorBuilt-in Stabilizer1 Year Comprehensive Warranty on Product and 10 Years Warranty on Compressor,Fridge,21890,4.4,336.0,Mid-range
Godrej 183 L Direct Cool Single Door 3 Star Refrigerator  with Jumbo Vegetable Tray and Toughened Glas...,Fixed Speed CompressorBuilt-in Stabilizer1 Year Comprehensive Warranty on Product and 10 Years Warranty on Compressor,Fridge,13790,1.4,367.0,Economic
Haier 598 L Frost Free Side by Side Convertible Refrigerator  with 83% Convertible Fridge SpaceDigital...,InverterBuilt-in StabilizerComprehensive: 12 Months,Fridge,87990,2.2,0.0,Premium
Whirlpool 308 l Frost Free Double Door 2 Star Convertible Refrigerator  with 10-in-1 Convertible Modes,Inverter CompressorBuilt-in Stabilizer1 Year Comprehensive Warranty on Product and 9 Years Warranty on Compressor,Fridge,33590,4.8,24.0,Mid-range
SAMSUNG 183 L Direct Cool Single Door 2 Star Refrigerator  with Digital Inverter,"Digital Inverter CompressorBuilt-in Stabilizer1 year comprehensive warranty on product, 20 years on compressor, For all Refrigerators with Digital Inverter Compressors, sold on or after 1st Dec 2022 (All Refrigerator apart from Non-Digital Inverter Technology Direct Cool Models) the Warranty period on the Digital Inverter Compressor shall be revised from 10 years to 20 years.",Fridge,13790,2.6,932.0,Economic
"LG 205 L Direct Cool Single Door 4 Star Refrigerator  with Smart Inverter Compressor, Humidity Control...",Smart Inverter CompressorBuilt-in Stabilizer2 Years Warranty on Product and 10 Years Warranty on Compressor From LG,Fridge,17990,2.7,4.0,Economic
Blue Star 47 L Direct Cool Single Door 2 Star Convertible Refrigerator,"Reciprocating Compressor1 Year Comprehensive Warranty, 5 Years Compressor Warranty.",Fridge,9249,4.1,4.0,Economic
Haier 240 L Frost Free Double Door Top Mount 3 Star Convertible Refrigerator  with Convertible 5 in 1T...,Inverter CompressorBuilt-in Stabilizer1 Year Warranty on Product and 10 Years Warranty on Compressor,Fridge,24790,2.9,205.0,Mid-range
Liebherr 205 L Direct Cool Single Door 4 Star Refrigerator,"ReciprocatingBuilt-in Stabilizer1-year comprehensive warranty (additional 2 years warranty upon registration completed within 15 days of purchase) and 10 Years Warranty on Compressor. Registration can be done via the QR Code on the product or by contacting our customer care team via email.
Offer Period: 13 Oct'2023-31 Dec' 2023",Fridge,16990,4.6,2.0,Economic
Whirlpool 258 L Frost Free Double Door 2 Star Refrigerator,Linear CompressorBuilt-in Stabilizer1 Year on Product and 10 Years on Compressor,Fridge,23330,2.2,0.0,Mid-range
Haier 328 L Frost Free Double Door Top Mount 3 Star Convertible Refrigerator  with Glass DoorConvertib...,InverterBuilt-in Stabilizer1 Year Warranty on Product and 10 Years Warranty on Compressor,Fridge,43990,3.6,0.0,Mid-range
"CANDY 185 L Direct Cool Single Door 2 Star Refrigerator  with Toughed glass Shelves ,Stabilizer Free O...",NormalBuilt-in Stabilizer1 Year Comprehensive Warranty on Product and 10 Years Warranty on Compressor,Fridge,11290,3.0,21.0,Economic
Haier 190 L Direct Cool Single Door 5 Star Refrigerator with Base Drawer,InverterBuilt-in Stabilizer1 Years Manufacturer Warranty,Fridge,19946,4.8,8.0,Economic
SAMSUNG 324 L Frost Free Double Door 3 Star Convertible Refrigerator,"Digital Inverter CompressorBuilt-in Stabilizer1 year comprehensive warranty on product, 20 years on compressor, For all Refrigerators with Digital Inverter Compressors, sold on or after 1st Dec 2022 (All Refrigerator apart from Non-Digital Inverter Technology Direct Cool Models) the Warranty period on the Digital Inverter Compressor shall be revised from 10 years to 20 years.",Fridge,34490,4.3,657.0,Mid-range
Haier 358 L Frost Free Double Door Top Mount 3 Star Convertible Refrigerator  with Convertible 14-in-1...,Normal CompressorBuilt-in Stabilizer2 Years Warranty on Product and 10 Years Warranty on Compressor,Fridge,37990,4.7,205.0,Mid-range
Whirlpool 259 L Frost Free Double Door 3 Star Refrigerator,Reciprocating CompressorBuilt-in Stabilizer1 Year Warranty on Product and 10 Years Warranty on Compressor,Fridge,28490,1.7,60.0,Mid-range
Liebherr 191 L Direct Cool Single Door 4 Star Refrigerator,ReciprocatingBuilt-in Stabilizer1 Year Comprehensive Warranty on Product and 20 Years Warranty on Compressor,Fridge,16490,1.0,19.0,Economic
Whirlpool 270 L Frost Free Triple Door Refrigerator,Reciprocating CompressorBuilt-in Stabilizer1 Year Warranty on Product and 9 Years Warranty on Compressor,Fridge,28990,2.3,4083.0,Mid-range
Whirlpool 190 L Direct Cool Single Door 4 Star Refrigerator,Inverter CompressorBuilt-in Stabilizer1 Year on Product and 10 Years on Compressor From Whirlpool,Fridge,15190,4.5,832.0,Economic
Whirlpool 215 L Direct Cool Single Door 4 Star Refrigerator with Base Drawer,DC Inverter CompressorBuilt-in Stabilizer1 Year Warranty on Product and 10 Years on Compressor,Fridge,18490,4.6,358.0,Economic
Whirlpool 192 L Direct Cool Single Door 5 Star Refrigerator,Inverter CompressorBuilt-in Stabilizer1 Year Comprehensive Warranty on Product and 9 Years Warranty on Compressor,Fridge,17970,2.2,450.0,Economic
Godrej 268 L Direct Cool Single Door 3 Star Refrigerator  with Turbo Cooling Technology Ensuring Faste...,Inverter CompressorBuilt-in Stabilizer1 Year Comprehensive Warranty on Product and 10 Years Warranty on Compressor,Fridge,21999,2.3,314.0,Mid-range
Godrej 308 L Frost Free Double Door 2 Star Refrigerator  with Convertible 4-In-1 RefrigeratorÃ¯Â¿Â½With 95%...,Inverter compressorBuilt-in Stabilizer1 Year Comprehensive Warranty on Product and 10 Years Warranty on Compressor,Fridge,30490,3.5,7.0,Mid-range
"LG 242 L Frost Free Double Door 2 Star Refrigerator  with Smart Inverter Compressor, Multi Air Flow, &...",Smart Inverter CompressorBuilt-in Stabilizer1 Year Warranty on Product and 10 Years Warranty on Compressor from LG,Fridge,23290,1.2,58.0,Mid-range
Voltas Beko by A Tata Product 195 L Direct Cool Single Door 4 Star Refrigerator with Base Drawer,Reciprocating Compressor2 Years Comprehensive Warranty on Product and 10 Years Warranty on Compressor,Fridge,16500,1.7,7.0,Economic
Godrej 180 L Direct Cool Single Door 5 Star Refrigerator with Base Drawer  with Faster Bottle Cooling ...,Fixed Speed CompressorBuilt-in Stabilizer1 Year Comprehensive Warranty on Product and 10 Years Warranty on Compressor,Fridge,15990,1.9,99.0,Economic
Whirlpool 185 L Direct Cool Single Door 1 Star Refrigerator,Normal CompressorBuilt-in Stabilizer1 Year on Product and 10 Years on Compressor from Whirlpool,Fridge,12860,3.6,1.0,Economic
Kelvinator 93 L Direct Cool Single Door 1 Star Refrigerator,Normal1 Year on Product,Fridge,11340,2.3,17.0,Economic
Electrolux 600 L Frost Free Multi-Door Refrigerator  with Inverter with TasteLockPlus Technology Ultim...,Inverter1 Year Standard Warranty on Product and 9 Years Additional Warranty on Compressor (Refrigerant or Gas is Chargeable),Fridge,101990,3.8,0.0,Premium
Godrej 268 L Direct Cool Single Door 3 Star Refrigerator  with Turbo Cooling Technology Ensuring Faste...,Inverter CompressorBuilt-in Stabilizer1 Year Comprehensive Warranty on Product and 10 Years Warranty on Compressor,Fridge,23399,3.1,314.0,Mid-range
SAMSUNG 184 L Direct Cool Single Door 2 Star Refrigerator,Digital Inverter CompressorBuilt-in Stabilizer1 Year Comprehensive Warranty on Product and 20 Years Warranty on Compressor,Fridge,16500,1.1,0.0,Economic
Whirlpool 184 L Direct Cool Single Door 4 Star Refrigerator,Normal Compressor1 Year on Product and 10 Years on Compressor From Whirlpool,Fridge,15440,4.2,1051.0,Economic
Whirlpool 200 L Direct Cool Single Door 4 Star Refrigerator with Base Drawer  with Laminar Airflow,Normal CompressorBuilt-in Stabilizer1 Year Comprehensive Warranty on Product and 9 Years Additional Warranty on Compressor,Fridge,17190,1.8,17.0,Economic
Haier 240 L Frost Free Double Door 2 Star Convertible Refrigerator,Digital Inverter CompressorBuilt-in Stabilizer1 Year Comprehensive Warranty on the Product and 10 Years Warranty on Compressor,Fridge,24900,3.4,0.0,Mid-range
SAMSUNG 322 L Frost Free Double Door 2 Star Convertible Refrigerator,Digital Inverter CompressorBuilt-in Stabilizer1 Year Comprehensive Warranty on Product and 10 Years Warranty on Compressor,Fridge,35490,2.3,0.0,Mid-range
Liebherr 240 L Frost Free Double Door 2 Star Refrigerator,"NextGen 8 Step Inverter CompressorBuilt-in Stabilizer1-year comprehensive warranty (additional 2 years warranty upon registration completed within 15 days of purchase) and 10 Years Warranty on Compressor. Registration can be done via the QR Code on the product or by contacting our customer care team via email.
Offer Period: 13 Oct'2023-31 Dec' 2023",Fridge,24490,1.4,1.0,Mid-range
Voltas Beko by A Tata Product 173 L Direct Cool Single Door 2 Star Refrigerator,Reciprocating CompressorBuilt-in Stabilizer1 Year Comprehensive Warranty on Product and 10 Years Warranty on Compressor,Fridge,22999,4.0,258.0,Mid-range
Godrej 210 L Frost Free Double Door 2 Star Refrigerator,Inverter CompressorBuilt-in Stabilizer1 Year Comprehensive Warranty on Product and 10 Years Warranty on Compressor,Fridge,21999,1.9,881.0,Mid-range
Whirlpool 207 L Direct Cool Single Door 5 Star Refrigerator with Base Drawer,"INVERTERBuilt-in Stabilizer1 Year on product, 10 years on compressor",Fridge,18972,1.8,0.0,Economic
SAMSUNG 183 L Direct Cool Single Door 3 Star Refrigerator,Digital Inverter CompressorBuilt-in Stabilizer1 Year Comprehensive Warranty on Product and 20 Years Warranty on Compressor,Fridge,15900,2.7,2.0,Economic
LG 398 L Frost Free Double Door 3 Star Convertible Refrigerator  with Smart Inverter Compressor,Smart Inverter CompressorBuilt-in Stabilizer1 Year Warranty on Product and 10 Years Warranty on Compressor,Fridge,44990,1.1,7.0,Mid-range
"SAMSUNG 301 L Frost Free Double Door 3 Star Convertible Refrigerator  with Digital Inverter, Convertib...","Digital Inverter CompressorBuilt-in Stabilizer1 year comprehensive warranty on the product, 20 years on compressor by the brand.",Fridge,35490,4.1,922.0,Mid-range
Godrej 238 L Frost Free Double Door 3 Star Refrigerator  with Advanced Inverter and 95%+ Food Surface ...,Inverter CompressorBuilt-in Stabilizer1 Year Comprehensive Warranty on Product and 10 Years Warranty on Compressor,Fridge,23490,3.7,336.0,Mid-range
Whirlpool 467 L Frost Free Double Door 2 Star Convertible Refrigerator,Inverter CompressorBuilt-in Stabilizer1 Year Warranty on Product and 9 Years Warranty on Compressor,Fridge,56690,1.1,0.0,Mid-range
Haier 190 L Direct Cool Single Door 3 Star Refrigerator with Base Drawer,NormalBuilt-in Stabilizer1 Year Comprehensive Warranty on Product and 10 Years Warranty on Compressor,Fridge,16404,2.4,0.0,Economic
Whirlpool 265 L Frost Free Double Door 3 Star Convertible Refrigerator,Digital InverterBuilt-in Stabilizer1 Year on Unit and 10 Years on Compressor from Whirlpool,Fridge,28590,2.2,33.0,Mid-range
Panasonic 592 L Frost Free Side by Side Refrigerator  with Wifi Connectivity,Inverter CompressorBuilt-in Stabilizer1 Year Warranty on Product and 10 Years Warranty on Compressor,Fridge,71990,2.3,15.0,Premium
Whirlpool 207 L Direct Cool Single Door 5 Star Refrigerator with Base Drawer,Inverter CompressorBuilt-in Stabilizer1 Year on Product and 10 Years on Compressor from Whirlpool,Fridge,19340,5.0,450.0,Economic
SAMSUNG 322 L Frost Free Double Door 3 Star Refrigerator,Digital Inverter CompressorBuilt-in Stabilizer1 Year Comprehensive Warranty on Product and 20 Years Warranty on Compressor,Fridge,60990,4.5,0.0,Premium
Godrej 430 L Frost Free Double Door Bottom Mount 3 Star Refrigerator,Intelligent Inverter CompressorBuilt-in Stabilizer1 Year Warranty on Product and 10 Years on Compressor,Fridge,49690,1.1,0.0,Mid-range
LG 694 L Frost Free Side by Side Inverter Technology Star Refrigerator,Smart Inverter CompressorBuilt-in Stabilizer1 Year Warranty on Product and 10 Years Warranty on Compressor From LG,Fridge,89990,2.5,0.0,Premium
Panasonic 237 L Frost Free Double Door 2 Star Refrigerator,"Digital Inverter CompressorBuilt-in Stabilizer1 Year Comprehensive Warranty on the Product, 10 Years Warranty on Compressor",Fridge,29990,4.3,0.0,Mid-range
LG 185 L Direct Cool Single Door 3 Star Refrigerator,Smart Inverter CompressorBuilt-in Stabilizer1 Year Warranty on product and 10 Years Warranty on compressor from LG,Fridge,19110,4.0,325.0,Economic
Whirlpool 245 L Frost Free Double Door 2 Star Refrigerator,Digital InverterBuilt-in Stabilizer1 Year on Product and 10 Years on Compressor From Whirlpool,Fridge,25600,2.4,2.0,Mid-range
Voltas Beko 183 L Direct Cool Single Door 2 Star Refrigerator,Reciprocating CompressorBuilt-in Stabilizer1 Year Comprehensive Warranty on Product and 10 Years Warranty on Compressor,Fridge,12390,3.2,258.0,Economic
IFB 206 L Direct Cool Single Door 4 Star Refrigerator,"Inverter CompressorBuilt-in Stabilizer1 Year Comprehensive Warranty on the Product, 10 Years Warranty on Compressor",Fridge,17990,1.5,0.0,Economic
Whirlpool 192 L Direct Cool Single Door 3 Star Refrigerator,"Normal CompressorBuilt-in Stabilizer1 Year Comprehensive Warranty on the Product, 10 Years Warranty on Compressor",Fridge,17700,1.7,0.0,Economic
Lloyd 310 L Frost Free Double Door 3 Star Refrigerator,Inverter CompressorBuilt-in Stabilizer1 Year Comprehensive Warranty on Product and 10 Years  Warranty on Compressor,Fridge,36090,2.4,0.0,Mid-range
Whirlpool 200 L Direct Cool Single Door 3 Star Refrigerator,Linear CompressorBuilt-in Stabilizer1 Year on Product and 10 Years on Compressor from Whirlpool,Fridge,17665,4.8,0.0,Economic
Haier 240 L Frost Free Double Door 2 Star Convertible Refrigerator,Normal CompressorBuilt-in Stabilizer1 Year Comprehensive Warranty on the Product and 10 Years Warranty on Compressor,Fridge,26900,1.5,0.0,Mid-range
SAMSUNG 336 l Frost Free Double Door 2 Star Refrigerator,"Digital Inverter CompressorBuilt-in Stabilizer1 year comprehensive warranty on product, 20 years on compressor, For all Refrigerators with Digital Inverter Compressors, sold on or after 1st Dec 2022 (All Refrigerator apart from Non-Digital Inverter Technology Direct Cool Models) the Warranty period on the Digital Inverter Compressor shall be revised from 10 years to 20 years.",Fridge,36590,3.0,19.0,Mid-range
BOSCH 335 L Frost Free Triple Door 3 Star Convertible Refrigerator,Vario Inverter CompressorBuilt-in Stabilizer1 Year on Product and 10 Years on Compressor from Bosch,Fridge,40590,3.6,0.0,Mid-range
Lloyd by Havells 280 L Frost Free Double Door 2 Star Refrigerator,Inverter CompressorBuilt-in Stabilizer1 Year Warranty on Product and Additional 9 Years Warranty on Compressor,Fridge,31690,1.6,0.0,Mid-range
Panasonic 401 L Frost Free Double Door 2 Star Refrigerator,Inverter CompressorBuilt-in Stabilizer2 Years Comprehensive Warranty on Product and 10 Years Warranty on Compressor,Fridge,56990,4.5,14.0,Premium
LG 205 L Direct Cool Single Door 5 Star Refrigerator with Base Drawer  with Smart Inverter Moist 'N' F...,Smart Inverter CompressorBuilt-in Stabilizer1 Year Warranty on Product and 10 Years Warranty on Compressor From LG,Fridge,20990,4.1,22.0,Mid-range
SAMSUNG 633 L Direct Cool Side by Side 3 Star Refrigerator,Digital Inverter CompressorBuilt-in Stabilizer1 Year Comprehensive Warranty on Product and 20 Years Warranty on Compressor,Fridge,115990,3.0,0.0,Premium
Orient Electric 15 L Storage Water Geyser ,Storage Geyser15 L2 Years Domestic Warranty on Product,geyser,4699,3.6,1502.0,Economic
Kanishka 25 L Storage Water Geyser ,Storage Geyser25 L1 Year Manufacture Warranty on Components and 5 Years Warranty on Inner Container.,geyser,3599,3.5,1.0,Economic
Mr.SHOT 1 L Instant Water Geyser ,Instant Geyser1 LOne Year Spare Replacement Warranty is available for this Model from the date of purchase If any Manufacturing defect.,geyser,2649,3.6,1.0,Economic
BAJAJ 15 L Storage Water Geyser Suitable for large wall spaces ,"Storage Geyser15 LTank-5 Years,Heating Element-2 Years,Product-1 Years",geyser,5999,1.5,3308.0,Economic
Racold 10 L Storage Water Geyser with Flexi Pipe and Free Installation ,"Storage Geyser10 L2 Years on product, 2 Years on heating element and 5 Years on tank",geyser,5799,3.0,71.0,Economic
Kenstar 10 L Storage Water Geyser ,Storage Geyser10 L2 Year warranty on Product and 5 years warranty on Tank,geyser,5099,2.4,184.0,Economic
HAVELLS 15 L Storage Water Geyser with Flexi Pipe and Free Installation ,Storage Geyser15 L7 Year Warranty on Inner Container 4 Year Warranty on Heating Element 2 Year Comprehensive Warranty,geyser,9999,1.5,355.0,Economic
Crompton 10 L Storage Water Geyser ,"Storage Geyser10 LTank: 5 years, Heating Element: 2 years, Product: 2 years",geyser,7249,2.9,1414.0,Economic
V-Guard 15 L Storage Water Geyser ,"Storage Geyser15 L2 Year on Product, 3 Year on Heating Element, 7 Year on Inner Tank",geyser,7799,4.1,167.0,Economic
Midea 25 L Storage Water Geyser ,"Storage Geyser25 L2 Years Warranty on Product, 4 Years Warranty on Heating Element and 10 Years Warranty on Tank",geyser,7190,4.8,0.0,Economic
V-Guard 10 L Storage Water Geyser ,Storage Geyser10 LMatteo 3kW 10L comes with a 2-year offsite domestic warranty for manufacturing defects.  The Heating Element has a warranty of 2 years & the Inner Tank has a warranty of 5 years. Please contact V-Guard Customer Care 1800 103 1300(Toll-free) for service-related issues.,geyser,6599,2.2,593.0,Economic
Crompton 3 L Instant Water Geyser ,Instant Geyser3 LBy company as toll Free No. 1800419-0505,geyser,2549,4.2,22.0,Economic
V-Guard 25 L Storage Water Geyser ,Storage Geyser25 LCalino 25L comes with a 2-year offsite domestic warranty for manufacturing defects.  The Heating Element has a warranty of 3 years & the Inner Tank has a warranty of 7 years. Please contact V-Guard Customer Care 1800 103 1300(Toll-free) for service-related issues.,geyser,10599,4.2,182.0,Economic
ACTIVA 6 L Instant Water Geyser ,"Instant Geyser6 L5 Year Warranty On Inner Tank, 1 Year On Components",geyser,2499,1.1,140.0,Economic
Kenstar 3 L Instant Water Geyser ,"Instant Geyser3 L5 Years on Tank, 2 Years on Heating Element, 2 Years on Product",geyser,2099,2.2,308.0,Economic
Venus 25 L Storage Water Geyser ,"Storage Geyser25 LGuarantee -7 Years on Inner Tank, 3 Years on Heating Element & 2 Years on Product",geyser,7714,2.0,43.0,Economic
ACTIVA 6 L Instant Water Geyser ,"Instant Geyser6 L5 Year Warranty On Inner Tank, 1 Year On Components",geyser,2999,1.9,357.0,Economic
Sansui 5 L Instant Water Geyser ,"Instant Geyser5 L2 Years Warranty on Product, 3 Years Warranty on Heating Element and 5 Years Warranty on Tank",geyser,2599,1.2,1791.0,Economic
0,"Storage Geyser15 L7 Years Warranty on Tank, 3 Years Warranty on Heating Element, 2 Years Product Comprehensive Warranty",geyser,16141,3.7,0.0,Economic
Crompton 15 L Storage Water Geyser ,"Storage Geyser15 LTank: 5 years, Heating Element: 2 years, Product: 2 years",geyser,7699,1.5,940.0,Economic
Kenstar 25 L Storage Water Geyser ,"Storage Geyser25 L2 Years Comprehensive Warranty. 7 Years on Tank, 2 Years on Heating Element, 2 Years on Product Warranty",geyser,6199,4.5,184.0,Economic
Crompton 25 L Storage Water Geyser ,"Storage Geyser25 LTank: 7 years, Heating Element: 2 years, Product: 2 years",geyser,6570,2.4,1414.0,Economic
HAVELLS 25 L Storage Water Geyser ,"Storage Geyser25 L7 Years Warranty on Inner Container, 4 Years Warranty on Heating Element, 2 Years Comprehensive Warranty",geyser,10574,1.6,140.0,Economic
Relaxo 5 L Instant Water Geyser ,Instant Geyser5 L24 Months Limited Domestic Warranty on Product & 24 on Geyser Tank,geyser,2249,2.6,2.0,Economic
AO Smith 15 L Storage Water Geyser ,"Storage Geyser15 L7 Years Warranty on Tank, 2+2 years warranty on Heating Element & 2 years comprehensive warranty on the Product.",geyser,13395,1.4,210.0,Economic
Crompton 10 L Storage Water Geyser ,"Storage Geyser10 L2 Years Warranty on Product, 3 Years Warranty on Heating Element, 7 Years Warranty on Tank",geyser,7990,4.0,8.0,Economic
BAJAJ 3 L Instant Water Geyser ,"Instant Geyser3 L4 YEARS PRODUCT , HEATING ELEMENT 6 YEARS , INNER TANK 5 YEARS",geyser,3599,1.7,0.0,Economic
HAVELLS 25 L Storage Water Geyser with Flexi Pipe and Free Installation ,"Storage Geyser25 L2 Years Comprehensive Warranty on Product, 5 Years Warranty on Inner Container and 2 Years Warranty on Heating Element",geyser,8620,3.1,1352.0,Economic
Crompton 6 L Storage Water Geyser ,Storage Geyser6 L5 Years Domestic Warranty on Tank and 2 Years Domestic Warranty on the Product from the Date of Purchase,geyser,6999,2.2,1555.0,Economic
Jaquar 10 L Storage Water Geyser ,"Storage Geyser10 L7yrs on Tank,5yrs on Heating Comp,2yrs on others",geyser,8499,2.6,9.0,Economic
Hindware Atlantic 6 L Gas Water Geyser ,"Gas Geyser6 L2 Year Manufacturer Warranty. Toll Free No.-1800-103-3300,1800-3010-2273",geyser,5999,3.8,0.0,Economic
HAVELLS 10 L Storage Water Geyser ,"Storage Geyser10 L2 Years Comprehensive Warranty on Product, 7 Years Warranty on Inner Container, 4 Years Warranty on Heating Element",geyser,12380,4.4,2.0,Economic
Kanishka 25 L Storage Water Geyser ,Storage Geyser25 L1 Year Manufacture Warranty on Components and 5 Years Warranty on Inner Container.,geyser,3599,2.3,1.0,Economic
HAVELLS 3 L Instant Water Geyser ,"Instant Geyser3 L7 Years Warranty on Inner Container, 4 Years Warranty on Heating Element, 2 Years Comprehensive Warranty",geyser,3419,2.7,2.0,Economic
HAVELLS 1 L Instant Water Geyser ,"Instant Geyser1 L5 year warranty on Inner Container, 2 year comprehensive Warranty",geyser,3170,3.3,54.0,Economic
Lifelong 3 L Instant Water Geyser ,"Instant Geyser3 L2 Years Warranty, 6 Months Extended Warranty by Regestering on Manufacturers Website",geyser,1799,3.8,2089.0,Economic
HAVELLS 3 L Instant Water Geyser ,Instant Geyser3 L5 Year Warranty on Inner Tank and 2 Years Comprehensive Warranty,geyser,4250,3.2,255.0,Economic
IVAS 3 L Instant Water Geyser ,"Instant Geyser3 L5 years warranty on the tank, 2 years warranty on the element, and 2 years warranty on the product.",geyser,2799,4.8,0.0,Economic
CSI INTERNATIONAL 1 L Instant Water Geyser ,Instant Geyser1 L1 Year,geyser,1099,4.8,43.0,Economic
V-Guard 15 L Storage Water Geyser ,Storage Geyser15 L3 Years,geyser,7199,4.4,1.0,Economic
AO Smith 15 L Storage Water Geyser ,Storage Geyser15 L7 Years on tank and 4 years on Element.,geyser,10799,4.7,3.0,Economic
Crompton 3 L Instant Water Geyser ,"Instant Geyser3 LTANK WARRANTY 5 YEARS, ELEMENT WARRANTY 2 YEARS, PRODUCT WARRANTY 2 YEARS",geyser,2549,3.6,2.0,Economic
Haier 15 L Storage Water Geyser ,Storage Geyser15 L4 year on Product components & 7 Year on Tank,geyser,8800,3.9,0.0,Economic
HAVELLS 15 L Storage Water Geyser ,"Storage Geyser15 L5 year warranty on Inner Container, 2 year comprehensive Warranty",geyser,9930,4.2,8.0,Economic
Orient Electric 15 L Instant Water Geyser ,"Instant Geyser15 L5 Years Warranty on Tank, 2 Years on Product",geyser,8549,2.2,0.0,Economic
Racold 3 L Instant Water Geyser ,Instant Geyser3 L2 Years Product & 5 Years Tank Warranty,geyser,3099,2.1,12.0,Economic
RR 10 L Storage Water Geyser ,"Storage Geyser10 L2 Year on Product, 3 Year on Heating Element, 6 Year on Tank",geyser,5699,4.4,2.0,Economic
Longway 25 L Storage Water Geyser ,Storage Geyser25 L1 Year Limited Domestic Brand Warranty.,geyser,4999,2.4,0.0,Economic
FOUR STAR 1 L Instant Water Geyser ,Instant Geyser1 L1 MONTH Limited Domestic Brand Warranty,geyser,1099,4.8,8.0,Economic
Kenstar 3 L Instant Water Geyser ,"Instant Geyser3 L5 Years on Tank, 2 Years on Heating Element, 2 Years on Product",geyser,2689,4.2,308.0,Economic
DIGISMART 10 L Instant Water Geyser ,"Instant Geyser10 L5 Year Warranty On Inner Tank, 1 Year On Components",geyser,2699,1.4,1770.0,Economic
Crompton 35 L Storage Water Geyser ,"Storage Geyser35 LTank: 5 years, Heating Element: 2 years, Product: 2 years",geyser,10970,3.7,0.0,Economic
SURYA 25 L Storage Water Geyser ,Storage Geyser25 L5 years on tank and 2 years on element,geyser,7149,1.9,10.0,Economic
V-Guard 3 L Instant Water Geyser ,Instant Geyser3 L2 Year V-Guard Company Domestic Warranty,geyser,3055,4.7,25.0,Economic
0,"Storage Geyser15 L7 Years Warranty on Tank, 3 Years Warranty on Heating Element, 2 Years Product Comprehensive Warranty",geyser,10191,1.6,0.0,Economic
Crompton 15 L Storage Water Geyser ,"Storage Geyser15 LTank: 7 years, Heating Element: 2 years, Product: 2 years",geyser,6649,3.9,1414.0,Economic
RR 25 L Storage Water Geyser ,"Storage Geyser25 L2 Year on Product, 3 Year on Heating Element, 6 Year on Tank",geyser,6699,1.9,2.0,Economic
Unicorn 6 L Storage Water Geyser ,Storage Geyser6 L1 Year Limited Domestic Brand Warranty on Product & 5 Years on Inner Tank/Container.,geyser,3199,4.8,0.0,Economic
ACTIVA 25 L Storage Water Geyser ,Storage Geyser25 L5 Years on Inner Tank,geyser,3799,3.6,182.0,Economic
Venus 15 L Storage Water Geyser ,"Storage Geyser15 L5 years on inner tank, 2 years on heating element and 2 years on product",geyser,6053,3.1,395.0,Economic
Racold 25 L Storage Water Geyser ,Storage Geyser25 L5 year warranty on inner container ; 2 year warranty on heating element ; 2 year comprehensive Warranty,geyser,8799,1.7,53.0,Economic
Kenstar 15 L Storage Water Geyser ,"Storage Geyser15 L2 Years Comprehensive Warranty. 7 Years on Tank, 2 Years on Heating Element & 2 Years on Product",geyser,5499,1.4,184.0,Economic
Orient Electric 15 L Storage Water Geyser ,"Storage Geyser15 L7 Years on Tank, 4 Years on Element, 2 Years on Product",geyser,8329,4.4,98.0,Economic
Blowhot 15 L Storage Water Geyser ,"Storage Geyser15 L1 year General Warranty, 5 Year on Storage Tank and 2 Year on Heating Element",geyser,5190,2.3,1.0,Economic
Hindware Smart Appliances 25 L Storage Water Geyser ,"Storage Geyser25 L2 Years Comprehensive Warranty on Product, 3 Years Warranty on Heating Element and 5 Years Warranty on Tank",geyser,7499,3.5,681.0,Economic
Crompton 25 L Storage Water Geyser ,"Storage Geyser25 L5 Years Inner Tank, 2 Years Element, 2 Years Product",geyser,7855,4.9,11.0,Economic
V-Guard 25 L Storage Water Geyser ,Storage Geyser25 L2 year main full warranty & 8 Year Tank warranty,geyser,7499,2.2,14.0,Economic
GRINISHA 1 L Instant Water Geyser ,Instant Geyser1 LNA,geyser,1099,3.8,24.0,Economic
Venus 10 L Storage Water Geyser ,"Storage Geyser10 L7 Years on Inner tank, 4 Years on Heating Element, 2 Years on Product",geyser,9940,3.0,0.0,Economic
BAJAJ 3 L Instant Water Geyser ,"Instant Geyser3 LWarranty on Tank 5 Years , Warranty on Heating Element 6 Years",geyser,3599,1.2,0.0,Economic
Racold 25 L Storage Water Geyser ,Storage Geyser25 LInner Tank: 5 years Product: 2 years Heating Element: 2 years,geyser,8798,3.1,0.0,Economic
BAJAJ 25 L Storage Water Geyser ,Storage Geyser25 L2 Year Warranty on Product 3 Year Warranty on Heating Element & 7 Year Warranty on Inner Tank,geyser,10789,1.8,4.0,Economic
Candes 10 L Storage Water Geyser ,"Storage Geyser10 L1 Year Warranty on Components & 4 Years Warranty on Inner Container  including On-Site & Off-Site, Domestic & International Warranty",geyser,3299,3.4,68.0,Economic
ZOOM 3 L Storage Water Geyser ,Storage Geyser3 L2 Year Domestic Warranty on Product,geyser,2295,2.9,2.0,Economic
BAJAJ 15 L Storage Water Geyser ,"Storage Geyser15 LTank-5 Years,Heating Element-2 Years,Product-1 Years",geyser,6499,1.4,40.0,Economic
Racold 25 L Storage Water Geyser with Flexi Pipe and Free Installation ,"Storage Geyser25 L2 Years on product, 2 Years on heating element and 5 Years on tank",geyser,6799,1.7,71.0,Economic
Omax 15 L Storage Water Geyser ,Storage Geyser15 L5 Years Warranty on Inner Container & 1 Year Warranty on Components including Domestic & International Warranty,geyser,3499,4.8,0.0,Economic
Haier 15 L Storage Water Geyser ,Storage Geyser15 L4 Years product comprehensive warranty and 7 Years on tank,geyser,7999,2.4,16.0,Economic
Acer Aspire 3 Intel Core i3 12th Gen N305 ,Intel Core i3 Processor (12th Gen)8 GB DDR4 RAMWindows 11 Operating System512 GB SSD35.56 cm (14 Inch) Display1 Year Carry-in Warranty,laptops,25990,2.6,6.0,Mid-range
HP Intel Core i5 12th Gen 1235U ,Intel Core i5 Processor (12th Gen)16 GB DDR4 RAMWindows 11 Operating System512 GB SSD39.62 cm (15.6 inch) Display1 Year Onsite warranty,laptops,50990,4.8,196.0,Premium
Acer Aspire 3 Backlit AMD Ryzen 5 Hexa Core 7430U ,AMD Ryzen 5 Hexa Core Processor8 GB DDR4 RAMWindows 11 Operating System512 GB SSD39.62 cm (15.6 Inch) Display1 Year Carry-in Warranty,laptops,29990,4.2,38.0,Mid-range
Lenovo IdeaPad Slim 3 Intel Core i3 12th Gen 1215U ,Intel Core i3 Processor (12th Gen)8 GB DDR4 RAMWindows 11 Operating System512 GB SSD100.63 cm (39.62 cm) Display1Yr Warranty and 1 Yr Accidental Damage Protection,laptops,34990,2.1,82.0,Mid-range
"DELL Inspiron 15 with Backlit Keyboard, Intel Core i7 13th Gen 1355U ","Intel Core i7 Processor (13th Gen)16 GB DDR4 RAM64 bit Windows 11 Operating System512 GB SSD39.62 cm (15.6 inch) DisplayWindows 11, Microsoft Office1 Year Onsite Hardware Service",laptops,67990,2.1,3.0,Premium
"DELL Inspiron 15 with Backlit Keyboard, Intel Core i5 13th Gen 1334U ",Intel Core i5 Processor (13th Gen)8 GB DDR4 RAM64 bit Windows 11 Operating System512 GB SSD39.62 cm (15.6 inch) Display1 Year Onsite Hardware Service,laptops,49680,1.6,9.0,Mid-range
ASUS TUF Gaming F15 ,Intel Core i5 Processor (11th Gen)16 GB DDR4 RAMWindows 11 Operating System512 GB SSD39.62 cm (15.6 Inch) Display1 Year Carry-in Warranty,laptops,50990,2.7,500.0,Premium
HP Chromebook Intel Celeron Quad Core N4120 ,Intel Celeron Quad Core Processor4 GB LPDDR4 RAM64 bit Chrome Operating System35.56 cm (14 Inch) Touchscreen Display1 Year Onsite warranty,laptops,20990,4.6,125.0,Economic
ASUS Vivobook Go 15 OLED Intel Core i3 12th Gen N305 ,Intel Core i3 Processor (12th Gen)8 GB DDR4 RAMWindows 11 Operating System512 GB SSD39.62 cm (15.6 inch) Display1 Year Warranty,laptops,36990,3.2,0.0,Mid-range
MSI Modern 15 Intel Core i3 12th Gen 1215U ,Intel Core i3 Processor (12th Gen)8 GB DDR4 RAMWindows 11 Operating System512 GB SSD39.62 cm (15.6 Inch) Display1 Year Onsite Warranty,laptops,29990,3.3,113.0,Mid-range
ASUS Vivobook Go 15 AMD Ryzen 5 Quad Core 7520U ,AMD Ryzen 5 Quad Core Processor16 GB LPDDR5 RAM64 bit Windows 11 Home Operating System512 GB SSD39.62 cm (15.6 inch) Display1 Year Onsite,laptops,40990,2.3,0.0,Mid-range
MSI Modern 15 Intel Core i5 13th Gen 1335U ,Intel Core i5 Processor (13th Gen)16 GB DDR4 RAMWindows 11 Operating System512 GB SSD39.62 cm (15.6 Inch) Display1 Year Onsite Warranty,laptops,44990,1.1,20.0,Mid-range
Lenovo AMD Ryzen 3 Quad Core 7330U ,AMD Ryzen 3 Quad Core Processor8 GB DDR4 RAMWindows 11 Operating System512 GB SSD39.62 cm (15.6 Inch) Display1 Year Onsite Warranty,laptops,29990,2.0,16.0,Mid-range
MSI Katana 17 Intel Core i7 13th Gen 13620H ,Intel Core i7 Processor (13th Gen)16 GB DDR5 RAMWindows 11 Operating System512 GB SSD43.94 cm (17.3 Inch) Display2 Year Carry-in Warranty,laptops,74990,3.3,12.0,Premium
ASUS Vivobook 14 AMD Ryzen 5 Quad Core 7520U ,AMD Ryzen 5 Quad Core Processor16 GB LPDDR5 RAMWindows 11 Operating System512 GB SSD35.56 cm (14 Inch) DisplayMicrosoft Office Home & Student 20211 Year Onsite Warranty,laptops,40990,3.7,2.0,Mid-range
ZEBRONICS Pro Series Z Intel Core i7 12th Gen 1255U ,Intel Core i7 Processor (12th Gen)16 GB DDR4 RAMWindows 11 Operating System512 GB SSD39.62 cm (15.6 inch) Display1 Year Carry-in Warranty,laptops,37990,4.4,27.0,Mid-range
Colorful P15 Intel Core i7 12th Gen 12650H ,Intel Core i7 Processor (12th Gen)16 GB DDR5 RAMWindows 11 Operating System512 GB SSD39.62 cm (15.6 Inch) Display2 Year Carry-in Warranty,laptops,69990,1.5,17.0,Premium
ASUS Vivobook 15 Intel Core i5 12th Gen ,Intel Core i5 Processor (12th Gen)16 GB LPDDR5 RAMWindows 11 Operating System512 GB SSD39.62 cm (15.6 inch) Display1 Year Warranty,laptops,45990,3.3,3.0,Mid-range
ASUS Vivobook S 15 Intel Core i9 13th Gen 13900H ,Intel Core i9 Processor (13th Gen)16 GB LPDDR5 RAMWindows 11 Operating System512 GB SSD39.62 cm (15.6 Inch) Display1 Year Onsite Warranty,laptops,84990,1.9,1.0,Premium
ASUS Vivobook Go 15 OLED AMD Ryzen 5 Quad Core 7520U ,AMD Ryzen 5 Quad Core Processor16 GB LPDDR5 RAMWindows 11 Operating System512 GB SSD39.62 cm (15.6 inch) Display1 Year Onsite Warranty,laptops,47990,3.2,0.0,Mid-range
HP 14s Intel Core i3 12th Gen 1215U ,Intel Core i3 Processor (12th Gen)8 GB DDR4 RAM64 bit Windows 11 Operating System512 GB SSD35.56 cm (14 Inch) Display1 Year Onsite Warranty,laptops,36500,3.3,1.0,Mid-range
HP Pavilion 14 Intel Core i5 12th Gen 1235U ,Intel Core i5 Processor (12th Gen)16 GB DDR4 RAM64 bit Windows 11 Operating System512 GB SSD35.56 cm (14 inch) DisplayOffice Home and Student 20211 Year Warranty,laptops,67499,4.3,10.0,Premium
MSI Modern 15 Intel Core i7 12th Gen 1255U ,Intel Core i7 Processor (12th Gen)16 GB DDR4 RAMWindows 11 Operating System1 TB SSD39.62 cm (15.6 Inch) Display1 Year Carry-in Warranty,laptops,51990,3.8,17.0,Premium
Ultimus Elite Intel Core i5 10th Gen 1035G4 ,Intel Core i5 Processor (10th Gen)8 GB DDR4 RAMWindows 11 Operating System512 GB SSD35.81 cm (14.1 Inch) Display1 Year On-Site Warranty,laptops,23990,2.9,101.0,Mid-range
MSI Modern 15 Intel Core i7 12th Gen 1255U ,Intel Core i7 Processor (12th Gen)16 GB DDR4 RAMWindows 11 Operating System512 GB SSD39.62 cm (15.6 Inch) Display1 Year Carry-in Warranty,laptops,48990,4.3,17.0,Mid-range
Lenovo Ideapad Intel Core i5 12th Gen 12450H ,Intel Core i5 Processor (12th Gen)16 GB LPDDR5 RAMWindows 11 Operating System512 GB SSD39.62 cm (15.6 Inch) DisplayOffice Home & Student 20211 Year Carry-in Warranty,laptops,51090,1.7,0.0,Mid-range
DELL Inspiron Intel Core i5 11th Gen 1135G7 ,Intel Core i5 Processor (11th Gen)8 GB DDR4 RAM64 bit Windows 11 Operating System512 GB SSD39.62 cm (15.6 Inch) Display1 Year Onsite Hardware Service,laptops,46490,2.3,12.0,Mid-range
HP 255 G9 AMD Athlon Dual Core AMD Athlon Silver,AMD Athlon Dual Core Processor4 GB DDR4 RAMDOS Operating System256 GB SSD39.62 cm (15.6 inch) DisplayDOS1 year warranty,laptops,20500,2.8,125.0,Mid-range
ASUS TUF Gaming A15 AMD Ryzen 5 Hexa Core 7535HS ,AMD Ryzen 5 Hexa Core Processor8 GB DDR5 RAMWindows 11 Operating System512 GB SSD39.62 cm (15.6 Inch) Display1 Year Onsite Warranty,laptops,52990,4.5,0.0,Premium
Infinix Y3 Max Series Intel Core i3 12th Gen 1215U ,Intel Core i3 Processor (12th Gen)16 GB LPDDR4X RAMWindows 11 Operating System256 GB SSD40.64 cm (16 Inch) Display1 Year Onsite Warranty,laptops,27990,3.3,12.0,Mid-range
"ASUS Vivobook 16X for Creator, Intel Core i5 12th Gen 12500H ",Intel Core i5 Processor (12th Gen)16 GB DDR4 RAMWindows 11 Operating System512 GB SSD40.64 cm (16 Inch) Display1 Year Onsite Warranty,laptops,59990,3.1,8.0,Premium
DELL Latitude Intel Core i3 11th Gen 1115G4 ,Intel Core i3 Processor (11th Gen)8 GB DDR4 RAM64 bit DOS Operating System512 GB SSD35.56 cm (14 inch) DisplayNo Software Included1 Year Onsite Warranty,laptops,31490,3.5,0.0,Mid-range
HP Intel Celeron Dual Core ,Intel Celeron Dual Core Processor8 GB DDR4 RAMWindows 11 Home Operating System256 GB SSD35.56 cm (14 inch) Display1 Year onsite warranty,laptops,26846,1.9,0.0,Mid-range
MSI Pulse 17 Intel Core i7 13th Gen 13700H ,Intel Core i7 Processor (13th Gen)16 GB DDR5 RAMWindows 11 Operating System1 TB SSD43.94 cm (17.3 Inch) Display2 Year Onsite Warranty,laptops,128990,2.1,2.0,Premium
SAMSUNG Galaxy Book3 360 EVO AMOLED Intel Core i7 13th Gen 1355U ,Intel Core i7 Processor (13th Gen)16 GB DDR4X RAMWindows 11 Operating System1 TB SSD33.78 cm (13.3 Inch) Touchscreen Display1 Year Onsite Warranty,laptops,118990,3.3,3.0,Premium
Acer Aspire 3 Intel Celeron Dual Core N4500 ,Intel Celeron Dual Core Processor8 GB LPDDR4X RAMWindows 11 Operating System256 GB SSD35.56 cm (14 Inch) Display1 Year Carry-in Warranty,laptops,18990,4.5,15.0,Economic
HP Pavilion x360 Intel Core i5 13th Gen 1335U ,Intel Core i5 Processor (13th Gen)16 GB DDR4 RAM64 bit Windows 11 Operating System1 TB SSD35.56 cm (14 Inch) Touchscreen Display1 Year Onsite Warranty,laptops,79990,3.5,25.0,Premium
ASUS VivoBook S Series Intel Core i5 8th Gen 8265U ,"Intel Core i5 Processor (8th Gen)8 GB DDR4 RAM64 bit Windows 10 Operating System1 TB HDD|256 GB SSD35.56 cm (14 inch) DisplayAsus GiftBox, Asus Splendid1 Year Limited International Hardware Warranty",laptops,38539,4.0,2067.0,Mid-range
HP Pavilion 15 AMD Ryzen 7 Octa Core 7730U ,AMD Ryzen 7 Octa Core Processor16 GB DDR4 RAM64 bit Windows 11 Operating System512 GB SSD39.62 cm (15.6 Inch) Display1 Year Onsite Warranty,laptops,67490,2.3,0.0,Premium
SAMSUNG Galaxy Book4 Pro 360 Evo AI PC Intel Core Ultra 7 155H ,Intel Core Ultra 7 Processor16 GB LPDDR5X RAM64 bit Windows 11 Operating System1 TB SSD40.64 cm (16 inch) Touchscreen DisplayMS Office Home and Student 20211 Year Manufacturer Warranty for Laptop and 6 Months for In-Box Accessories,laptops,179990,2.2,1.0,Premium
Lenovo V15 Series AMD Ryzen 5 Quad Core 7520U ,AMD Ryzen 5 Quad Core Processor8 GB DDR5 RAMWindows 11 Operating System512 GB SSD39.62 cm (15.6 Inch) Display1 Year Onsite Warranty,laptops,32990,1.3,0.0,Mid-range
DELL Inspiron Intel Core i3 13th Gen 1305U ,Intel Core i3 Processor (13th Gen)8 GB DDR4 RAM64 bit Windows 11 Operating System512 GB SSD39.62 cm (15.6 inch) Display1 year domestic warranty,laptops,37490,1.2,0.0,Mid-range
ASUS Intel Core i5 ,Intel Core i5 Processor16 GB DDR4 RAMWindows 11 Home Operating System512 GB SSD40.64 cm (16 inch) Display1 year Warranty,laptops,69990,2.8,0.0,Premium
DELL Dell Inspiron 3520 Intel Core i3 11th Gen 1115G4 ,"Intel Core i3 Processor (11th Gen)8 GB DDR4 RAM64 bit Windows 11 Operating System512 GB SSD39.62 cm (15.6 Inch) DisplayWindows 11, Microsoft Office1 Year Onsite Hardware Service",laptops,35490,2.9,34.0,Mid-range
Lenovo IdeaPad 3 Intel Core i3 12th Gen 1215U ,Intel Core i3 Processor (12th Gen)16 GB DDR4 RAMWindows 11 Operating System512 GB SSD35.56 cm (14 Inch) Display1Yr Warranty and 1 Yr Accidental Damage Protection,laptops,38490,2.8,6.0,Mid-range
Lenovo LOQ AMD Ryzen 7 Octa Core 7435HS ,AMD Ryzen 7 Octa Core Processor24 GB DDR5 RAMWindows 11 Operating System512 GB SSD39.62 cm (15.6 Inch) Display1Yr Warranty and 1 Yr Accidental Damage Protection,laptops,85690,1.8,37.0,Premium
Acer One14 AMD Ryzen 5 3500U ,AMD Ryzen 5 Processor8 GB DDR4 RAMWindows 11 Operating System256 GB SSD35.56 cm (14 Inch) Display1 Year Onsite Warranty,laptops,41999,1.5,1.0,Mid-range
Acer Aspire 3 AMD Ryzen 3 Quad Core 7330U ,AMD Ryzen 3 Quad Core Processor8 GB DDR4 RAMWindows 11 Operating System512 GB SSD39.62 cm (15.6 Inch) Display1 Year Carry-in Warranty,laptops,25990,1.3,2.0,Mid-range
ASUS Chromebook Intel Celeron Dual Core N4020 ,Intel Celeron Dual Core Processor4 GB LPDDR4 RAM64 bit Chrome Operating System29.46 cm (11.6 Inch) Display1 Year onsite warranty,laptops,15490,2.4,85.0,Economic
Infinix INBook X2 Plus Intel Core i5 11th Gen 1155G7 ,Intel Core i5 Processor (11th Gen)16 GB LPDDR4X RAM64 bit Windows 11 Operating System512 GB SSD39.62 cm (15.6 Inch) Display1 Year Onsite Warranty,laptops,59990,3.5,59.0,Premium
ASUS Vivobook Go 15 AMD Ryzen 5 Quad Core 7520U ,AMD Ryzen 5 Quad Core Processor8 GB LPDDR5 RAMWindows 11 Operating System512 GB SSD39.62 cm (15.6 Inch) Display1 Year Onsite Warranty,laptops,36990,3.1,114.0,Mid-range
ASUS AMD Ryzen 5 ,AMD Ryzen 5 Processor16 GB DDR4 RAMWindows 11 Operating System512 GB SSD39.62 cm (15.6 inch) Display1 Year Warranty,laptops,53990,4.8,0.0,Premium
Colorful P15 Intel Core i7 12th Gen 12650H ,Intel Core i7 Processor (12th Gen)16 GB DDR5 RAM64 bit Windows 11 Operating System512 GB SSD39.62 cm (15.6 Inch) Display2 Years Domestic Warranty and 1 Year Battery Domestic Warranty,laptops,69990,4.8,17.0,Premium
HP G9 250 Intel Core i7 12th Gen 1255U Intel Turbo Boost ,Intel Core i7 Processor (12th Gen)8 GB DDR4 RAM64 bit Windows 11 Operating System512 GB SSD39.62 cm (15.6 inch) DisplayMS OFFICE1 year Onsite Warrenty,laptops,68990,4.0,1.0,Premium
Lenovo IdeaPad 1 15IGL7 Intel Celeron Dual Core 4th Gen N4020 ,"Intel Celeron Dual Core Processor (4th Gen)8 GB DDR4 RAM64 bit Windows 11 Operating System256 GB SSD39.62 cm (15.6 Inch) DisplayWindows 11, Microsoft Office1 Years On-Site Warranty",laptops,25190,2.0,2.0,Mid-range
MICROSOFT Surface Pro (11th Edition) AI PC Qualcomm Snapdragon X Elite ,Qualcomm Snapdragon X Elite Processor16 GB LPDDR5X RAMWindows 11 Operating System512 GB SSD33.02 cm (13 Inch) Touchscreen Display1 Year Onsite Warranty,laptops,161990,4.7,0.0,Premium
Apple MacBook Air Apple M3 ,"Apple M3 Processor8 GB Unified Memory RAMMac OS Operating System256 GB SSD33.02 cm (13 Inch) DisplayBuilt-in Apps: App Store, Books, Calendar, Contacts, FaceTime, Find My, Freeform, GarageBand, Home, iMovie, Keynote, Mail, Maps, Messages, Music, Notes, Numbers, Pages, Photo Booth, Photos, Podcasts, Preview, QuickTime Player, Reminders, Safari, Shortcuts, Siri, Stocks, Time Machine, TV, Voice Memos1 Year Onsite Warranty",laptops,104990,2.3,24.0,Premium
Acer Aspire 3 Backlit AMD Ryzen 5 Hexa Core 7430U ,AMD Ryzen 5 Hexa Core Processor16 GB DDR4 RAMWindows 11 Operating System512 GB SSD39.62 cm (15.6 Inch) Display1 Year Carry-in Warranty,laptops,31990,2.7,38.0,Mid-range
Apple 2021 Macbook Pro Apple M1 Pro ,"Apple M1 Pro Processor16 GB Unified Memory RAMMac OS Operating System1 TB SSD36.07 cm (14.2 inch) DisplayiMovie, Siri, GarageBand, Pages, Numbers, Photos, Keynote, Safari, Mail, FaceTime, Messages, Maps, Stocks, Home, Voice Memos, Notes, Calendar, Contacts, Reminders, Photo Booth, Preview, Books, App Store, Time Machine, TV, Music, Podcasts, Find My, QuickTime Player1 Year Limited Warranty",laptops,226990,1.7,14.0,Premium
Whirlpool 7.5 kg,740 rpm Max Speed5 Star Rating2 Years Comprehensive Warranty on Product and 5 Years Additional Warranty on Motor,washing machine,15990,1.9,1437.0,Economic
Haier 11 kg,1300 RPM Max Speed5 Star Rating3 Years Warranty on Product and 5 Years Warranty on Motor,washing machine,16490,2.2,99.0,Economic
Thomson 12 kg,1400 RPM Max Speed2 Years Warranty on Product and 5 Years Warranty on Motor,washing machine,12290,4.1,1149.0,Economic
Whirlpool 7.5 kg,740 rpm Max Speed5 Star Rating2 Years Comprehensive Warranty and 10 Years Warranty on Motor and Prime Mover from Whirlpool,washing machine,16990,3.6,1410.0,Economic
BOSCH 8 kg,"1400 rpm Max Speed5 Star RatingWith In-Built Heater2 Years Comprehensive on Product , 12 Years on Motor",washing machine,34900,3.1,779.0,Mid-range
SAMSUNG 6 kg,"1300 rpm Max Speed5 Star Rating2 years on product, 2 years on motor (T&C Apply)",washing machine,9090,2.6,2498.0,Economic
MarQ by Flipkart 7.5 kg,1350 rpm Max Speed5 Star Rating2 Years Warranty on Product and 5 Years Warranty on Motor,washing machine,8190,3.1,5142.0,Economic
LG 8.5 kg,1300 rpm Max Speed5 Star Rating2 Years Comprehensive Warranty on Product and 5 Years Warranty on Motor T&C,washing machine,16490,3.8,351.0,Economic
Thomson 8 kg,840 rpm Max Speed5 Star Rating2 Years Comprehensive Warranty on Product and 5 Years Warranty on Motor,washing machine,12190,1.8,561.0,Economic
MarQ by Flipkart 10 kg,1350 rpm Max Speed5 Star Rating2 Years Comprehensive Warranty on Product and 5 Years Warranty on Wash Motor,washing machine,10190,1.1,5142.0,Economic
IFB 8.5/6.5 kg,"1400 rpm Max Speed5 Star RatingWith In-Built HeaterWith Wi-Fi Connectivity4 Years Complete Machine warranty, 10 Years Motor Warranty and 10 Years Spare Part Support from IFB",washing machine,55990,3.3,20.0,Premium
Panasonic 7 kg,1400 rpm Max Speed5 Star RatingWith In-Built Heater2 Years Warranty on Product and 10 Years Warranty on Motor,washing machine,26490,4.2,3.0,Mid-range
Panasonic 7 kg,700 rpm Max Speed5 Star Rating2 Years Warranty on Product and 10 Years Warranty on Motor,washing machine,14490,1.9,1138.0,Economic
SAMSUNG 8 kg,"700 rpm Max Speed5 Star Rating2 years comprehensive warranty on the product, 20 years warranty on the DIT Motor",washing machine,20390,4.3,0.0,Economic
Whirlpool 9.5 kg,1400 RPM Max Speed5 Star Rating10 years warranty on Wash Motor + Prime Mover & 5 years warranty on Spin Motor,washing machine,14290,2.9,1.0,Economic
Panasonic 10 kg,702 rpm Max Speed5 Star RatingWith In-Built Heater2 Years Warranty on Product and 12 Years Warranty on Motor,washing machine,27490,4.5,1138.0,Mid-range
BOSCH 7 kg,"1200 RPM Max Speed4 Star RatingWith In-Built Heater2 Years Comprehensive on Product , 12 Years on Motor",washing machine,29990,2.5,779.0,Mid-range
Thomson 8 kg,1400 rpm Max Speed5 Star Rating2 Years Warranty on Product and 5 Years Warranty on Motor,washing machine,8435,1.7,0.0,Economic
Haier 8 kg,0 RPM Max SpeedWith In-Built Heater5 Years warranty,washing machine,22400,3.4,0.0,Mid-range
LG 7.5 kg,1300 RPM Max Speed5 Star Rating2 YEARS COMPREHENSIVE AND 5 YEARS ON WASH MOTOR BY LG,washing machine,13190,1.9,3.0,Economic
IFB 6 kg,"1000 rpm Max Speed5 Star RatingWith In-Built Heater4 Years Comprehensive Warranty on Product, 10 Years Warranty on Motor and 10 Years Spares Support",washing machine,23990,2.4,5.0,Mid-range
Voltas Beko by A Tata Product 12 kg,1450 RPM Max Speed5 Star Rating2 year,washing machine,13605,4.9,7.0,Economic
BOSCH 7 kg,"1000 rpm Max Speed5 Star RatingWith In-Built Heater2 Years Comprehensive on Product , 12 Years on Motor",washing machine,28990,4.9,213.0,Mid-range
SAMSUNG 7.5 kg,"1300 rpm Max Speed5 Star Rating2 years on product, 2 years on motor (T&C Apply)",washing machine,11490,1.9,713.0,Economic
Midea 8 kg,680 rpm Max Speed5 Star Rating2 Years Warranty on Product,washing machine,14990,2.7,202.0,Economic
Whirlpool 6 kg,740 rpm Max Speed5 Star Rating2 Years Comprehensive Warranty on Product and 5 Years on Prime Mover and Motor,washing machine,13490,1.2,1437.0,Economic
ONIDA 8 kg,700 rpm Max Speed5 Star Rating2 Years Comprehensive Warranty and 5 Years Warranty on Wash Motor from Onida,washing machine,15290,4.3,4571.0,Economic
Voltas Beko by A Tata Product 8 kg,700 rpm Max Speed5 Star Rating3 Years Comprehensive and Additional 9 Years On Motor from Voltas Beko,washing machine,20594,2.7,27.0,Mid-range
Sansui 9 kg,1350 rpm Max Speed5 Star Rating2 Years Comprehensive Warranty On Product and 5 Years on Wash Motor,washing machine,10390,3.5,1379.0,Economic
Haier 6.5 kg,800 RPM Max Speed5 Star Rating2 Years Comprehensive Warranty on Product and 10 Years Warranty on Motor,washing machine,14990,1.9,0.0,Economic
LG 8 kg,1400 RPM Max Speed5 Star RatingWith Wi-Fi Connectivity2 Years Warranty on Product and 10 Years on Motor,washing machine,38990,4.7,5.0,Mid-range
Whirlpool 7 kg,"1400 RPM Max Speed2 Years Comprehensive Warranty and 5 Years Warranty on Wash Motor, Spin motor and Prime Mover from Whirlpool",washing machine,9979,1.9,9.0,Economic
IFB 7 kg,"1000 rpm Max Speed5 Star RatingWith In-Built Heater4 Years Warranty on Product, 10 Years on Motor, and 10 Years on Spare Part Support",washing machine,32990,1.7,4.0,Mid-range
IFB 7 kg,1000 rpm Max Speed5 Star RatingWith In-Built Heater4 Years Comprehensive Warranty and 10 Years Spare Part Support from IFB,washing machine,34190,2.9,13.0,Mid-range
SAMSUNG 8.5 kg,1300 rpm Max Speed5 Star Rating2 Years Warranty on Product and 5 Years only Motor Warranty,washing machine,14890,4.3,7.0,Economic
Galanz 7 kg,1200 rpm Max SpeedWith In-Built Heater2 years comprehensive warranty on product and 8 years on motor,washing machine,23990,1.6,288.0,Mid-range
Whirlpool 7.5 kg,740 rpm Max Speed5 Star RatingWith In-Built Heater3 Years Comprehensive Warranty on Product and 12 Years Warranty on Motor and Prime Mover,washing machine,23999,1.2,201.0,Mid-range
SAMSUNG 7 kg,700 RPM Max Speed5 Star Rating2 Years on product and 20 Years on motor.,washing machine,19299,4.6,1.0,Economic
Daenyx 7.5 kg,1300 rpm Max Speed1 Years Warranty from Daenyx,washing machine,5299,2.1,43.0,Economic
Midea 7 kg,1300 RPM Max Speed5 Star Rating2 Years Warranty on Product 5 Years Warranty on Wash Motor,washing machine,7390,3.4,4.0,Economic
IFB 7 kg,720 RPM Max Speed5 Star RatingWith In-Built Heater4 Years Super Warranty + 10 Years Spare Parts Support + 10 Years Motor Warranty,washing machine,24940,1.8,1.0,Mid-range
Haier 9 kg,650 rpm Max Speed5 Star RatingWith In-Built Heater1 Year Warranty on Product and 12 Years Warranty on Motor,washing machine,22910,1.9,0.0,Mid-range
IFB 7 kg,1000 RPM Max Speed5 Star RatingWith In-Built Heater4 Year Machine warranty,washing machine,34950,2.1,0.0,Mid-range
Whirlpool 10.5 kg,1400 rpm Max Speed5 Star Rating2 Years Comprehensive Warranty and 10 Years Warranty on Wash Motor and Prime Mover from Whirlpool,washing machine,22999,4.2,589.0,Mid-range
Panasonic 11 kg,702 rpm Max Speed5 Star RatingWith In-Built Heater2 Years Warranty on Product and 12 Years Warranty on Motor,washing machine,31490,4.4,0.0,Mid-range
SAMSUNG 8/6 kg,"1400 rpm Max SpeedWith Wi-Fi ConnectivityFor all Fully Automatic Washing Machines with Digital Inverter Motors, sold on or after 1st Dec 2022 (All Fully Automatic Front Load Washing Machine and Top Load Washing Machine) the Warranty period on the Digital Inverter Motor shall be revised from 10 years to 20 years and Comprehensive Product Warranty shall be revised from 3 years to 2 years.",washing machine,65999,3.7,0.0,Premium
Voltas Beko by A Tata Product 8 kg,1400 rpm Max Speed5 Star RatingWith In-Built Heater3 Years Comprehensive Warranty on Product and 12 Years Warranty on Motor,washing machine,59990,3.3,34.0,Premium
IFB 6.5 kg,"1000 RPM Max Speed5 Star RatingWith In-Built Heater4 Years Comprehensive Warranty, 10 Years Motor Warranty, 10 Years Spares Support",washing machine,31490,3.4,2.0,Mid-range
SAMSUNG 11 kg,"700 rpm Max Speed5 Star Rating2 years comprehensive warranty on the product, 20 years warranty on the DIT Motor",washing machine,39000,4.7,4.0,Mid-range
Voltas Beko 6.5 kg,1350 rpm Max Speed5 Star Rating1 Year Warranty on Product and 5 Years Warranty on Motor,washing machine,7790,1.4,444.0,Economic
Whirlpool 7.5 kg,740 rpm Max Speed5 Star Rating3 Years Comprehensive Warranty on Product and 12 Years Warranty on Motor and Prime Mover,washing machine,25590,2.2,8.0,Mid-range
Whirlpool 9 kg,1150 rpm Max Speed5 Star RatingWith In-Built Heater1 Year Comprehensive Warranty on Product and 10 Years Warranty on Motor,washing machine,35099,3.5,0.0,Mid-range
Acer 6.5 kg,700 rpm Max Speed5 Star Rating2 Years Comprehensive Warranty on Product and 10 Years Warranty on Motor,washing machine,15999,4.5,2.0,Economic
Godrej 8 kg,1400 rpm Max SpeedWith In-Built Heater2 Years Warranty on Product and 10 Years on Motor,washing machine,32490,3.0,0.0,Mid-range
BOSCH 7 kg,1200 RPM Max SpeedWith In-Built Heater2 Years Warranty on Product and 10 Years on Motor,washing machine,36100,3.6,0.0,Mid-range
DMR 3 kg,240 RPM Max Speed1 Year Free Spare Parts Supply Warranty,washing machine,4789,3.9,3.0,Economic
BOSCH 9 kg,1200 rpm Max Speed5 Star RatingWith In-Built Heater2 Years Comprehensive Warranty on Product and 10 Years Warranty on Motor,washing machine,38900,1.0,71.0,Mid-range
Lloyd 7.5 kg,600 RPM Max Speed5 Star Rating1 year warranty,washing machine,13990,4.8,0.0,Economic
Godrej 7 kg,665 rpm Max Speed5 Star RatingWith In-Built Heater2 Years on Product and 10 Years on Motor From Godrej,washing machine,20990,4.2,12.0,Mid-range
BOSCH 7 kg,680 RPM Max Speed5 Star RatingWith In-Built Heater2 Years Warranty on Product and 10 Years on Motor,washing machine,28990,3.4,0.0,Mid-range
Haier 6.5 kg,"800 RPM Max Speed5 Star Rating1 Year Comprehensive Warranty on Product, 10 Years Warranty on Motor",washing machine,17690,2.4,0.0,Economic
Lloyd by Havells 8 kg,"1300 rpm Max Speed5 Star Rating2 Years Warranty on Product, 5 Years Warranty on Motor",washing machine,13990,4.9,0.0,Economic
Lloyd by Havells 8 kg,1320 rpm Max Speed2 years Comprehensive Warranty (Excluding all rubber and plastic parts) & additional 3 years Warranty only on motor,washing machine,13489,1.1,1.0,Economic
IFB 9 kg,1400 RPM Max Speed5 Star RatingWith In-Built Heater4year complete,washing machine,43990,2.3,0.0,Mid-range
LG 13/10 Kg,1400 rpm Max Speed5 Star RatingWith In-Built HeaterWith Wi-Fi Connectivity2 Years Comprehensive Warranty on Product and 10 Years Warranty on Motor,washing machine,219000,1.3,21.0,Premium
