Product_Name,Product_Description,Product_Type,Price,Ratings,No_of_reviews,Predicted_Category
OnePlus Nord CE 3 Lite 5G ,8 GB RAM | 256 GB ROM17.07 cm (6.72 inch) Display108MP Rear Camera5000 mAh BatteryDomestic Warranty of 12 months on phone & 6 months on accessories,Android mobile,19328,3.7,6406.0,Economic
POCO C61 ,4 GB RAM | 64 GB ROM | Expandable Upto 1 TB17.04 cm (6.71 inch) HD+ Display8MP Rear Camera | 5MP Front Camera5000 mAh BatteryHelio G36 Processor1 Year Manufacturer Warranty for Phone and 6 Months Warranty for In the Box Accessories,Android mobile,6299,2.6,1073.0,Economic
POCO C65 ,6 GB RAM | 128 GB ROM | Expandable Upto 1 TB17.12 cm (6.74 inch) HD+ Display50MP + AI Lens + 2MP | 8MP Front Camera5000 mAh BatteryHelio G85 Processor1 Year Manufacturer Warranty for Phone and 6 Months Warranty for in the Box Accessories,Android mobile,7799,1.0,1165.0,Economic
POCO C61  - Locked with Airtel Prepaid ,4 GB RAM | 64 GB ROM | Expandable Upto 1 TB17.04 cm (6.71 inch) HD+ Display8MP Rear Camera | 5MP Front Camera5000 mAh BatteryHelio G36 Processor1 Year Manufacturer Warranty for Phone and 6 Months Warranty for In the Box Accessories,Android mobile,5799,3.0,1073.0,Economic
POCO C61  - Locked with Airtel Prepaid ,4 GB RAM | 64 GB ROM | Expandable Upto 1 TB17.04 cm (6.71 inch) HD+ Display8MP Rear Camera | 5MP Front Camera5000 mAh BatteryHelio G36 Processor1 Year Manufacturer Warranty for Phone and 6 Months Warranty for In the Box Accessories,Android mobile,5799,2.1,1073.0,Economic
REDMI 13C 5G ,8 GB RAM | 256 GB ROM | Expandable Upto 1 TB17.12 cm (6.74 inch) HD+ Display50MP Rear Camera | 5MP Front Camera5000 mAh BatteryMediatek Dimensity 6100+ Processor1 Year Manufacturer Warranty for Phone and 6 Months Warranty for In the Box Accessories,Android mobile,13499,3.3,312.0,Economic
Infinix Note 40 Pro 5G ,8 GB RAM | 256 GB ROM17.22 cm (6.78 inch) Full HD+ Display108MP (OIS) + 2MP + 2MP | 32MP Front Camera5000 mAh BatteryMediatek Dimensity 7020 Processor1 Year Warranty on Handset and 6 Months Warranty on Inbox Accessories,Android mobile,17999,5.0,1211.0,Economic
realme 13 Pro+ 5G ,12 GB RAM | 512 GB ROM17.02 cm (6.7 inch) Full HD+ Display50MP + 8MP + 50MP | 32MP Front Camera5200 mAh BatterySnapdragon 7s Gen2 Processor1 Year Manufacturer Warranty for Device and 6 Months Manufacturer Warranty for Inbox Accessories,Android mobile,34999,1.8,223.0,Mid-range
Nothing Phone ,12 GB RAM | 256 GB ROM17.02 cm (6.7 inch) Full HD+ Display50MP (OIS) + 50MP | 32MP Front Camera5000 mAh BatteryDimensity 7200 Pro Processor1 Year Manufacturing Warranty,Android mobile,26999,2.8,825.0,Mid-range
Nothing Phone ,12 GB RAM | 256 GB ROM17.02 cm (6.7 inch) Full HD+ Display50MP (OIS) + 50MP | 32MP Front Camera5000 mAh BatteryDimensity 7200 Pro Processor1 Year Manufacturing Warranty,Android mobile,26999,1.9,825.0,Mid-range
SAMSUNG Galaxy A15 5G ,8 GB RAM | 128 GB ROM | Expandable Upto 1 TB16.51 cm (6.5 inch) Full HD+ Display50MP + 5MP + 2MP | 13MP Front Camera5000 mAh BatteryDimensity 6100+ Processor1 Year Manufacturer Warranty for Device and 6 Months for In-Box Accessories,Android mobile,16377,4.7,136.0,Economic
realme NARZO 70X 5G ,4 GB RAM | 128 GB ROM17.07 cm (6.72 inch) Display50MP Rear Camera | 8MP Front Camera5000 mAh BatteryDimensity 6100+ 5G Chipset Processor1 Year Domestic Warranty for Phone and 6 Months Warranty for In-Box Accessories,Android mobile,10899,4.6,16.0,Economic
realme C67 5G ,4 GB RAM | 128 GB ROM | Expandable Upto 2 TB17.07 cm (6.72 inch) Full HD+ Display50MP + 2MP | 8MP Front Camera5000 mAh BatteryDimensity 6100+ Processor1 Year Manufacturer Warranty for Phone and 6 Months Warranty for In the Box Accessories,Android mobile,9799,4.6,521.0,Economic
Motorola g45 5G ,8 GB RAM | 128 GB ROM | Expandable Upto 1 TB16.51 cm (6.5 inch) HD+ Display50MP + 2MP | 16MP Front Camera5000 mAh BatterySnapdragon 6s Gen 3 Processor1 Year Warranty on Handset and 6 Months Warranty on Accessories,Android mobile,11999,4.0,1181.0,Economic
Tecno Pova 6 Neo ,8 GB RAM | 256 GB ROM | Expandable Upto 1 TB16.94 cm (6.67 inch) Display108MP Rear Camera5000 mAh BatteryMediatek Dimensity 6300 Processor1 year manufacturer Warranty,Android mobile,13999,1.2,6.0,Economic
vivo V40 5G ,8 GB RAM | 256 GB ROM17.22 cm (6.78 inch) Full HD+ Display50MP + 50MP | 50MP Front Camera5500 mAh BatterySnapdragon 7 Gen 3 Processor1 Year Warranty on Handset and 6 Months Warranty on Accessories,Android mobile,36999,2.0,410.0,Mid-range
SAMSUNG M15 Prime Edition ,6 GB RAM | 128 GB ROM16.51 cm (6.5 inch) Display50MP Rear Camera6000 mAh Battery1 Year Manufacturer Warranty for Device and 6 Months for In-Box Accessories.,Android mobile,12980,3.0,0.0,Economic
SAMSUNG Galaxy M35 5G ,6 GB RAM | 128 GB ROM16.76 cm (6.6 inch) Display50MP Rear Camera6000 mAh Battery1 YEAR,Android mobile,15369,3.4,33.0,Economic
OnePlus 12R ,16 GB RAM | 256 GB ROM17.22 cm (6.78 inch) Display50MP Rear Camera5500 mAh Battery1 Year Brand Warranty,Android mobile,40902,4.7,185.0,Mid-range
SAMSUNG Galaxy A15 5G ,8 GB RAM | 256 GB ROM | Expandable Upto 1 TB16.51 cm (6.5 inch) Full HD+ Display50MP + 5MP + 2MP | 13MP Front Camera5000 mAh BatteryDimensity 6100+ Processor1 Year Manufacturer Warranty for Device and 6 Months for In-Box Accessories,Android mobile,22499,2.5,136.0,Mid-range
OPPO K12x 5G with 45W SUPERVOOC Charger In-The-Box ,8 GB RAM | 256 GB ROM | Expandable Upto 1 TB16.94 cm (6.67 inch) HD Display32MP + 2MP | 8MP Front Camera5100 mAh BatteryDimensity 6300 Processor1 Year Manufacturer Warranty for Device and 6 Months Manufacturer Warranty for Inbox Accessories,Android mobile,15999,2.5,330.0,Economic
realme C65 5G ,4 GB RAM | 64 GB ROM | Expandable Upto 2 TB16.94 cm (6.67 inch) HD+ Display50MP Rear Camera | 8MP Front Camera5000 mAh BatteryDimensity 6300 Processor1 Year Manufacturer Warranty for Device and 6 Months Manufacturer Warranty for Inbox Accessories,Android mobile,10499,2.7,141.0,Economic
Xiaomi 14 CIVI ,8 GB RAM | 256 GB ROM16.64 cm (6.55 inch) Display50MP Rear Camera | 32MP + 32MP Dual Front Camera4700 mAh Battery8s Gen 3 Mobile Platform Processor1 Year Manufacturer Warranty for Phone and 6 Months Warranty for In the Box Accessories,Android mobile,40999,1.8,114.0,Mid-range
REDMI 12 5G ,6 GB RAM | 128 GB ROM | Expandable Upto 1 TB17.25 cm (6.79 inch) Full HD+ Display50MP + 2MP | 8MP Front Camera5000 mAh BatterySnapdragon 4 Gen 2 Processor1 Year Manufacturer Warranty for Phone and 6 Months Warranty for In the Box Accessories,Android mobile,12499,1.3,2713.0,Economic
OPPO F25 Pro 5G ,8 GB RAM | 256 GB ROM | Expandable Upto 2 TB17.02 cm (6.7 inch) Full HD+ Display64MP + 8MP + 2MP | 32MP Front Camera5000 mAh BatteryDimensity 7050 Processor1 Year Manufacturer Warranty for Device and 6 Months Manufacturer Warranty for Inbox Accessories,Android mobile,25999,1.6,372.0,Mid-range
SAMSUNG Galaxy S24 Ultra 5G ,12 GB RAM | 512 GB ROM17.27 cm (6.8 inch) Quad HD+ Display200MP + 50MP + 12MP + 10MP | 12MP Front Camera5000 mAh BatterySnapdragon 8 Gen 3 Processor1 Year Manufacturer Warranty for Device and 6 Months for In-Box Accessories,Android mobile,131999,1.4,260.0,Premium
OnePlus 10 Pro 5G ,8 GB RAM | 128 GB ROM17.02 cm (6.7 inch) Display48MP Rear Camera5000 mAh Battery1 year manufacturer warranty for device and 6 months manufacturer warranty for in-box accessories including batteries from the date of purchase,Android mobile,45000,3.1,43.0,Mid-range
realme GT 6T 5G ,12 GB RAM | 512 GB ROM17.22 cm (6.78 inch) Display50MP Rear Camera5500 mAh Battery1 Year,Android mobile,37448,3.4,45.0,Mid-range
OnePlus 12R ,"8 GB RAM | 256 GB ROM17.22 cm (6.78 inch) Display50MP Rear Camera5500 mAh Battery1 Year Warranty
1 year manufacturer warranty for device and 1 year manufacturer warranty for in-box accessories including batteries from the date of purchase",Android mobile,37052,1.5,386.0,Mid-range
Infinix Note 11 ,4 GB RAM | 64 GB ROM | Expandable Upto 512 GB17.02 cm (6.7 inch) Full HD+ AMOLED Display50 MP + 2 MP + AI Lens | 16MP Front Camera5000 mAh Li-ion Polymer BatteryMediatek Helio G88 Processor1 Year on Handset and 6 Months on Accessories,Android mobile,12499,1.9,4630.0,Economic
realme 13+ 5G ,8 GB RAM | 128 GB ROM | Expandable Upto 2 TB16.94 cm (6.67 inch) Full HD+ Display50MP + 2MP | 16MP Front Camera5000 mAh BatteryDimensity 7300 Energy Processor1 Year Manufacturer Warranty for Device and 6 Months Manufacturer Warranty for Inbox Accessories,Android mobile,22999,2.1,25.0,Mid-range
OPPO F27 Pro+ ,8 GB RAM | 128 GB ROM17.02 cm (6.7 inch) Full HD+ Display64MP + 2MP | 8MP Front Camera5000 mAh BatteryDimensity 7050 Processor1 Year Manufacturer Warranty for Device and 6 Months Manufacturer Warranty for Inbox Accessories,Android mobile,27999,2.4,133.0,Mid-range
vivo Y27 ,6 GB RAM | 128 GB ROM16.87 cm (6.64 inch) Full HD+ Display50MP + 2MP | 8MP Front Camera5000 mAh BatteryHelio G85 Processor1 Year Manufacturer Warranty for Phone and 6 Months Warranty for In the Box Accessories,Android mobile,10999,3.4,112.0,Economic
OnePlus 11R 5G ,16 GB RAM | 256 GB ROM17.02 cm (6.7 inch) Display50MP Rear Camera5000 mAh BatteryDomestic warranty of 12 months on phone & 6 months on accessries,Android mobile,36490,2.7,893.0,Mid-range
Motorola Edge 50 Ultra 5G ,12 GB RAM | 512 GB ROM17.02 cm (6.7 inch) Display50MP + 50MP + 64MP | 50MP Front Camera4500 mAh Battery8s Gen 3 Mobile Platform Processor1 Year on Handset and 6 Months on Accessories,Android mobile,51999,1.7,175.0,Premium
vivo V40 Pro 5G ,8 GB RAM | 256 GB ROM17.22 cm (6.78 inch) Full HD+ Display50MP + 50MP + 50MP | 50MP Front Camera5500 mAh BatteryDimensity 9200+ Processor1 Year Warranty on Handset and 6 Months Warranty on Accessories,Android mobile,49999,2.0,80.0,Mid-range
Infinix Note 11 ,4 GB RAM | 64 GB ROM | Expandable Upto 512 GB17.02 cm (6.7 inch) Full HD+ AMOLED Display50 MP + 2 MP + AI Lens | 16MP Front Camera5000 mAh Li-ion Polymer BatteryMediatek Helio G88 Processor1 Year on Handset and 6 Months on Accessories,Android mobile,8124,3.0,4630.0,Economic
OnePlus Nord 4 5G ,8 GB RAM | 128 GB ROM17.12 cm (6.74 inch) Display50MP Rear Camera5500 mAh Battery1 Year,Android mobile,29990,3.4,9.0,Mid-range
REDMI 12 ,6 GB RAM | 128 GB ROM | Expandable Upto 1 TB17.25 cm (6.79 inch) Full HD+ Display50MP + 8MP + 2MP | 8MP Front Camera5000 mAh BatteryHelio G88 Processor1 Year Manufacturer Warranty for Phone and 6 Months Warranty for in the Box Accessories,Android mobile,9199,1.3,3758.0,Economic
Motorola g45 5G ,8 GB RAM | 128 GB ROM | Expandable Upto 1 TB16.51 cm (6.5 inch) HD+ Display50MP + 2MP | 16MP Front Camera5000 mAh BatterySnapdragon 6s Gen 3 Processor1 Year Warranty on Handset and 6 Months Warranty on Accessories,Android mobile,11999,4.5,1181.0,Economic
realme NARZO N65 5G ,6 GB RAM | 128 GB ROM16.94 cm (6.67 inch) Display50MP Rear Camera5000 mAh Battery1 Year,Android mobile,11276,3.8,43.0,Economic
vivo Y28s 5G ,4 GB RAM | 128 GB ROM | Expandable Upto 1 TB16.66 cm (6.56 inch) Display50MP + 0.08MP | 8MP Front Camera5000 mAh BatteryDimensity 6300 Processor1 Year Manufacturer Warranty for Device and 6 Months Manufacturer Warranty for Inbox Accessories,Android mobile,13499,2.5,2.0,Economic
itel P55 ,4 GB RAM | 128 GB ROM16.76 cm (6.6 inch) Display50MP Rear Camera5000 mAh Battery1 Year Manufacturer Warranty,Android mobile,6709,4.2,0.0,Economic
Google Pixel 8 Pro ,12 GB RAM | 256 GB ROM17.02 cm (6.7 inch) Full HD+ AMOLED Display50MP + 48MP + 48MP | 10.5MP Front Camera5050 mAh BatteryTensor G3 Processor1 Year Domestic Warranty,Android mobile,93999,1.9,115.0,Premium
Infinix HOT 30i ,4 GB RAM | 64 GB ROM | Expandable Upto 1 TB16.76 cm (6.6 inch) HD+ Display50MP + AI Lens | 5MP Front Camera5000 mAh BatteryG37 Processor1 Year on Handset and 6 Months on Accessories,Android mobile,8399,4.1,1593.0,Economic
vivo Y200e 5G ,8 GB RAM | 128 GB ROM | Expandable Upto 1 TB16.94 cm (6.67 inch) Full HD+ Display50MP + 2MP | 16MP Front Camera5000 mAh BatterySnapdragon 4 Gen 2 Processor1 Year Manufacturer Warranty for Device and 6 Months Manufacturer Warranty for Inbox Accessories,Android mobile,20999,2.2,46.0,Mid-range
IQOO Z9s 5G ,8 GB RAM | 128 GB ROM17.2 cm (6.77 inch) Display50MP Rear Camera5500 mAh Battery1 year manufacturer warranty for device & 6 months for In-box accessories from the date of purchase,Android mobile,25000,3.5,10.0,Mid-range
SAMSUNG Galaxy F22 ,6 GB RAM | 128 GB ROM | Expandable Upto 1 TB16.26 cm (6.4 inch) HD+ Display48MP + 8MP + 2MP + 2MP | 13MP Front Camera6000 mAh Lithium-ion BatteryMediaTek Helio G80 Processor1 Year Warranty Provided by the Manufacturer from Date of Purchase,Android mobile,13499,4.5,6032.0,Economic
SAMSUNG Galaxy S23 5G ,8 GB RAM | 128 GB ROM15.49 cm (6.1 inch) Full HD+ Display50MP + 10MP + 12MP | 12MP Front Camera3900 mAh Lithium Ion BatteryQualcomm Snapdragon 8 Gen 2 Processor1 Year Manufacturer Warranty for Device and 6 Months Manufacturer Warranty for In-Box Accessories,Android mobile,39999,1.3,2674.0,Mid-range
SAMSUNG Galaxy A55 5G ,8 GB RAM | 256 GB ROM | Expandable Upto 1 TB16.76 cm (6.6 inch) Full HD+ Display50MP + 12MP + 5MP | 32MP Front Camera5000 mAh BatterySamsung Exynos 1480 Processor1 Year Manufacturer Warranty for Device and 6 Months for In-Box Accessories,Android mobile,42999,5.0,33.0,Mid-range
REDMI Note 13 Pro+ 5G ,12 GB RAM | 256 GB ROM16.94 cm (6.67 inch) Display200MP (OIS) + 8MP + 2MP | 16MP Front Camera5000 mAh BatteryDimensity 7200 Ultra 5G Processor1 Year Manufacturer Warranty for Phone and 6 Months Warranty for In the Box Accessories,Android mobile,29999,2.4,695.0,Mid-range
SAMSUNG Galaxy A25 5G ,8 GB RAM | 256 GB ROM | Expandable Upto 1 TB16.51 cm (6.5 inch) Full HD+ Display50MP + 8MP + 2MP | 13MP Front Camera5000 mAh BatteryExynos 1280 Processor1 Year Manufacturer Warranty for Device and 6 Months for In-Box Accessories,Android mobile,23990,1.1,6.0,Mid-range
vivo Y200e 5G ,6 GB RAM | 128 GB ROM | Expandable Upto 1 TB16.94 cm (6.67 inch) Full HD+ Display50MP + 2MP | 16MP Front Camera5000 mAh BatterySnapdragon 4 Gen 2 Processor1 Year Manufacturer Warranty for Device and 6 Months Manufacturer Warranty for Inbox Accessories,Android mobile,19999,5.0,18.0,Economic
Apple iPhone 16 Pro Max ,"512 GB ROM17.53 cm (6.9 inch) Super Retina XDR Display48MP + 48MP + 12MP | 12MP Front CameraA18 Pro Chip, 6 Core Processor Processor1 Year Warranty for Phone and 6 Months Warranty for In-Box Accessories",iPhone,164900,2.6,6.0,Premium
Apple iPhone 12 mini ,"64 GB ROM13.72 cm (5.4 inch) Super Retina XDR Display12MP + 12MP | 12MP Front CameraA14 Bionic Chip with Next Generation Neural Engine ProcessorCeramic ShieldIndustry-leading IP68 Water ResistanceAll Screen OLED Display12MP TrueDepth Front Camera with Night Mode, 4K Dolby Vision HDR RecordingBrand Warranty for 1 Year",iPhone,59900,2.5,10202.0,Mid-range
Apple iPhone 13 Pro Max ,128 GB ROM17.02 cm (6.7 inch) Super Retina XDR Display12MP + 12MP + 12MP | 12MP Front CameraA15 Bionic Chip ProcessorBrand Warranty for 1 Year,iPhone,129900,2.7,195.0,Premium
Apple iPhone XR ,64 GB ROM15.49 cm (6.1 inch) Display12MP Rear Camera | 7MP Front CameraA12 Bionic Chip ProcessorBrand Warranty of 1 Year,iPhone,47900,2.8,8489.0,Mid-range
Apple iPhone 11 ,64 GB ROM15.49 cm (6.1 inch) Liquid Retina HD Display12MP + 12MP | 12MP Front CameraA13 Bionic Chip ProcessorBrand Warranty of 1 Year,iPhone,19999,2.4,11431.0,Economic
Apple iPhone 15 ,"512 GB ROM15.49 cm (6.1 inch) Super Retina XDR Display48MP + 12MP | 12MP Front CameraA16 Bionic Chip, 6 Core Processor Processor1 Year Warranty for Phone and 6 Months Warranty for In-Box Accessories",iPhone,87999,3.2,5245.0,Premium
Apple iPhone 14 Plus ,"256 GB ROM17.02 cm (6.7 inch) Super Retina XDR Display12MP + 12MP | 12MP Front CameraA15 Bionic Chip, 6 Core Processor Processor1 Year Warranty for Phone and 6 Months Warranty for In-Box Accessories",iPhone,70999,1.6,4658.0,Premium
Apple iPhone 12 ,"256 GB ROM15.49 cm (6.1 inch) Super Retina XDR Display12MP + 12MP | 12MP Front CameraA14 Bionic Chip with Next Generation Neural Engine ProcessorCeramic ShieldIndustry-leading IP68 Water ResistanceAll Screen OLED Display12MP TrueDepth Front Camera with Night Mode, 4K Dolby Vision HDR RecordingBrand Warranty for 1 Year",iPhone,64900,2.5,13924.0,Mid-range
Apple iPhone 5s ,16 GB ROM10.16 cm (4 inch) Retina Display8MP Rear Camera | 1.2MP Front CameraApple A7 64-bit processor and M7 Motion Co-processor1 Year for Mobile & Accessories,iPhone,35000,3.1,7294.0,Mid-range
Apple iPhone 8 Plus ,"256 GB ROM13.97 cm (5.5 inch) Retina HD Display12MP + 12MP | 7MP Front CameraA11 Bionic Chip with 64-bit Architecture, Neural Engine, Embedded M11 Motion Coprocessor ProcessorBrand Warranty of 1 Year",iPhone,84900,2.1,354.0,Premium
Apple iPhone 11 Pro Max ,64 GB ROM16.51 cm (6.5 inch) Super Retina XDR Display12MP + 12MP + 12MP | 12MP Front CameraA13 Bionic Chip ProcessorBrand Warranty for 1 Year,iPhone,117100,3.8,99.0,Premium
Apple iPhone XR ,256 GB ROM15.49 cm (6.1 inch) Display12MP Rear Camera | 7MP Front CameraA12 Bionic Chip ProcessorBrand Warranty of 1 Year,iPhone,91900,2.6,8489.0,Premium
Apple iPhone 11 Pro ,64 GB ROM14.73 cm (5.8 inch) Super Retina XDR Display12MP + 12MP + 12MP | 12MP Front CameraA13 Bionic Chip ProcessorBrand Warranty for 1 Year,iPhone,106600,1.6,623.0,Premium
Apple iPhone XS ,512 GB ROM14.73 cm (5.8 inch) Super Retina HD Display12MP + 12MP | 7MP Front CameraA12 Bionic Chip Processor1 Year Limited Warranty for Products and Accessories,iPhone,134900,3.9,865.0,Premium
Apple iPhone 14 Pro ,"512 GB ROM15.49 cm (6.1 inch) Super Retina XDR Display48MP + 12MP + 12MP | 12MP Front CameraA16 Bionic Chip, 6 Core Processor Processor1 Year Warranty for Phone and 6 Months Warranty for In-Box Accessories",iPhone,149900,2.0,153.0,Premium
Apple iPhone 14 Pro ,"1 TB ROM15.49 cm (6.1 inch) Super Retina XDR Display48MP + 12MP + 12MP | 12MP Front CameraA16 Bionic Chip, 6 Core Processor Processor1 Year Warranty for Phone and 6 Months Warranty for In-Box Accessories",iPhone,169900,3.4,153.0,Premium
Apple iPhone 13 Pro Max ,256 GB ROM17.02 cm (6.7 inch) Super Retina XDR Display12MP + 12MP + 12MP | 12MP Front CameraA15 Bionic Chip ProcessorBrand Warranty for 1 Year,iPhone,139900,4.9,195.0,Premium
Apple iPhone 12 mini ,"128 GB ROM13.72 cm (5.4 inch) Super Retina XDR Display12MP + 12MP | 12MP Front CameraA14 Bionic Chip with Next Generation Neural Engine ProcessorCeramic ShieldIndustry-leading IP68 Water ResistanceAll Screen OLED Display12MP TrueDepth Front Camera with Night Mode, 4K Dolby Vision HDR RecordingBrand Warranty for 1 Year",iPhone,64900,3.1,10202.0,Mid-range
Apple iPhone 16 Plus ,"128 GB ROM17.02 cm (6.7 inch) Super Retina XDR Display48MP + 12MP | 12MP Front CameraA18 Chip, 6 Core Processor Processor1 Year Warranty for Phone and 6 Months Warranty for In-Box Accessories",iPhone,89900,4.1,23.0,Premium
Apple iPhone 14 Pro Max ,"128 GB ROM17.02 cm (6.7 inch) Super Retina XDR Display48MP + 12MP + 12MP | 12MP Front CameraA16 Bionic Chip, 6 Core Processor Processor1 Year Warranty for Phone and 6 Months Warranty for In-Box Accessories",iPhone,134900,2.3,170.0,Premium
Apple iPhone 7 ,32 GB ROM11.94 cm (4.7 inch) Retina HD Display12MP Rear Camera | 7MP Front CameraApple A10 Fusion 64-bit processor and Embedded M10 Motion Co-processoriOS 13 CompatibleBrand Warranty of 1 Year,iPhone,31500,2.0,9140.0,Mid-range
Apple iPhone XS Max ,512 GB ROM16.51 cm (6.5 inch) Super Retina HD Display12MP + 12MP | 7MP Front CameraA12 Bionic Chip Processor1 Year Limited Warranty for Products and Accessories,iPhone,144900,2.5,146.0,Premium
Apple iPhone 5s ,16 GB ROM10.16 cm (4 inch) Retina Display8MP Rear Camera | 1.2MP Front CameraApple A7 64-bit processor and M7 Motion Co-processor1 Year Manufacturer Warranty,iPhone,25000,3.7,7294.0,Economic
Apple iPhone 14 Plus ,"256 GB ROM17.02 cm (6.7 inch) Super Retina XDR Display12MP + 12MP | 12MP Front CameraA15 Bionic Chip, 6 Core Processor Processor1 Year Warranty for Phone and 6 Months Warranty for In-Box Accessories",iPhone,70999,1.2,4658.0,Premium
Apple iPhone 16 ,"512 GB ROM15.49 cm (6.1 inch) Super Retina XDR Display48MP + 12MP | 12MP Front CameraA18 Chip, 6 Core Processor Processor1 Year Warranty for Phone and 6 Months Warranty for In-Box Accessories",iPhone,109900,2.6,29.0,Premium
Apple iPhone 6s Plus ,32 GB ROM13.97 cm (5.5 inch) Retina HD Display12MP Rear Camera | 5MP Front CameraApple A9 64-bit processor and Embedded M9 Motion Co-processorBrand Warranty of 1 Year,iPhone,34900,1.0,2359.0,Mid-range
Haier 205 L Direct Cool Single Door 3 Star Refrigerator with Base Drawer  with DEFT TechnologyLarge St...,Normal CompressorBuilt-in Stabilizer1 Year Warranty on Product and 10 Years Warranty on Compressor,Fridge,17490,3.6,15.0,Economic
Haier 215 L Direct Cool Single Door 5 Star Refrigerator with Base Drawer  with Large Storage Space1 Ho...,Normal CompressorBuilt-in Stabilizer1 Year Warranty on Product and 10 Years Warranty on Compressor,Fridge,18990,1.3,1071.0,Mid-range
Midea 591 L Frost Free Side by Side Refrigerator,InverterBuilt-in Stabilizer1 Year on Product and 10 Years on Compressor,Fridge,49990,3.0,161.0,Mid-range
Godrej 180 L Direct Cool Single Door 5 Star Refrigerator  with Jumbo Vegetable TrayÃ¯Â¿Â½With Faster Coolin...,Fixed Speed CompressorBuilt-in Stabilizer1 Year Comprehensive Warranty on Product and 10 Years Warranty on Compressor,Fridge,15990,1.9,99.0,Economic
"IFB 206 L Direct Cool Single Door 4 Star Refrigerator  with Powered by E-Tech, with Extraordinary Stor...",Inverter CompressorBuilt-in Stabilizer1 Year Warranty on Product and 10 Years Warranty on Compressor,Fridge,17490,4.0,3.0,Economic
LG 242 L Frost Free Double Door 2 Star Refrigerator  with DoorCooling+ & Smart Inverter Compressor,Inverter CompressorBuilt-in Stabilizer1 Year Warranty on Product and 10 Years Warranty on Compressor From LG,Fridge,23990,1.9,0.0,Mid-range
"Godrej 472 L Frost Free Double Door 2 Star Refrigerator  with AI Tech, Digital Inverter, And 95%+ Food...","Inverter compressorBuilt-in Stabilizer1 Year Comprehensive Warranty on Product, 2 years extended warranty on Product and 10 Years Warranty on Compressor",Fridge,47990,4.1,107.0,Mid-range
SAMSUNG 256 L Frost Free Double Door 3 Star Convertible Refrigerator  with Digital Inverter and Displa...,"Digital Inverter CompressorBuilt-in Stabilizer1 year comprehensive warranty on the product, 20 years on compressor by the brand.",Fridge,29490,3.5,225.0,Mid-range
Whirlpool 236 L Direct Cool Single Door 4 Star Refrigerator  with Auto Defrost,"Reciprocatory CompressorBuilt-in Stabilizer1 Year Comprehensive Warranty on Product, 9 Years Warranty on Compressor",Fridge,21190,1.9,435.0,Mid-range
Panasonic 237 L Frost Free Double Door 2 Star Refrigerator,Inverter CompressorBuilt-in Stabilizer1 Year Comprehensive Warranty on Product and 10 Years Warranty on Compressor,Fridge,22490,1.6,1.0,Mid-range
SAMSUNG 256 L Frost Free Double Door 3 Star Refrigerator  with Digital Inverter and Display,Digital Inverter CompressorBuilt-in Stabilizer1 Year Comprehensive Warranty on Product and 20 Years Warranty on Compressor,Fridge,28590,3.7,225.0,Mid-range
LG 242 L Frost Free Double Door 3 Star Refrigerator  with DoorCooling+ & Smart Inverter Compressor,Smart InverterBuilt-in Stabilizer1 Year on Product and 10 Years on Compressor from LG,Fridge,24990,2.1,1607.0,Mid-range
"LG 655 L Frost Free Side by Side Refrigerator  with Smart Inverter Compressor, AI ThinQ (Wi-Fi), Door ...",Smart Inverter CompressorBuilt-in Stabilizer1 Year Warranty on Product and 10 Years on Compressor From LG,Fridge,84990,4.6,0.0,Premium
BPL 45 L Direct Cool Single Door 2 Star Refrigerator,Reciprocating CompressorBuilt-in Stabilizer1 Year Warranty on Product and 5 Years Warranty on Compressor,Fridge,10843,4.1,4.0,Economic
Haier 602 L Frost Free Side by Side Convertible Refrigerator  with 100% Convertible Fridge SpaceDigita...,Inverter CompressorBuilt-in Stabilizer1 Year Warranty on Product and 10 Years Warranty on Compressor,Fridge,84990,4.2,162.0,Premium
Whirlpool 207 L Direct Cool Single Door 5 Star Refrigerator with Base Drawer,Inverter CompressorBuilt-in Stabilizer1 Year Warranty on Product and 10 Years Warranty on Compressor,Fridge,25999,2.0,450.0,Mid-range
Whirlpool 207 L Direct Cool Single Door 5 Star Refrigerator with Base Drawer,Inverter CompressorBuilt-in Stabilizer1 Year on Product and 10 Years on Compressor from Whirlpool,Fridge,19690,2.0,450.0,Mid-range
Godrej 331 L Frost Free Double Door Top Mount 2 Star Convertible Refrigerator,InverterBuilt-in Stabilizer1 Year on Product,Fridge,29990,4.8,3.0,Mid-range
Rockwell 8 L Thermoelectric Cooling Single Door 1 Star Refrigerator,,Fridge,5745,4.6,0.0,Economic
Whirlpool 215 L Direct Cool Single Door 5 Star Refrigerator,IntelliSense Inverter CompressorBuilt-in Stabilizer1 Year on Product and 10 Years on Compressor from Whirlpool,Fridge,18590,3.5,117.0,Economic
realme TechLife 205 L Direct Cool Single Door 2 Star Refrigerator,Inverter CompressorBuilt-in Stabilizer1 Year Warranty on Product and 10 Years Warranty on Compressor,Fridge,13990,3.0,195.0,Economic
SAMSUNG 189 L Direct Cool Single Door 5 Star Refrigerator,Digital Inverter CompressorBuilt-in Stabilizer1 Year Comprehensive Warranty on Product and 20 Years Warranty on Compressor,Fridge,19900,3.8,2.0,Economic
Whirlpool 235 L Frost Free Double Door 2 Star Refrigerator,Intellisense InverterBuilt-in Stabilizer1 year Comprehensive + 9 years on Compressor,Fridge,23490,1.6,1.0,Mid-range
Whirlpool 207 L Direct Cool Single Door 5 Star Refrigerator,Normal Compressor1 Year on Product and 10 Years on Compressor from Whirlpool,Fridge,18325,2.9,1051.0,Economic
Lloyd by Havells 188 L Direct Cool Single Door 3 Star Refrigerator,Fixed speedBuilt-in Stabilizer1 Year Warranty on product and 9 year warranty on Compressor,Fridge,13990,2.9,488.0,Economic
Whirlpool 440 L Frost Free Double Door 3 Star Convertible Refrigerator,Digital InverterBuilt-in Stabilizer1 Year Warranty on Unit and 10 Years Warranty on Compressor from Whirlpool,Fridge,53290,3.6,1395.0,Premium
Whirlpool 184 L Direct Cool Single Door 3 Star Refrigerator,"Normal CompressorBuilt-in Stabilizer1 Year Comprehensive Warranty on Product, 10 Years Warranty on Compressor",Fridge,15990,4.2,0.0,Economic
Lloyd 188 L Direct Cool Single Door 1 Star Refrigerator,"Normal CompressorBuilt-in Stabilizer1 year comprehensive warranty on the product, 10 years on compressor by the brand.",Fridge,14399,4.3,0.0,Economic
Whirlpool 245 L Direct Cool Single Door 3 Star Refrigerator,Digital CompressorBuilt-in Stabilizer1 Year Warranty on Product and 10 Years Warranty on Compressor from Whirlpool,Fridge,18590,1.7,0.0,Mid-range
Whirlpool 192 L Direct Cool Single Door 4 Star Refrigerator,Normal CompressorBuilt-in Stabilizer1 Year Comprehensive Warranty on Product and 9 Years Additional Warranty on Compressor,Fridge,17999,2.8,0.0,Economic
Panasonic 197 L Direct Cool Single Door 2 Star Refrigerator,Digital Inverter CompressorBuilt-in Stabilizer1 Year on Product and 10 Years on Compressor,Fridge,16500,2.5,0.0,Economic
"LG 224 L Direct Cool Single Door 4 Star Refrigerator  with Smart Inverter Compressor, Humidity Control...",Smart Inverter CompressorBuilt-in Stabilizer1 Year Warranty on Product and 10 Years Warranty on Compressor from LG,Fridge,24750,2.7,1.0,Mid-range
Panasonic 257 L Frost Free Double Door 3 Star Refrigerator,Inverter CompressorBuilt-in Stabilizer1 Year Comprehensive Warranty on Product and 10 Years on Compressor,Fridge,27790,1.4,2.0,Mid-range
Whirlpool 325 L Frost Free Double Door Bottom Mount 3 Star Refrigerator,Intellisense Inverter CompressorBuilt-in Stabilizer1 Year on Product and 10 Years on the Compressor from Whirlpool,Fridge,37490,1.9,9.0,Mid-range
Godrej 350 L Frost Free Double Door 2 Star Convertible Refrigerator  with 95%+ Food Surface Disinfecti...,Inverter compressorBuilt-in Stabilizer1 Year Comprehensive Warranty on Product and 10 Years Warranty on Compressor,Fridge,34890,1.5,107.0,Mid-range
Godrej 253 L Frost Free Double Door 2 Star Refrigerator,Inverter CompressorBuilt-in Stabilizer1 Year Comprehensive Warranty on Product and 10 Years Warranty on Compressor,Fridge,24411,4.0,881.0,Mid-range
SAMSUNG 530 L Frost Free Double Door 1 Star Convertible Refrigerator,Digital Inverter CompressorBuilt-in Stabilizer1 Year Comprehensive Warranty on Product and 10 Years Warrranty on Compressor,Fridge,65490,1.6,0.0,Premium
LG 398 L Frost Free Double Door 3 Star Convertible Refrigerator  with Smart Inverter with Door Cooling...,Smart Inverter CompressorBuilt-in Stabilizer1 Year Warranty on Product and 10 Years Warranty on Compressor From LG,Fridge,57990,1.7,11.0,Premium
BOSCH 269 L Frost Free Double Door Top Mount 3 Star Convertible Refrigerator,Vario Inverter CompressorBuilt-in Stabilizer1 Year on Product and 10 Years on Compressor from Bosch,Fridge,42090,3.7,0.0,Mid-range
Haier 190 L Direct Cool Single Door 5 Star Refrigerator,Normal CompressorBuilt-in Stabilizer1 Year Warranty on Product and 10 Years Warranty on Compressor from Haier,Fridge,16999,3.2,628.0,Economic
SAMSUNG 215 L Direct Cool Single Door 4 Star Refrigerator,Digital Inverter CompressorBuilt-in Stabilizer1 Year Warranty on Product and 10 Years Warranty on Compressor,Fridge,21220,3.8,0.0,Economic
Whirlpool 231 L Frost Free Double Door 2 Star Refrigerator,Inverter CompressorBuilt-in Stabilizer1 Year Comprehensive Warranty on Product and 9 Years Warranty on Compressor,Fridge,30500,3.0,471.0,Mid-range
"SAMSUNG 653 L Frost Free Side by Side 3 Star Refrigerator  with AI and WiFi, Convertible 5-in-1, Glass...",Digital Inverter CompressorBuilt-in Stabilizer1 Year Comprehensive Warranty on Product and 20 Years Warranty on Compressor,Fridge,99990,4.9,120.0,Premium
SAMSUNG 253 L Frost Free Double Door 3 Star Refrigerator,"Digital Inverter CompressorBuilt-in Stabilizer1 year comprehensive warranty on product, 20 years on compressor, For all Refrigerators with Digital Inverter Compressors, sold on or after 1st Dec 2022 (All Refrigerator apart from Non-Digital Inverter Technology Direct Cool Models) the Warranty period on the Digital Inverter Compressor shall be revised from 10 years to 20 years.",Fridge,24990,3.8,2005.0,Mid-range
SAMSUNG 256 L Frost Free Double Door 2 Star Refrigerator,Digital Inverter CompressorBuilt-in Stabilizer1 Year Comprehensive Warranty on Product and 20 Years Warranty on Compressor,Fridge,29490,3.5,0.0,Mid-range
LG 215 L Direct Cool Single Door 3 Star Refrigerator with Base Drawer,Smart Inverter CompressorBuilt-in Stabilizer1 Year Warranty on Product and 10 Years on Compressor From LG,Fridge,18799,3.0,4.0,Economic
Orient Electric 25 L Storage Water Geyser ,"Storage Geyser25 L7 Years on Tank, 4 Years on Element, 2 Years on Product",geyser,7985,1.1,88.0,Economic
MinMAX 15 L Storage Water Geyser ,Storage Geyser15 L60 months warranty on Inner Tank 12 Months warranty on Components  + 3Months extended warranty to get it registered you have register it with brand within 15 day (coustomer care +91 9625151748),geyser,3356,4.4,2.0,Economic
HAVELLS 6 L Gas Water Geyser ,Gas Geyser6 L2 Year Comprehensive Warranty and 5 Year on Inner Container,geyser,6509,3.7,67.0,Economic
Sansui 15 L Storage Water Geyser with LED Light ,Storage Geyser15 L2 Years Warranty,geyser,5799,2.6,47.0,Economic
BAJAJ 10 L Storage Water Geyser ,"Storage Geyser10 L10 years warranty on tank, 6 years warranty on element and 4 years warranty on product",geyser,5799,1.1,3308.0,Economic
Crompton 5 L Instant Water Geyser ,Instant Geyser5 L2 years comprehensive warranty and 5 years on tank.,geyser,3999,4.6,2487.0,Economic
Candes 10 L Storage Water Geyser ,"Storage Geyser10 L1 Year Warranty on Components & 4 Years Warranty on Inner Container  including On-Site & Off-Site, Domestic & International Warranty",geyser,3449,1.6,2646.0,Economic
Blowhot 6 L Gas Water Geyser ,Gas Geyser6 L1 Year General Warranty & 2 Years Warranty On Heat Exchanger.,geyser,5990,3.4,59.0,Economic
Blowhot 15 L Storage Water Geyser ,"Storage Geyser15 L1 Year General Warranty (5 Years Storage Tank, 2 Years Heating Element, 1 Year Solenoid Valve)",geyser,7490,2.7,26.0,Economic
Venus 15 L Storage Water Geyser ,"Storage Geyser15 LGuarantee - 5 Years on Inner Tank, 2 Years on Heating Element & 2 Years on Product",geyser,6053,2.9,8.0,Economic
Sansui 15 L Storage Water Geyser ,Storage Geyser15 L2 Years Warranty,geyser,4599,1.7,47.0,Economic
Candes 25 L Storage Water Geyser ,"Storage Geyser25 L1 Year Warranty on Components & 4 Years Warranty on Inner Container  including On-Site & Off-Site, Domestic & International Warranty",geyser,4499,3.5,2646.0,Economic
Longway 25 L Storage Water Geyser ,Storage Geyser25 L1 Year Limited Domestic Brand Warranty on Product & 5 Years on Inner Tank/Container.,geyser,3799,3.6,5453.0,Economic
Crompton 10 L Instant Water Geyser ,Instant Geyser10 L5 YEARS IN TANK 2 YEARS PRODUCT,geyser,5549,4.3,2.0,Economic
Candes 10 L Storage Water Geyser ,"Storage Geyser10 L1 Year Warranty on Components & 4 Years Warranty on Inner Container  including On-Site & Off-Site, Domestic & International Warranty",geyser,3469,4.7,544.0,Economic
Longway 15 L Storage Water Geyser ,Storage Geyser15 L1 Year Limited Domestic Brand Warranty on Product & 5 Years on Inner Tank/Container.,geyser,3699,3.3,931.0,Economic
Kenstar 25 L Storage Water Geyser ,"Storage Geyser25 L2 Years Comprehensive Warranty. 5 Years on Tank, 2 Years on Heating Element, 2 Years on Product",geyser,5299,2.8,378.0,Economic
Crompton 3 L Instant Water Geyser ,Instant Geyser3 L2 Year Manufacturer Warranty,geyser,2599,1.1,278.0,Economic
0,"Storage Geyser15 L7 Years Warranty on Tank, 3 Years Warranty on Heating Element, 2 Years Product Comprehensive Warranty",geyser,16141,2.2,0.0,Economic
HAVELLS 10 L Storage Water Geyser ,"Storage Geyser10 L7 Years Warranty on Inner Container, 4 Years Warranty on Heating Element, 2 Years Comprehensive Warranty",geyser,10020,1.2,3.0,Economic
AO Smith 25 L Storage Water Geyser ,"Storage Geyser25 L7 Years Warranty on Tank, 2+2 years warranty on Heating Element & 2 years comprehensive warranty on the Product.",geyser,14599,2.6,210.0,Economic
Racold 5 L Instant Water Geyser ,Instant Geyser5 L5 YEARS WARRANTY ON INNER TANK || 2 YEARS waRRANTY ON ELEMENT || 2 YEARS oN PRODUCT,geyser,4499,4.8,1.0,Economic
Racold 10 L Storage Water Geyser with Flexi Pipe and Free Installation ,"Storage Geyser10 L2 Years on Product, 4 Years on Heating Element and 7 Years on Tank",geyser,8399,3.2,7.0,Economic
HAVELLS 15 L Storage Water Geyser ,"Storage Geyser15 L7 Years Warranty on Inner Container, 4 Years Warranty on Heating Element and 2 Years Comprehensive Warranty",geyser,10030,2.7,5.0,Economic
BAJAJ 15 L Storage Water Geyser ,"Storage Geyser15 L2 years on product and 10 years on inner tank, 3 years om Element",geyser,8199,3.1,0.0,Economic
Venus 10 L Storage Water Geyser ,"Storage Geyser10 LGuarantee -7 Years on Inner Tank, 3 Years on Heating Element & 2 Years on Product",geyser,6276,3.4,4.0,Economic
HAVELLS 25 L Storage Water Geyser ,"Storage Geyser25 L2 Years Comprehensive Warranty on Product, 7 Years Warranty on Inner Container, 4 Years Warranty on Heating Element",geyser,15200,4.0,4.0,Economic
V-Guard 25 L Storage Water Geyser with Free Installation & Flexi Pipes ,"Storage Geyser25 L2 Year on Product, 4 Year on Heating Element, 7 Year on Inner Tank",geyser,10399,2.6,29.0,Economic
Crompton 10 L Storage Water Geyser ,"Storage Geyser10 LTank: 5 years, Heating Element: 2 years, Product: 2 years",geyser,7499,4.2,0.0,Economic
Crompton 15 L Storage Water Geyser ,"Storage Geyser15 L7 Years Warranty on Tank, 3 Years Warranty on Heating Element and 2 Years Warranty on Product",geyser,8250,2.1,0.0,Economic
HAVELLS 3 L Instant Water Geyser ,"Instant Geyser3 L2 Years Comprehensive Warranty, 5 Years Warranty on Inner Container and 2 Years Warranty on Heating Element",geyser,2799,1.8,728.0,Economic
CG 10 L Storage Water Geyser ,Storage Geyser10 L5 Year Inner Tank Warranty 2 Year Product Warranty,geyser,4999,4.0,38.0,Economic
Haier 25 L Storage Water Geyser Shock Proof Voltage Fluctuation Proof ,Storage Geyser25 L4 years on product and 7 years on tank,geyser,8990,1.5,65.0,Economic
Indo 6 L Storage Water Geyser ,"Storage Geyser6 L2 Years On product, 3 years on Heating Element and 5 Years Warranty on Inner Tank",geyser,3949,1.5,0.0,Economic
AO Smith 15 L Storage Water Geyser ,Storage Geyser15 L7 year warranty on the inner tank and 3 years warranty on the heating element,geyser,8820,4.3,0.0,Economic
Venus 15 L Storage Water Geyser ,Storage Geyser15 L7 Years on Heater Tank & 3 Years on Heating Element & 2 Years on Product,geyser,10400,1.0,19.0,Economic
Venus 10 L Storage Water Geyser ,Storage Geyser10 L7 Years on Heater Tank & 4 Years on Heating Element & 2 Years on Product,geyser,9250,3.9,12.0,Economic
Racold 3 L Storage Water Geyser ,Storage Geyser3 L2 Year For Complete Geyser And 5 Years For Tank,geyser,3625,2.1,2.0,Economic
Racold 10 L Storage Water Geyser ,"Storage Geyser10 L2 Years on Product, 2 Years on Heating Element and 3 Years on Tank",geyser,6199,3.4,7.0,Economic
HAVELLS 5 L Storage Water Geyser ,"Storage Geyser5 L7 YEARS INNER CONTAINER WARRANTY, 4 YEARS HEATING ELEMENT WARRANTY, 2YEARS COMPREHENSIVE WARRANTY",geyser,6990,1.8,0.0,Economic
Haier 25 L Storage Water Geyser ,Storage Geyser25 L4 years on product 7 years on inner tank,geyser,9129,2.5,60.0,Economic
Capital 1 L Instant Water Geyser ,Instant Geyser1 Lna,geyser,1099,1.5,605.0,Economic
THERMO KING 15 L Storage Water Geyser ,Storage Geyser15 L2,geyser,3449,4.3,0.0,Economic
V-Guard 6 L Gas Water Geyser ,"Gas Geyser6 LWe undertake to repair this water heater free of charge for 2 years from the date of purchase against originally defective materials or workmanship, provided that the water heater is returned, freight paid, by the owner to our service center. However, the warranty does not cover damage/defect of any nature resulting from improper selection, installation, misuse, or repair effected by unauthorized persons",geyser,5560,4.2,87.0,Economic
Aulten 50 L Storage Water Geyser ,"Storage Geyser50 L2 Year Replacement Warranty. In Case of Warranty Claims and After Sales Service, Contact The Customer Care No. 9811597709",geyser,8349,1.9,0.0,Economic
Racold 15 L Storage Water Geyser ,Storage Geyser15 L2 Years  Product Warranty,geyser,8739,3.2,4.0,Economic
Hindware Smart Appliances 15 L Storage Water Geyser ,"Storage Geyser15 L2 Years Comprehensive Warranty on Product, 3 Years Warranty on Heating Element and 5 Years Warranty on Tank",geyser,6699,1.6,681.0,Economic
Crompton 50 L Storage Water Geyser ,"Storage Geyser50 LTank: 5 years, Heating Element: 2 years, Product: 2 years",geyser,17000,4.5,0.0,Economic
V-Guard 25 L Storage Water Geyser ,"Storage Geyser25 L2 Years on Product, 3 Years on Heating Element and 7 Years on Inner Tank",geyser,9990,1.4,60.0,Economic
ACTIVA 3 L Instant Water Geyser ,"Instant Geyser3 L5 Year Warranty On Inner Tank, 1 Year On Components",geyser,1699,2.4,1907.0,Economic
Crompton 15 L Storage Water Geyser ,"Storage Geyser15 LTank: 7 years, Heating Element: 2 years, Product: 2 years",geyser,9149,4.9,160.0,Economic
Venus 3 L Instant Water Geyser ,Instant Geyser3 L10 years on tank and 2 years on product and 2 years on heating element,geyser,4975,1.5,31.0,Economic
Crompton 25 L Storage Water Geyser ,"Storage Geyser25 LTank: 5 years, Heating Element: 2 years, Product: 2 years",geyser,6489,2.0,1.0,Economic
V-Guard 25 L Storage Water Geyser ,"Storage Geyser25 L2 Year on Product, 3 Year on Heating Element, 5 Year on Inner Tank",geyser,8549,4.9,30.0,Economic
zigma 10 L Storage Water Geyser ,Storage Geyser10 L1 Year Manufacture Warranty on Components and 5 Years Warranty on Inner Container.,geyser,4499,2.1,0.0,Economic
V-Guard 15 L Storage Water Geyser with Free Installation & Flexi Pipes ,"Storage Geyser15 L2 Year on Product, 4 Year on Heating Element, 7 Year on Inner Tank",geyser,9499,1.5,29.0,Economic
AO Smith 10 L Storage Water Geyser ,Storage Geyser10 LNA,geyser,8790,2.5,3.0,Economic
OMEGA'S 15 L Storage Water Geyser ,Storage Geyser15 L5 Years On Tank; 2 Years On Product; 2 Years On Elements. On-Site By Company Authorised Service Center,geyser,5099,2.6,1.0,Economic
BAJAJ 15 L Storage Water Geyser ,Storage Geyser15 L2 Year Manufacturer Warranty,geyser,6999,4.5,101.0,Economic
Racold 3 L Instant Water Geyser ,Instant Geyser3 L5 YEARS TANK || 2 YEARS PRODUCT,geyser,3604,2.5,1.0,Economic
Kanishka 15 L Storage Water Geyser ,Storage Geyser15 L1 Year Manufacture Warranty on Components and 5 Years Warranty on Inner Container.,geyser,3499,1.8,0.0,Economic
V-Guard 15 L Storage Water Geyser ,"Storage Geyser15 L2 year product warranty, 3 years for heating element and 7 years warranty for inner tank. Please contact V-Guard Customer Care 1800 103 1300(Toll-free) for service-related issues",geyser,7495,4.4,0.0,Economic
Ruchi World 1 L Instant Water Geyser ,Instant Geyser1 L6 MONTH WARRANTY,geyser,847,3.8,9.0,Economic
ACTIVA 3 L Instant Water Geyser ,"Instant Geyser3 L5 Year Warranty On Inner Tank, 1 Year On Components",geyser,1799,3.0,258.0,Economic
Orient Electric 15 L Storage Water Geyser ,"Storage Geyser15 L7 Years on Tank, 4 Years on Heating Element and 2 Years on Product",geyser,7970,3.1,11.0,Economic
Hindware Smart Appliances 15 L Storage Water Geyser ,"Storage Geyser15 L2 Years Comprehensive, 3 Years on Heating Element, 7 Years on Tank",geyser,5499,3.0,1628.0,Economic
Orient Electric 5.5 L Instant Water Geyser ,Instant Geyser5.5 L2 YEAR WARRANTY,geyser,3574,2.7,1.0,Economic
Acer Swift Go 14 EVO OLED Intel Core i5 13th Gen 13500H ,Intel Core i5 Processor (13th Gen)16 GB LPDDR5 RAMWindows 11 Operating System512 GB SSD35.56 cm (14 Inch) Display1 Year Onsite Warranty,laptops,54990,1.9,293.0,Premium
ASUS Vivobook 15 Intel Core i3 12th Gen 1215U ,Intel Core i3 Processor (12th Gen)16 GB DDR4 RAMWindows 11 Home Operating System512 GB SSD39.62 cm (15.6 Inch) Display1 Year Onsite Warranty,laptops,54990,2.0,476.0,Premium
Infinix GT Book Intel Core i5 12th Gen 12450H ,Intel Core i5 Processor (12th Gen)16 GB LPDDR5 RAMWindows 11 Operating System512 GB SSD40.64 cm (16 inch) DisplayControl Center1 Year Domestic Onsite Warranty On Laptop and 6 Months On Adapter,laptops,57990,5.0,17.0,Premium
ASUS TUF Gaming F15 ,Intel Core i5 Processor (11th Gen)8 GB DDR4 RAMWindows 11 Operating System512 GB SSD39.62 cm (15.6 Inch) Display1 Year Carry-in Warranty,laptops,47990,4.6,500.0,Mid-range
MSI Sword 16 HX Intel Core i7 13th Gen 13700HX ,Intel Core i7 Processor (13th Gen)16 GB DDR5 RAMWindows 11 Operating System1 TB SSD40.64 cm (16 Inch) Display2 Year Onsite Warranty,laptops,99990,4.3,6.0,Premium
ASUS Vivobook 15X Intel Core i5 13th Gen 1315U ,Intel Core i5 Processor (13th Gen)16 GB DDR4 RAMWindows 11 Operating System512 GB SSD39.62 cm (15.6 Inch) Display1 Year Onsite Warranty,laptops,51990,2.5,9.0,Premium
ASUS Vivobook Intel Core i3 12th Gen 1215U ,Intel Core i3 Processor (12th Gen)8 GB DDR4 RAMWindows 11 Operating System512 GB SSD39.62 cm (15.6 Inch) DisplayMicrosoft Office Home & Student 20211 Year Onsite Warranty,laptops,31990,4.5,71.0,Mid-range
MSI Modern 15 Intel Core i5 12th Gen 1235U ,Intel Core i5 Processor (12th Gen)8 GB DDR4 RAMWindows 11 Operating System512 GB SSD39.62 cm (15.6 Inch) Display1 Year Onsite Warranty,laptops,36990,2.7,136.0,Mid-range
MSI Sword 16 HX Intel Core i9 13th Gen 13980HX ,Intel Core i9 Processor (13th Gen)32 GB DDR5 RAMWindows 11 Operating System1 TB SSD40.64 cm (16 Inch) Display2 Year Onsite Warranty,laptops,119990,2.1,0.0,Premium
GIGABYTE G Series Intel Core i7 12th Gen 12650H ,Intel Core i7 Processor (12th Gen)16 GB DDR5 RAMWindows 11 Operating System512 GB SSD40.64 cm (16 inch) Display2 Year Carry-in Warranty,laptops,72990,2.6,0.0,Premium
Acer Aspire 7 Intel Core i5 12th Gen 12450H ,Intel Core i5 Processor (12th Gen)16 GB DDR4 RAMWindows 11 Operating System512 GB SSD39.62 cm (15.6 Inch) Display1 Year Onsite Warranty,laptops,54990,3.5,170.0,Premium
Lenovo IdeaPad Slim 5 Intel Core i7 13th Gen 13700H ,Intel Core i7 Processor (13th Gen)16 GB LPDDR5 RAMWindows 11 Operating System512 GB SSD40.64 cm (16 Inch) DisplayMicrosoft Office Home & Student 20211Yr Warranty + 1 Yr Premium Care and 1 Yr Accidental Damage Protection,laptops,76990,2.8,14.0,Premium
Acer Aspire 3 Intel Core i3 12th Gen 1215U ,Intel Core i3 Processor (12th Gen)8 GB DDR4 RAM64 bit Windows 11 Operating System512 GB SSD35.56 cm (14 Inch) Display1 Year Domestic Warranty,laptops,25990,2.6,90.0,Mid-range
Infinix Y4 Max Series Intel Core i3 13th Gen 1315U ,Intel Core i3 Processor (13th Gen)8 GB LPDDR4X RAMWindows 11 Operating System512 GB SSD40.64 cm (16 inch) DisplayNA1 Year Onsite Warranty,laptops,29990,1.8,11.0,Mid-range
ASUS Vivobook Go 15 OLED AMD Ryzen 5 Quad Core 7520U ,AMD Ryzen 5 Quad Core Processor8 GB LPDDR5 RAMWindows 11 Operating System512 GB SSD39.62 cm (15.6 Inch) Display1 Year Onsite Warranty,laptops,43990,1.2,163.0,Mid-range
ZEBRONICS Pro Series Y Intel Core i5 11th Gen 1155G7 ,Intel Core i5 Processor (11th Gen)8 GB LPDDR4X RAMWindows 11 Operating System512 GB SSD39.62 cm (15.6 inch) Display1 Year Carry-in Warranty,laptops,25990,2.7,112.0,Mid-range
Lenovo IdeaPad Slim 5 WUXGA IPS Intel Core i5 12th Gen 12450H ,Intel Core i5 Processor (12th Gen)16 GB LPDDR5 RAMWindows 11 Operating System512 GB SSD40.64 cm (16 Inch) Display1Yr Warranty + 1 Yr Premium Care and 1 Yr Accidental Damage Protection,laptops,56991,2.2,18.0,Premium
DELL Vostro Intel Core i3 12th Gen 1215U ,Intel Core i3 Processor (12th Gen)8 GB DDR4 RAM64 bit Windows 11 Home Operating System512 GB SSD39.62 cm (15.6 inch) DisplayOffice Home & Student 20211 Year Onsite Hardware Service,laptops,32790,3.1,13.0,Mid-range
ASUS Vivobook Go 15 Intel Celeron Dual Core N4020 ,Intel Celeron Dual Core Processor8 GB DDR4 RAMWindows 11 Operating System512 GB SSD39.62 cm (15.6 Inch) Display1 Year Onsite Warranty,laptops,24990,2.3,62.0,Mid-range
MSI Modern 15 H Intel Core i7 13th Gen 13700H ,Intel Core i7 Processor (13th Gen)16 GB DDR4 RAMWindows 11 Operating System1 TB SSD39.62 cm (15.6 inch) Display1 Year Warranty Term,laptops,65990,1.7,0.0,Premium
ASUS Chromebook Intel Celeron Dual Core N4500 ,Intel Celeron Dual Core Processor4 GB LPDDR4X RAMChrome Operating System39.62 cm (15.6 Inch) Display1 Year Onsite Warranty,laptops,13490,3.5,115.0,Economic
ASUS Chromebook Intel Celeron Dual Core N4500 ,Intel Celeron Dual Core Processor8 GB LPDDR4X RAMChrome Operating System35.56 cm (14 Inch) Touchscreen Display1 Year Onsite Warranty,laptops,24990,1.7,9.0,Mid-range
MSI Thin 15 Intel Core i7 12th Gen 12650H ,Intel Core i7 Processor (12th Gen)16 GB DDR4 RAMWindows 11 Operating System512 GB SSD39.62 cm (15.6 Inch) Display2 Year Onsite Warranty,laptops,61990,4.0,0.0,Premium
HP Victus AMD Ryzen 5 Octa Core 5600H ,AMD Ryzen 5 Octa Core Processor16 GB DDR4 RAMWindows 11 Operating System512 GB SSD39.62 cm (15.6 Inch) Display1 Year Onsite Warranty,laptops,55990,3.6,9.0,Premium
Lenovo IdeaPad Gaming Backlit AMD Ryzen 7 Octa Core 7735HS ,AMD Ryzen 7 Octa Core Processor16 GB DDR5 RAMWindows 11 Operating System512 GB SSD39.62 cm (15.6 Inch) Display1 Year Onsite warranty,laptops,69990,4.4,0.0,Premium
Avita Liber E with Free 3,Intel Core i3 Processor (12th Gen)8 GB DDR4 RAM64 bit Windows 11 Home Operating System512 GB SSD39.62 cm (15.6 inch) DisplayPre loaded windows APP1 Year Manufacturing Warranty,laptops,25990,1.6,5.0,Mid-range
MSI Thin 15 Intel Core i5 13th Gen 13420H ,Intel Core i5 Processor (13th Gen)16 GB DDR4 RAMWindows 11 Operating System512 GB SSD39.62 cm (15.6 Inch) Display2 Year Onsite Warranty,laptops,57990,3.8,1.0,Premium
Lenovo IdeaPad Flex 5 Intel Core i7 13th Gen 1355U ,Intel Core i7 Processor (13th Gen)16 GB LPDDR4X RAMWindows 11 Operating System512 GB SSD35.56 cm (14 Inch) Touchscreen DisplayMicrosoft Office Home & Student 20211 Year Carry-in Warranty,laptops,82890,3.9,1.0,Premium
CHUWI Intel Celeron Quad Core 12th Gen N100 ,"Intel Celeron Quad Core Processor (12th Gen)8 GB LPDDR5 RAM64 bit Windows 11 Home Operating System256 GB SSD39.62 cm (15.6 inch) DisplayWPS Office, Operating System Software1 Year Onsite Warranty",laptops,21990,2.1,40.0,Mid-range
HP 15s AMD Ryzen 5 Quad Core 7520U ,AMD Ryzen 5 Quad Core Processor16 GB LPDDR5 RAM64 bit Windows 11 Operating System512 GB SSD39.62 cm (15.6 Inch) Display1 Year Onsite Warranty,laptops,47490,2.2,1.0,Mid-range
HP Pavilion 15 Intel Core i3 12th Gen 1215U ,Intel Core i3 Processor (12th Gen)8 GB DDR4 RAMWindows 11 Operating System512 GB SSD39.62 cm (15.6 Inch) Display1 Year Onsite Warranty,laptops,49990,3.7,22.0,Mid-range
Apple MacBook Pro Apple M3 ,"Apple M3 Processor8 GB Unified Memory RAMMac OS Operating System1 TB SSD35.56 cm (14 Inch) DisplayBuilt-in Apps- App Store, Books, Calendar, Contacts, FaceTime, Find My, Freeform, GarageBand, Home, iMovie, Keynote, Mail, Maps, Messages, Music, Notes, Numbers, Pages, Photo Booth, Photos, Podcasts, Preview, QuickTime Player, Reminders, Safari, Shortcuts, Siri, Stocks, Time Machine, TV, Voice Memos1 Year Limited Warranty",laptops,174990,2.0,0.0,Premium
HP Victus AMD Ryzen 5 Hexa Core 5600H ,AMD Ryzen 5 Hexa Core Processor16 GB DDR4 RAMWindows 11 Operating System512 GB SSD39.62 cm (15.6 Inch) Display1 Year Onsite Warranty,laptops,55990,3.7,38.0,Premium
HP Intel Core i3 12th Gen 1215U ,Intel Core i3 Processor (12th Gen)8 GB DDR4 RAMWindows 11 Operating System512 GB SSD39.62 cm (15.6 Inch) Display1 Year Onsite Warranty,laptops,35990,3.4,18.0,Mid-range
Lenovo Legion 5 Intel Core i7 14th Gen 14650HX ,Intel Core i7 Processor (14th Gen)16 GB DDR5 RAMWindows 11 Operating System1 TB SSD40.64 cm (16 Inch) DisplayOffice Home & Student 20211Yr Warranty + 1 Yr Legion Ultimate Support and 1 Yr Accidental Damage Protection,laptops,129690,4.5,2.0,Premium
WINGS Nuvobook S2 Aluminium Alloy Metal Body Intel Intel Core i3 11th Gen 1125G4 ,Intel Core i3 Processor (11th Gen)8 GB DDR4 RAMWindows 11 Operating System512 GB SSD39.62 cm (15.6 Inch) Display1 Year Onsite Warranty,laptops,29990,3.9,154.0,Mid-range
ASUS Intel Core i3 13th Gen ,Intel Core i3 Processor (13th Gen)8 GB DDR4 RAMWindows 11 Operating System512 GB SSD39.62 cm (15.6 inch) Display1 year Domestic Warranty,laptops,40189,1.0,0.0,Mid-range
HP Intel Core i5 12th Gen 1235U ,Intel Core i5 Processor (12th Gen)16 GB DDR4 RAM64 bit Windows 11 Operating System512 GB SSD39.62 cm (15.6 inch) DisplayMicrosoft Office Home & Student 20211 Year Onsite Warranty,laptops,51990,4.2,5.0,Mid-range
HP Chromebook Plus Intel Core i3 N305 ,Intel Core i3 Processor8 GB LPDDR5 RAMChrome Operating System35.56 cm (14 Inch) Touchscreen Display1 Year Onsite Warranty,laptops,45990,1.1,0.0,Mid-range
Infinix INBook X2 Plus Intel Core i5 11th Gen 1155G7 ,Intel Core i5 Processor (11th Gen)16 GB LPDDR4X RAM64 bit Windows 11 Operating System512 GB SSD39.62 cm (15.6 Inch) Display1 Year Onsite Warranty,laptops,42990,1.7,59.0,Mid-range
DELL AMD Ryzen 3 Quad Core 7320U ,AMD Ryzen 3 Quad Core Processor8 GB LPDDR5 RAMWindows 11 Operating System512 GB SSD39.62 cm (15.6 Inch) Display1 Year Onsite Hardware Service,laptops,34900,4.7,0.0,Mid-range
Acer Intel Core i5 11th Gen ,Intel Core i5 Processor (11th Gen)16 GB DDR4 RAMWindows 11 Operating System512 GB SSD39.62 cm (15.6 inch) Display1 year,laptops,40990,2.7,3.0,Mid-range
HP Victus Intel Core i5 12th Gen 12450H ,Intel Core i5 Processor (12th Gen)8 GB DDR4 RAM64 bit Windows 11 Operating System512 GB SSD39.62 cm (15.6 inch) Display1 Year Onsite Warranty,laptops,53990,2.9,4.0,Premium
"ASUS Vivobook S 15 OLED Powered Copilot + , AI PC Qualcomm Snapdragon X Elite ",Qualcomm Snapdragon X Elite Processor16 GB LPDDR5X RAMWindows 11 Operating System1 TB SSD39.62 cm (15.6 Inch) Display1 Year Onsite Warranty,laptops,124990,2.9,2.0,Premium
DELL Intel Core i5 11th Gen 1135G7 ,Intel Core i5 Processor (11th Gen)8 GB DDR4 RAM64 bit Windows 10 Operating System512 GB SSD39.62 cm (15.6 inch) DisplayOffice Home and Student 20191 Year Onsite Warranty,laptops,49999,4.3,0.0,Mid-range
HP 15s Intel Core i7 12th Gen 1255U ,Intel Core i7 Processor (12th Gen)16 GB DDR4 RAM64 bit Windows 11 Operating System512 GB SSD39.62 cm (15.6 inch) Display1 Year Onsite Warranty,laptops,65990,4.9,0.0,Premium
HP Intel Core i3 11th Gen ,Intel Core i3 Processor (11th Gen)8 GB DDR4 RAMWindows 11 Operating System512 GB SSD39.62 cm (15.6 inch) Display1-year warranty,laptops,38999,4.4,4.0,Mid-range
Acer Aspire 3 AMD Ryzen 5 Quad Core 7520U ,AMD Ryzen 5 Quad Core Processor8 GB LPDDR5 RAM64 bit Windows 11 Operating System512 GB SSD39.62 cm (15.6 Inch) Display1 Year International Travelers Warranty,laptops,33490,1.0,4.0,Mid-range
HP 15s Intel Core i5 11th Gen 1135G7 ,"Intel Core i5 Processor (11th Gen)8 GB DDR4 RAM64 bit Windows 10 Operating System512 GB SSD39.62 cm (15.6 inch) DisplayMicrosoft Office Home and Student 2019, HP Documentation, HP CoolSense , HP SSRM , HP Smart, HP Support Assistant1 Year Onsite Warranty",laptops,49000,1.7,82.0,Mid-range
MSI Thin 15 Intel Core i5 12th Gen 12450H ,Intel Core i5 Processor (12th Gen)16 GB DDR4 RAMWindows 11 Operating System512 GB SSD39.62 cm (15.6 Inch) Display2 Year Onsite Warranty,laptops,64990,3.5,0.0,Premium
HP Victus Intel Core i5 12th Gen 12450H ,Intel Core i5 Processor (12th Gen)16 GB DDR4 RAMWindows 11 Operating System512 GB SSD39.62 cm (15.6 inch) Display1 Year Onsite Warranty,laptops,62990,2.8,49.0,Premium
SAMSUNG Galaxy Book4 Intel Core 5 120U ,Intel Core 5 Processor8 GB LPDDR4X RAMWindows 11 Operating System512 GB SSD39.62 cm (15.6 Inch) Display1 Year Manufacturer Warranty for Laptop and 6 Months for In-Box Accessories,laptops,67990,1.9,9.0,Premium
ASUS X1502ZA Intel Core i5 12th Gen 1235U ,Intel Core i5 Processor (12th Gen)8 GB DDR4 RAM64 bit Windows 11 Operating System512 GB SSD39.62 cm (15.6 inch) DisplayOffice Home and Student 2021 included1 Yera International Warranty,laptops,46900,2.0,3.0,Mid-range
Lenovo Legion 5 Intel Core i7 13th Gen 13650HX ,Intel Core i7 Processor (13th Gen)24 GB DDR5 RAMWindows 11 Operating System512 GB SSD39.62 cm (15.6 Inch) Display1 Year Carry-in Warranty,laptops,122690,3.8,9.0,Premium
Lenovo AMD Ryzen 7 Octa Core 7730U ,AMD Ryzen 7 Octa Core Processor16 GB DDR4 RAMWindows 11 Operating System512 GB SSD39.62 cm (15.6 Inch) Display1 Year Onsite warranty,laptops,47390,3.4,8.0,Mid-range
DELL Intel Core i5 13th Gen 13450HX ,Intel Core i5 Processor (13th Gen)16 GB DDR5 RAMWindows 11 Operating System1 TB SSD39.62 cm (15.6 inch) Display1 Year warranty,laptops,77890,2.7,0.0,Premium
HP Victus Intel Core i7 13th Gen 13620H ,Intel Core i7 Processor (13th Gen)16 GB DDR4 RAMWindows 11 Home Operating System1 TB SSD39.62 cm (15.6 inch) DisplayWindows 11 Microsoft Office Home & Student Edition 20211 Year Carry-in Warranty,laptops,110990,2.2,0.0,Premium
HP AMD Ryzen 9 Octa Core 7940HS ,AMD Ryzen 9 Octa Core Processor16 GB DDR5 RAMWindows 11 Operating System1 TB SSD40.89 cm (16.1 Inch) Display1 Year Onsite Warranty,laptops,161990,2.1,0.0,Premium
MSI Modern 14 H Intel Core i7 13th Gen 13620H ,Intel Core i7 Processor (13th Gen)16 GB DDR4 RAMWindows 11 Operating System1 TB SSD35.56 cm (14 inch) Display1 Year Carry-in Warranty,laptops,64990,2.9,6.0,Premium
Acer Aspire 3 Backlit AMD Ryzen 7 Octa Core 7730U ,AMD Ryzen 7 Octa Core Processor16 GB DDR4 RAMWindows 11 Operating System512 GB SSD39.62 cm (15.6 Inch) Display1 Year Carry-in Warranty,laptops,37990,4.8,6.0,Mid-range
Apple MacBook AIR Apple M2 ,"Apple M2 Processor8 GB Unified Memory RAMMac OS Operating System256 GB SSD34.54 cm (13.6 Inch) DisplayBuilt-in Apps: iMovie, Siri, GarageBand, Pages, Numbers, Photos, Keynote, Safari, Mail, FaceTime, Messages, Maps, Stocks, Home, Voice Memos, Notes, Calendar, Contacts, Reminders, Photo Booth, Preview, Books, App Store, Time Machine, TV, Music, Podcasts, Find My, QuickTime Player1 Year Limited WarraÂ­nty",laptops,77990,2.2,691.0,Premium
Voltas Beko 7.5 kg,1350 rpm Max Speed5 Star Rating1 Year Warranty on Product and 5 Years Warranty on Motor,washing machine,9290,2.9,444.0,Economic
Voltas Beko by A Tata Product 7 kg,1350 RPM Max Speed5 Star Rating2 year comprehensive,washing machine,8347,4.8,125.0,Economic
ONIDA 9 kg,"780 RPM Max Speed1 Star Rating1 Year Comprehensive Warranty on Product, 7 Years Warranty on Motor",washing machine,6599,3.2,3033.0,Economic
Whirlpool 11 kg,"1400 rpm Max Speed5 Star Rating2 Years Comprehensive Warranty on Product, 10 Years Warranty on Wash Motor and 5 Years Warranty on Spin Motor",washing machine,15990,3.9,82.0,Economic
SAMSUNG 12 kg,1400 RPM Max Speed5 Star RatingWith In-Built HeaterWith Wi-Fi Connectivity2 Years Comprehensive Warranty on Product and 20 Years Warranty on Digital Inverter Motor,washing machine,48990,3.4,1011.0,Mid-range
BOSCH 10 kg,1200 RPM Max Speed5 Star Rating3 Years Warranty,washing machine,45490,3.4,71.0,Mid-range
IFB 9 kg,"1400 RPM Max Speed5 Star RatingWith In-Built HeaterWith Wi-Fi Connectivity4 Years Comprehensive Warranty on Product, 10 Years Warranty on Motor, 10 Years Spares Support",washing machine,44690,2.7,8238.0,Mid-range
realme TechLife 12 kg,1300 rpm Max Speed5 Star Rating2 Years Comprehensive Warranty on Product and 5 Years Warranty on Motor,washing machine,13490,4.1,6055.0,Economic
Admiral 7.5 kg,1350 rpm Max Speed5 Star Rating3 Years Warranty on Product,washing machine,10949,1.1,1.0,Economic
Thomson 11 kg,1400 RPM Max Speed2 Years Warranty on Product and 5 Years Warranty on Motor,washing machine,11490,3.5,1149.0,Economic
Lloyd by Havells 9 kg,"1300 RPM Max Speed5 Star Rating2 years on product, 5 years on motor",washing machine,13990,1.0,5.0,Economic
Voltas Beko 10 kg,700 rpm Max Speed5 Star Rating1 Year Comprehensive Warranty on Product and 5 Years Motor Warranty,washing machine,19490,3.8,27.0,Economic
LG 10 kg,1200 rpm Max Speed5 Star Rating2 Years Comprehensive Warranty on product and 5 Years Warranty on Motor from LG,washing machine,18399,4.1,11.0,Economic
Midea 7 kg,680 rpm Max Speed5 Star Rating2 Years Warranty on Product and 5 Years on motor,washing machine,12990,3.2,202.0,Economic
LG 11.5 kg,1300 RPM Max Speed5 Star Rating2 Years Comprehensive Warranty on Product and 5 Years on Motor,washing machine,18890,4.1,5.0,Economic
SAMSUNG 8.5 kg,"1300 rpm Max Speed5 Star Rating2 years on product, 2 years on motor (T&C Apply)",washing machine,14800,4.0,4.0,Economic
Thomson 7 kg,1400 rpm Max Speed2 Years Warranty on Product and 5 Years Warranty on Motor,washing machine,8090,4.9,146.0,Economic
IFB 8.5 kg,"1400 rpm Max Speed5 Star RatingWith In-Built Heater4 Years Complete Machine warranty, 10 Years Motor Warranty and 10 Years Spare Part Support from IFB",washing machine,40990,3.1,117.0,Mid-range
Whirlpool 8 kg,1400 RPM Max Speed5 Star RatingWith In-Built Heater2 Years Warranty on Product and 8 Years Warranty on Motor,washing machine,34990,1.2,1.0,Mid-range
Whirlpool 9 kg,740 rpm Max Speed5 Star RatingWith In-Built Heater3 Years Comprehensive Warranty on Product and 7 Years Additional Warranty on Motor and Prime Mover,washing machine,22440,3.1,1437.0,Mid-range
LG 6 kg,1000 rpm Max Speed5 Star RatingWith In-Built Heater2 Years on Product and 10 Years on Motor from LG,washing machine,29990,3.3,59.0,Mid-range
Voltas Beko by A Tata Product 8.5 kg,1300 rpm Max Speed5 Star Rating2 Years Comprehensive Warranty on Product and Additional 3 Years on Wash and Spin Motor,washing machine,11790,3.7,1.0,Economic
Thomson 7.5 kg,1600 RPM Max Speed5 Star Rating2 Years Comprehensive Warranty on Product and 5 Years Warranty on Motor,washing machine,8999,1.6,51.0,Economic
IFB 8 kg,"720 rpm Max Speed5 Star Rating4 Years Comprehensive Warranty, 10 Years Motor Warranty, 10 Years Warranty Spares Support",washing machine,25228,2.0,1590.0,Mid-range
Whirlpool 8 kg,1400 RPM Max SpeedDrive Assembly and Capacitor||Spin Motor||The following will be covered from the Date of Purchase||Spin Timer||Wash Motor||Wash Timer||Covers all Manufacturing Defects,washing machine,12190,1.9,1.0,Economic
Godrej 12 kg,1440 rpm Max Speed5 Star Rating2 Years Comprehensive Warranty on Product and 5 Years Warranty on Wash Motor,washing machine,16990,1.6,2.0,Economic
IFB 6.5 kg,"1000 rpm Max Speed5 Star Rating4 Years Comprehensive Warranty, 10 Years Motor Warranty, 10 Years Spares Support",washing machine,29899,3.1,9.0,Mid-range
LG 8 kg,700 RPM Max Speed5 Star Rating2 Years Comprehensive and 10 Years on Motor from LG,washing machine,21591,3.2,0.0,Mid-range
ONIDA 7.5 kg,700 rpm Max Speed5 Star Rating2 Years Comprehensive Warranty and 5 Years Warranty on Wash Motor from Onida,washing machine,15990,3.8,78.0,Economic
CANDY 8 kg,1300 rpm Max Speed5 Star Rating2 year on product and 5 year on Motor,washing machine,10274,3.9,88.0,Economic
IFB 8 kg,"1400 rpm Max Speed5 Star RatingWith In-Built HeaterWith Wi-Fi Connectivity4 Years Comprehensive Warranty on Product, 10 Years Warranty on Motor and 10 Years Spares Support",washing machine,45990,2.6,51.0,Mid-range
MarQ by Flipkart 6.5 kg,700 rpm Max Speed5 Star Rating2 Years Comprehensive Warranty on Product and 5 Years Warranty on Wash Motor,washing machine,10990,3.5,207.0,Economic
Lloyd 12 kg,1300 rpm Max Speed5 Star Rating1 Year Comprehensive Warranty on Product and 10 Years Additional Warranty on Motor,washing machine,16875,4.2,0.0,Economic
SAMSUNG 9 kg,"700 RPM Max Speed5 Star Rating2 years comprehensive warranty on the product, 20 years warranty on the DIT Motor",washing machine,23840,1.9,0.0,Mid-range
SAMSUNG 9 kg,"700 rpm Max Speed5 Star Rating2 years comprehensive warranty on the product, 20 years warranty on the DIT Motor",washing machine,24990,3.6,4973.0,Economic
Lloyd 10 kg,1400 rpm Max Speed5 Star Rating2 Years Comprehensive Warranty on Product and 10 Years Additional Warranty on Motor,washing machine,16500,4.9,0.0,Economic
BOSCH 9 kg,"1400 RPM Max Speed5 Star RatingWith In-Built Heater3 years on product, 12 years on motor",washing machine,64190,1.4,0.0,Premium
LG 9 kg,"700 RPM Max Speed5 Star Rating1 y Manufacturer Warranty, 10 year Inverter Warranty",washing machine,24990,3.8,0.0,Mid-range
Siemens 7/6 kg,1400 rpm Max Speed5 Star RatingWith In-Built Heater2 Years Comprehensive Warranty on Product and 10 Years Warranty on Motor,washing machine,64999,5.0,0.0,Premium
BOSCH 10 kg,"1400 RPM Max Speed5 Star RatingWith In-Built Heater3 years on product, 12 years on motor",washing machine,51900,3.1,0.0,Mid-range
BOSCH 8 kg,1200 rpm Max Speed5 Star RatingWith In-Built Heater2 Years Comprehensive Warranty on Product and 10 Years Warranty on Motor,washing machine,39999,2.6,0.0,Mid-range
Voltas Beko by A Tata Product 7 kg,700 RPM Max Speed5 Star Rating3 Years Comprehensive and Additional 9 Years On Motor from Voltas Beko,washing machine,15299,4.9,0.0,Economic
Haier 7 kg,1200 rpm Max Speed5 Star RatingWith In-Built Heater5 Years Warranty on Product and 12 Years Warranty on Motor,washing machine,30999,3.4,0.0,Mid-range
Thomson 10 kg,900 rpm Max Speed5 Star Rating2 Years Comprehensive Warranty on Product and 5 Years Warranty on Motor,washing machine,13990,2.0,561.0,Economic
IFB 8 kg,"1200 RPM Max Speed5 Star RatingWith In-Built HeaterWith Wi-Fi Connectivity4 Years Comprehensive Warranty on Product, 10 Years Warranty on Motor, 10 Years Spares Support",washing machine,33990,3.0,8238.0,Mid-range
LG 7.5 kg,1300 RPM Max Speed5 Star Rating2 YEARS COMPREHENSIVE AND 5 YEARS ON WASH MOTOR BY LG,washing machine,12799,4.0,0.0,Economic
BOSCH 10 kg,"1400 RPM Max Speed5 Star RatingWith In-Built Heater2 years on product, 12 years on motor",washing machine,55490,3.8,773.0,Premium
Lloyd 7 kg,600 RPM Max Speed5 Star Rating2 Years Comprehensive Warranty and 5 Years on Motor from Lloyd,washing machine,8690,4.6,3.0,Economic
Reliance 7.5 kg,"1350 RPM Max Speed1 Star Rating1 Year Comprehensive Warranty on Product, 1 Years Warranty on Motor",washing machine,5099,3.9,0.0,Economic
Lloyd by Havells 9 kg,1350 rpm Max Speed5 Star Rating2 Years Warranty on Product and 5 Years on Wash Motor from Lloyd,washing machine,14890,2.7,101.0,Economic
Khaitan Orfin 10.2 kg,1300 RPM Max Speed2 Years Warranty on Machine and 5 Years on Compressor From Khaitan Orfin,washing machine,15899,3.6,0.0,Economic
Sharp 7.5 kg,700 rpm Max Speed5 Star Rating2 Years Warranty on Product and 10 Years Warranty on Motor,washing machine,17490,4.3,0.0,Economic
Lloyd by Havells 7.5 kg,"1300 rpm Max Speed5 Star Rating2 Years Warranty on Product, 5 Years Warranty on Motor",washing machine,12999,1.9,2.0,Economic
Electrolux 8.5 kg,1200 rpm Max Speed2 Years Standard Warranty on Product and 10 Years Warranty on Inverter Motor,washing machine,70990,1.9,0.0,Premium
IFB 6.5 kg,"720 RPM Max Speed5 Star Rating4 Years Super Warranty, 10 Years Spare Parts Support, 10 Years Motor Warranty",washing machine,21900,1.2,0.0,Mid-range
BOSCH 7 kg,1200 RPM Max SpeedWith In-Built Heater2 Years Warranty on Product and 10 Years on Motor,washing machine,35065,4.7,0.0,Mid-range
ONIDA 8 kg,1450 rpm Max Speed5 Star Rating2 Years Comprehensive Warranty on Product and 7 Years Warranty on Motor by Onida,washing machine,12999,2.2,0.0,Economic
Lloyd by Havells 8 kg,"1300 rpm Max Speed5 Star Rating2 Years Warranty on Product, 5 Years Warranty on Motor",washing machine,13366,4.3,0.0,Economic
Godrej 10 kg,1400 rpm Max Speed5 Star RatingWith In-Built Heater4 Years Comprehensive Warranty on Product and 10 Years Warranty on Motor,washing machine,42990,3.5,19.0,Mid-range
LG 7 kg,1000 rpm Max Speed5 Star RatingWith In-Built Heater2 Years Comprehensive Warranty on Product and 10 Years on Motor,washing machine,31990,2.0,13.0,Mid-range
LG 8 kg,1200 rpm Max Speed2 Years Comprehensive and 10 Years Warranty on Motor from LG,washing machine,38990,4.0,8.0,Mid-range
