Product_Name,Product_Description,Product_Type,Price,Ratings,No_of_reviews,Predicted_Category
CMF by Nothing Phone 1 ,6 GB RAM | 128 GB ROM | Expandable Upto 1 TB16.94 cm (6.67 inch) Full HD+ Display50MP + 2MP | 16MP Front Camera5000 mAh BatteryDimensity 7300 5G Processor1 Year Manufacturing Warranty,Android mobile,15999,1.6,2320.0,Economic
CMF by Nothing Phone 1 ,8 GB RAM | 128 GB ROM | Expandable Upto 2 TB16.94 cm (6.67 inch) Full HD+ Display50MP + 2MP | 16MP Front Camera5000 mAh BatteryDimensity 7300 5G Processor1 Year Manufacturing Warranty,Android mobile,16499,3.5,561.0,Economic
Infinix Smart 8 Plus ,4 GB RAM | 128 GB ROM | Expandable Upto 2 TB16.76 cm (6.6 inch) HD+ Display50MP + AI Lens | 8MP Front Camera6000 mAh BatteryMediatek Helio G36 Processor1 Year Warranty on Handset and 6 Months Warranty on Accessories,Android mobile,7799,1.2,472.0,Economic
REDMI 13c 5G ,6 GB RAM | 128 GB ROM17.12 cm (6.74 inch) Display50MP Rear Camera5000 mAh Battery1 Year,Android mobile,10612,4.1,594.0,Economic
Nothing Phone ,8 GB RAM | 256 GB ROM17.02 cm (6.7 inch) Full HD+ Display50MP + 50MP | 50MP Front Camera5000 mAh BatteryDimensity 7350 Pro 5G Processor1 Year Manufacturing Warranty,Android mobile,23999,3.1,99.0,Mid-range
Motorola G34 5G ,8 GB RAM | 128 GB ROM16.51 cm (6.5 inch) HD+ Display50MP + 2MP | 16MP Front Camera5000 mAh BatterySnapdragon 695 5G Processor1 Year on Handset and 6 Months on Accessories,Android mobile,11999,1.8,9449.0,Economic
POCO C61 ,4 GB RAM | 64 GB ROM | Expandable Upto 1 TB17.04 cm (6.71 inch) HD+ Display8MP Rear Camera | 5MP Front Camera5000 mAh BatteryHelio G36 Processor1 Year Manufacturer Warranty for Phone and 6 Months Warranty for In the Box Accessories,Android mobile,6299,2.7,1073.0,Economic
Motorola Edge 50 Fusion ,12 GB RAM | 256 GB ROM17.02 cm (6.7 inch) Full HD+ Display50MP + 13MP | 32MP Front Camera5000 mAh Battery7s Gen 2 Processor1 Year on Handset and 6 Months on Accessories,Android mobile,23999,2.7,4044.0,Mid-range
vivo T3 Ultra ,8 GB RAM | 256 GB ROM17.22 cm (6.78 inch) Display50MP + 8MP | 50MP Front Camera5500 mAh BatteryDimensity 9200+ Processor1 Year Warranty on Handset and 6 Months Warranty on Accessories,Android mobile,33999,4.3,237.0,Mid-range
Nothing Phone ,8 GB RAM | 256 GB ROM17.02 cm (6.7 inch) Full HD+ Display50MP (OIS) + 50MP | 32MP Front Camera5000 mAh BatteryDimensity 7200 Pro Processor1 Year Manufacturing Warranty,Android mobile,24999,4.2,5294.0,Mid-range
REDMI A3 ,6 GB RAM | 128 GB ROM | Expandable Upto 1 TB17.04 cm (6.71 inch) HD+ Display8MP Rear Camera | 5MP Front Camera5000 mAh BatteryMediatek Helio G36 Processor1 Year Manufacturer Warranty for Phone and 6 Months Warranty for In the Box Accessories,Android mobile,7878,1.8,54.0,Economic
Infinix Note 40 Pro+ 5G ,12 GB RAM | 256 GB ROM17.22 cm (6.78 inch) Full HD+ Display108MP (OIS) + 2MP + 2MP | 32MP Front Camera4600 mAh BatteryMediatek Dimensity 7020 Processor1 Year Warranty on Handset and 6 Months Warranty on Inbox Accessories,Android mobile,21999,3.8,145.0,Mid-range
itel P55 ,8 GB RAM | 128 GB ROM | Expandable Upto 512 GB16.66 cm (6.56 inch) HD Display50MP Rear Camera | 8MP Front Camera5000 mAh BatteryUnisoc T606 Processor1 Year Manufacturer Warranty,Android mobile,7095,1.5,12.0,Economic
itel A70 | 5000 mAh Battery |13MP Dual Rear Camera | Type C Charging ,4 GB RAM | 64 GB ROM16.66 cm (6.56 inch) Display13MP Rear Camera5000 mAh Battery1 year manufacturer Warranty,Android mobile,6350,1.7,82.0,Economic
OnePlus Nord CE4 lite 5G ,8 GB RAM | 128 GB ROM16.94 cm (6.67 inch) Display50MP Rear Camera5500 mAh Battery1 year,Android mobile,17840,3.0,135.0,Economic
Infinix Note 40 5G ,8 GB RAM | 256 GB ROM17.22 cm (6.78 inch) Full HD+ Display108MP + 2MP + 2MP | 32MP Front Camera5000 mAh BatteryDimensity 7020 Processor1 Year on Handset,Android mobile,15999,1.9,291.0,Economic
realme 70 TURBO 5G ,6 GB RAM | 128 GB ROM16.94 cm (6.67 inch) Full HD+ Display50MP Rear Camera5000 mAh BatterySegment's Fastest Dimensity 7300 Energy 5G Chipset Processor12 Months Brand warranty,Android mobile,16418,4.7,4.0,Economic
realme 12+ 5G ,8 GB RAM | 128 GB ROM | Expandable Upto 2 TB16.94 cm (6.67 inch) Full HD+ Display50MP + 8MP + 2MP | 16MP Front Camera5000 mAh BatteryDimensity 7050 Processor1 Year Manufacturer Warranty for Device and 6 Months Manufacturer Warranty for Inbox Accessories,Android mobile,20999,1.8,1532.0,Economic
Infinix Note 40 Pro+ 5G ,12 GB RAM | 256 GB ROM17.22 cm (6.78 inch) Full HD+ Display108MP (OIS) + 2MP + 2MP | 32MP Front Camera4600 mAh BatteryMediatek Dimensity 7020 Processor1 Year Warranty on Handset and 6 Months Warranty on Inbox Accessories,Android mobile,21999,2.8,145.0,Mid-range
Google Pixel 8a ,8 GB RAM | 128 GB ROM15.49 cm (6.1 inch) Full HD+ Display64MP + 13MP | 13MP Front Camera4404 mAh BatteryTensor G3 Processor1 Year Domestic Warranty,Android mobile,43999,3.8,138.0,Mid-range
realme GT 6 ,12 GB RAM | 256 GB ROM17.22 cm (6.78 inch) Full HD+ Display50MP + 8MP + 50MP | 32MP Front Camera5500 mAh Battery8s Gen 3 Mobile Platform Processor1 Year Manufacturer Warranty for Device and 6 Months Manufacturer Warranty for Inbox Accessories,Android mobile,42999,1.1,53.0,Mid-range
Motorola g31 ,6 GB RAM | 128 GB ROM | Expandable Upto 1 TB16.26 cm (6.4 inch) Full HD+ Display50MP + 8MP + 2MP | 13MP Front Camera5000 mAh LiPo BatteryMediatek Helio G85 Processor1 Year on Handset and 6 Months on Accessories,Android mobile,9099,1.4,1758.0,Economic
realme GT 6T 5G ,12 GB RAM | 256 GB ROM17.22 cm (6.78 inch) Display50MP Rear Camera5500 mAh Battery1 Year,Android mobile,32889,4.3,45.0,Mid-range
Tecno Pova 6 Neo ,6 GB RAM | 128 GB ROM | Expandable Upto 1 TB16.94 cm (6.67 inch) HD Display108MP Rear Camera5000 mAh BatteryMediatek Dimensity 6300 Processor1 year manufacturer Warranty,Android mobile,12999,2.3,17.0,Economic
realme GT 6T 5G ,8 GB RAM | 128 GB ROM17.22 cm (6.78 inch) Display50MP Rear Camera5500 mAh Battery1 Year,Android mobile,28542,3.1,77.0,Mid-range
REDMI 12 ,4 GB RAM | 128 GB ROM | Expandable Upto 1 TB17.25 cm (6.79 inch) Full HD+ Display50MP + 8MP + 2MP | 8MP Front Camera5000 mAh BatteryHelio G88 Processor1 Year Manufacturer Warranty for Phone and 6 Months Warranty for in the Box Accessories,Android mobile,9499,4.6,5585.0,Economic
OnePlus 11 5G ,16 GB RAM | 256 GB ROM17.02 cm (6.7 inch) Display50MP Rear Camera5000 mAh Batterydomestic warranty of 12 months on phone & 6 months on accessories,Android mobile,41940,4.0,147.0,Mid-range
OnePlus 11R 5G ,8 GB RAM | 128 GB ROM17.02 cm (6.7 inch) Display50MP Rear Camera5000 mAh BatteryDomestic warranty of 12 months on phone & 6 months on accessories,Android mobile,30690,1.0,655.0,Mid-range
REDMI Note 13 Pro+ 5G ,12 GB RAM | 256 GB ROM16.94 cm (6.67 inch) Display200MP (OIS) + 8MP + 2MP | 16MP Front Camera5000 mAh BatteryDimensity 7200 Ultra 5G Processor1 Year Manufacturer Warranty for Phone and 6 Months Warranty for In the Box Accessories,Android mobile,26019,2.0,695.0,Mid-range
Nothing Phone ,12 GB RAM | 256 GB ROM17.02 cm (6.7 inch) Full HD+ Display50 MP(OIS) +50MP | 32MP Front Camera4700 mAh Lithium ion BatteryQualcomm Snapdragon 8+ Gen 1 ProcessorLTPO AMOLED (1 Hz - 120 Hz)1 Year Manufacturing Warranty,Android mobile,37999,3.7,2226.0,Mid-range
OnePlus 12 ,12 GB RAM | 256 GB ROM17.32 cm (6.82 inch) Display64MP Rear Camera5400 mAh Battery1 Year Brand Warranty,Android mobile,60988,4.3,78.0,Premium
OnePlus 11 5G ,16 GB RAM | 256 GB ROM17.02 cm (6.7 inch) Display50MP Rear Camera5000 mAh Batterydomestic warranty of 12 months on phone & 6 months on accessories,Android mobile,42657,1.6,147.0,Mid-range
REDMI 12 5G ,8 GB RAM | 256 GB ROM | Expandable Upto 1 TB17.25 cm (6.79 inch) Full HD+ Display50MP + 2MP | 8MP Front Camera5000 mAh BatterySnapdragon 4 Gen 2 Processor1 Year Manufacturer Warranty for Phone and 6 Months Warranty for In the Box Accessories,Android mobile,14500,4.7,1857.0,Economic
SAMSUNG Galaxy M35 5G ,8 GB RAM | 256 GB ROM16.76 cm (6.6 inch) Display50MP Rear Camera6000 mAh Battery1 YEAR,Android mobile,21999,1.3,7.0,Mid-range
Nothing Phone ,8 GB RAM | 128 GB ROM17.02 cm (6.7 inch) Full HD+ Display50 MP(OIS) +50MP | 32MP Front Camera4700 mAh Lithium ion BatteryQualcomm Snapdragon 8+ Gen 1 ProcessorLTPO AMOLED (1 Hz - 120 Hz)1 Year Manufacturing Warranty,Android mobile,36999,3.1,312.0,Mid-range
REDMI Note 13 5G ,6 GB RAM | 128 GB ROM | Expandable Upto 1 TB16.94 cm (6.67 inch) Full HD+ Display108MP + 2MP | 16MP Front Camera5000 mAh BatteryDimensity 6080 Processor1 Year Manufacturer Warranty for Phone and 6 Months Warranty for In the Box Accessories,Android mobile,15999,2.0,1056.0,Economic
itel A50 ,4 GB RAM | 64 GB ROM | Expandable Upto 512 GB16.94 cm (6.67 inch) HD Display8MP Rear Camera | 5MP Front Camera5000 mAh BatteryUnisoc T603 Processor1 Year manufacturer,Android mobile,6499,3.7,0.0,Economic
realme 11x 5G ,6 GB RAM | 128 GB ROM | Expandable Upto 2 TB17.07 cm (6.72 inch) Full HD+ Display64MP + 2MP | 8MP Front Camera5000 mAh BatteryDimensity 6100+ Processor1 Year Manufacturer Warranty for Phone and 6 Months Warranty for In the Box Accessories,Android mobile,10499,3.5,8434.0,Economic
realme NARZO N65 5G ,4 GB RAM | 128 GB ROM16.94 cm (6.67 inch) Display50MP Rear Camera5000 mAh Battery1 Year,Android mobile,11265,4.3,18.0,Economic
OPPO K12x 5G with 45W SUPERVOOC Charger In-The-Box ,8 GB RAM | 256 GB ROM | Expandable Upto 1 TB16.94 cm (6.67 inch) HD Display32MP + 2MP | 8MP Front Camera5100 mAh BatteryDimensity 6300 Processor1 Year Manufacturer Warranty for Device and 6 Months Manufacturer Warranty for Inbox Accessories,Android mobile,15999,3.2,330.0,Economic
SAMSUNG Galaxy A05s ,6 GB RAM | 128 GB ROM | Expandable Upto 1 TB17.07 cm (6.72 inch) Full HD+ Display50MP + 2MP + 2MP | 13MP Front Camera5000 mAh Battery680 Processor1 Year Manufacturer Warranty for Device and 6 Months Manufacturer Warranty for Inbox Accessories,Android mobile,11394,2.4,7.0,Economic
Infinix Hot 11S ,4 GB RAM | 128 GB ROM | Expandable Upto 256 GB17.22 cm (6.78 inch) Full HD+ Display50 MP + 2 MP + AI Lens | 8MP Front Camera5000 mAh Li-ion Polymer BatteryMediatek Helio G88 Processor1 Year on Handset and 6 Months on Accessories,Android mobile,7799,1.8,5371.0,Economic
Google Pixel 8 ,8 GB RAM | 128 GB ROM15.75 cm (6.2 inch) Full HD+ Display50MP + 12MP | 10.5MP Front Camera4575 mAh BatteryTensor G3 Processor1 Year Domestic Warranty,Android mobile,39999,2.0,775.0,Mid-range
realme Narzo N65 5G ,4 GB RAM | 128 GB ROM16.94 cm (6.67 inch) Display50MP Rear Camera5000 mAh Battery1 Year,Android mobile,10966,3.0,18.0,Economic
IQOO Z9 5G ,8 GB RAM | 256 GB ROM16.94 cm (6.67 inch) Display50MP Rear Camera5000 mAh Battery1 Year on Handset and 6 Months on Accessories,Android mobile,22500,3.3,162.0,Mid-range
IQOO Z9s 5G ,8 GB RAM | 128 GB ROM17.2 cm (6.77 inch) Display50MP Rear Camera5500 mAh Battery1 Year on Handset and 6 Months on Accessories,Android mobile,20990,4.8,10.0,Mid-range
REDMI Note 13 Pro 5G ,12 GB RAM | 256 GB ROM16.94 cm (6.67 inch) Display200MP (OIS) + 8MP + 2MP | 16MP Front Camera5100 mAh Battery7s Gen 2 Mobile Platform 5G Processor1 Year Manufacturer Warranty for Phone and 6 Months Warranty for In the Box Accessories,Android mobile,22985,1.4,367.0,Mid-range
POCO X6 Neo 5G ,12 GB RAM | 256 GB ROM | Expandable Upto 1 TB16.94 cm (6.67 inch) Full HD+ Display108MP + 2MP | 16MP Front Camera5000 mAh BatteryDimensity 6080 Processor1 Year Manufacturer Warranty for Phone and 6 Months Warranty for In the Box Accessories,Android mobile,15999,3.5,792.0,Economic
SAMSUNG Galaxy A05s ,6 GB RAM | 128 GB ROM | Expandable Upto 1 TB17.07 cm (6.72 inch) Full HD+ Display50MP + 2MP + 2MP | 13MP Front Camera5000 mAh Battery680 Processor1 Year Manufacturer Warranty for Device and 6 Months Manufacturer Warranty for Inbox Accessories,Android mobile,11299,3.2,7.0,Economic
Tecno Spark Go 2024 ,4 GB RAM | 64 GB ROM | Expandable Upto 1 TB16.66 cm (6.56 inch) HD+ Display13MP Rear Camera | 8MP Front Camera5000 mAh BatteryUnisoc T606 ProcessorDomestic Warranty of 12 Months on Phone & 6 Months on Accessories,Android mobile,7199,3.7,48.0,Economic
SAMSUNG Galaxy S22 5G ,8 GB RAM | 128 GB ROM15.49 cm (6.1 inch) Full HD+ Display50MP + 12MP + 10MP | 10MP Front Camera3700 mAh Lithium-ion BatterySnapdragon 8 Gen 1 Processor1 Year Manufacturer Warranty for Device and 6 Months Manufacturer Warranty for In-Box Accessories,Android mobile,37490,2.5,1651.0,Mid-range
Apple iPhone 15 Plus ,"256 GB ROM17.02 cm (6.7 inch) Super Retina XDR Display48MP + 12MP | 12MP Front CameraA16 Bionic Chip, 6 Core Processor Processor1 Year Warranty for Phone and 6 Months Warranty for In-Box Accessories",iPhone,75999,2.7,1307.0,Premium
Apple iPhone 11 ,64 GB ROM15.49 cm (6.1 inch) Liquid Retina HD Display12MP + 12MP | 12MP Front CameraA13 Bionic Chip ProcessorBrand Warranty of 1 Year,iPhone,19999,4.9,11431.0,Economic
Apple iPhone 16 Plus ,"512 GB ROM17.02 cm (6.7 inch) Super Retina XDR Display48MP + 12MP | 12MP Front CameraA18 Chip, 6 Core Processor Processor1 Year Warranty for Phone and 6 Months Warranty for In-Box Accessories",iPhone,119900,3.7,23.0,Premium
Apple iPhone 13 ,128 GB ROM15.49 cm (6.1 inch) Super Retina XDR Display12MP + 12MP | 12MP Front CameraA15 Bionic Chip ProcessorBrand Warranty for 1 Year,iPhone,49900,1.5,13737.0,Mid-range
Apple iPhone 13 ,256 GB ROM15.49 cm (6.1 inch) Super Retina XDR Display12MP + 12MP | 12MP Front CameraA15 Bionic Chip ProcessorBrand Warranty for 1 Year,iPhone,59900,4.2,13737.0,Premium
Apple iPhone 14 Pro Max ,"512 GB ROM17.02 cm (6.7 inch) Super Retina XDR Display48MP + 12MP + 12MP | 12MP Front CameraA16 Bionic Chip, 6 Core Processor Processor1 Year Warranty for Phone and 6 Months Warranty for In-Box Accessories",iPhone,164900,3.1,170.0,Premium
Apple iPhone 13 Pro Max ,1 TB ROM17.02 cm (6.7 inch) Super Retina XDR Display12MP + 12MP + 12MP | 12MP Front CameraA15 Bionic Chip ProcessorBrand Warranty for 1 Year,iPhone,179900,4.1,195.0,Premium
Apple iPhone 11 ,64 GB ROM15.49 cm (6.1 inch) Liquid Retina HD Display12MP + 12MP | 12MP Front CameraA13 Bionic Chip ProcessorBrand Warranty of 1 Year,iPhone,19999,1.8,11431.0,Economic
Apple iPhone 14 ,"256 GB ROM15.49 cm (6.1 inch) Super Retina XDR Display12MP + 12MP | 12MP Front CameraA15 Bionic Chip, 6 Core Processor Processor1 Year Warranty for Phone and 6 Months Warranty for In-Box Accessories",iPhone,60999,4.1,11648.0,Premium
Apple iPhone 15 ,"128 GB ROM15.49 cm (6.1 inch) Super Retina XDR Display48MP + 12MP | 12MP Front CameraA16 Bionic Chip, 6 Core Processor Processor1 Year Warranty for Phone and 6 Months Warranty for In-Box Accessories",iPhone,57999,4.6,5245.0,Premium
Apple iPhone 15 Pro ,"1 TB ROM15.49 cm (6.1 inch) Super Retina XDR Display48MP + 12MP + 12MP | 12MP Front CameraA17 Pro Chip, 6 Core Processor Processor1 Year Warranty for Phone and 6 Months Warranty for In-Box Accessories",iPhone,130999,1.2,109.0,Premium
Apple iPhone 14 Plus ,"256 GB ROM17.02 cm (6.7 inch) Super Retina XDR Display12MP + 12MP | 12MP Front CameraA15 Bionic Chip, 6 Core Processor Processor1 Year Warranty for Phone and 6 Months Warranty for In-Box Accessories",iPhone,70999,2.8,4658.0,Premium
Apple iPhone 14 Plus ,"128 GB ROM17.02 cm (6.7 inch) Super Retina XDR Display12MP + 12MP | 12MP Front CameraA15 Bionic Chip, 6 Core Processor Processor1 Year Warranty for Phone and 6 Months Warranty for In-Box Accessories",iPhone,60999,4.4,4658.0,Premium
Apple iPhone 14 Plus ,"128 GB ROM17.02 cm (6.7 inch) Super Retina XDR Display12MP + 12MP | 12MP Front CameraA15 Bionic Chip, 6 Core Processor Processor1 Year Warranty for Phone and 6 Months Warranty for In-Box Accessories",iPhone,60999,3.2,4658.0,Premium
Apple iPhone XS ,64 GB ROM14.73 cm (5.8 inch) Super Retina HD Display12MP + 12MP | 7MP Front CameraA12 Bionic Chip Processor1 Year Limited Warranty for Products and Accessories,iPhone,89900,3.0,865.0,Premium
Apple iPhone 11 Pro Max ,512 GB ROM16.51 cm (6.5 inch) Super Retina XDR Display12MP + 12MP + 12MP | 12MP Front CameraA13 Bionic Chip ProcessorBrand Warranty for 1 Year,iPhone,150800,3.0,99.0,Premium
Apple iPhone 12 mini ,"256 GB ROM13.72 cm (5.4 inch) Super Retina XDR Display12MP + 12MP | 12MP Front CameraA14 Bionic Chip with Next Generation Neural Engine ProcessorCeramic ShieldIndustry-leading IP68 Water ResistanceAll Screen OLED Display12MP TrueDepth Front Camera with Night Mode, 4K Dolby Vision HDR RecordingBrand Warranty for 1 Year",iPhone,74900,1.7,10202.0,Premium
Apple iPhone 13 mini ,512 GB ROM13.72 cm (5.4 inch) Super Retina XDR Display12MP + 12MP | 12MP Front CameraA15 Bionic Chip ProcessorBrand Warranty for 1 Year,iPhone,94900,2.0,328.0,Premium
Apple iPhone XS ,64 GB ROM14.73 cm (5.8 inch) Super Retina HD Display12MP + 12MP | 7MP Front CameraA12 Bionic Chip Processor1 Year Limited Warranty for Products and Accessories,iPhone,89900,1.4,865.0,Premium
Apple iPhone 11 Pro Max ,512 GB ROM16.51 cm (6.5 inch) Super Retina XDR Display12MP + 12MP + 12MP | 12MP Front CameraA13 Bionic Chip ProcessorBrand Warranty for 1 Year,iPhone,150800,2.7,99.0,Premium
Apple iPhone 13 Pro Max ,128 GB ROM17.02 cm (6.7 inch) Super Retina XDR Display12MP + 12MP + 12MP | 12MP Front CameraA15 Bionic Chip ProcessorBrand Warranty for 1 Year,iPhone,129900,3.9,195.0,Premium
Apple iPhone 11 Pro Max ,256 GB ROM16.51 cm (6.5 inch) Super Retina XDR Display12MP + 12MP + 12MP | 12MP Front CameraA13 Bionic Chip ProcessorBrand Warranty for 1 Year,iPhone,131900,1.6,99.0,Premium
Apple iPhone 12 Pro Max ,"256 GB ROM17.02 cm (6.7 inch) Super Retina XDR Display12MP + 12MP + 12MP | 12MP Front CameraA14 Bionic Chip with Next Generation Neural Engine ProcessorCeramic Shield | Industry-leading IP68 Water ResistanceAll Screen OLED DisplayLiDAR Scanner for Improved AR Experiences, Night Mode PortraitsBrand Warranty for 1 Year",iPhone,129900,2.2,101.0,Premium
Apple iPhone XR ,128 GB ROM15.49 cm (6.1 inch) Display12MP Rear Camera | 7MP Front CameraA12 Bionic Chip ProcessoriOS 13 CompatibleBrand Warranty of 1 Year,iPhone,52900,2.1,8489.0,Mid-range
Apple iPhone 16 Pro ,"128 GB ROM16.0 cm (6.3 inch) Super Retina XDR Display48MP + 48MP + 12MP | 12MP Front CameraA18 Pro Chip, 6 Core Processor Processor1 Year Warranty for Phone and 6 Months Warranty for In-Box Accessories",iPhone,119900,1.2,7.0,Premium
Apple iPhone 11 Pro ,256 GB ROM14.73 cm (5.8 inch) Super Retina XDR Display12MP + 12MP + 12MP | 12MP Front CameraA13 Bionic Chip ProcessorBrand Warranty for 1 Year,iPhone,121300,3.4,623.0,Premium
Apple iPhone 7 ,128 GB ROM11.94 cm (4.7 inch) Retina HD Display12MP Rear Camera | 7MP Front CameraApple A10 Fusion 64-bit processor and Embedded M10 Motion Co-processorBrand Warranty of 1 Year,iPhone,34900,1.3,9140.0,Mid-range
Apple iPhone 7 ,32 GB ROM11.94 cm (4.7 inch) Retina HD Display12MP Rear Camera | 7MP Front CameraApple A10 Fusion 64-bit processor and Embedded M10 Motion Co-processoriOS 13 CompatibleBrand Warranty of 1 Year,iPhone,31500,4.3,9140.0,Mid-range
Apple iPhone 6s Plus ,32 GB ROM13.97 cm (5.5 inch) Retina HD Display12MP Rear Camera | 5MP Front CameraApple A9 64-bit processor and Embedded M9 Motion Co-processorBrand Warranty of 1 Year,iPhone,34900,4.8,2359.0,Mid-range
Apple iPhone 15 ,"128 GB ROM15.49 cm (6.1 inch) Super Retina XDR Display48MP + 12MP | 12MP Front CameraA16 Bionic Chip, 6 Core Processor Processor1 Year Warranty for Phone and 6 Months Warranty for In-Box Accessories",iPhone,57999,4.4,5245.0,Premium
Apple iPhone 11 ,64 GB ROM15.49 cm (6.1 inch) Liquid Retina HD Display12MP + 12MP | 12MP Front CameraA13 Bionic Chip ProcessorBrand Warranty of 1 Year,iPhone,19999,2.1,11431.0,Economic
Apple iPhone 12 mini ,"128 GB ROM13.72 cm (5.4 inch) Super Retina XDR Display12MP + 12MP | 12MP Front CameraA14 Bionic Chip with Next Generation Neural Engine ProcessorCeramic ShieldIndustry-leading IP68 Water ResistanceAll Screen OLED Display12MP TrueDepth Front Camera with Night Mode, 4K Dolby Vision HDR RecordingBrand Warranty for 1 Year",iPhone,64900,2.6,10202.0,Premium
Apple iPhone 13 Pro Max ,512 GB ROM17.02 cm (6.7 inch) Super Retina XDR Display12MP + 12MP + 12MP | 12MP Front CameraA15 Bionic Chip ProcessorBrand Warranty for 1 Year,iPhone,159900,3.9,195.0,Premium
Apple iPhone XS Max ,256 GB ROM16.51 cm (6.5 inch) Super Retina HD Display12MP + 12MP | 7MP Front CameraA12 Bionic Chip ProcessoriOS 13 Compatible1 Year Limited Warranty for Products and Accessories,iPhone,124900,2.1,146.0,Premium
Apple iPhone 15 Plus ,"128 GB ROM17.02 cm (6.7 inch) Super Retina XDR Display48MP + 12MP | 12MP Front CameraA16 Bionic Chip, 6 Core Processor Processor1 Year Warranty for Phone and 6 Months Warranty for In-Box Accessories",iPhone,65999,4.2,1307.0,Premium
Apple iPhone 12 Pro ,"512 GB ROM15.49 cm (6.1 inch) Super Retina XDR Display12MP + 12MP + 12MP | 12MP Front CameraA14 Bionic Chip with Next Generation Neural Engine ProcessorCeramic Shield | Industry-leading IP68 Water ResistanceAll Screen OLED DisplayLiDAR Scanner for Improved AR Experiences, Night Mode PortraitsBrand Warranty for 1 Year",iPhone,139900,1.3,99.0,Premium
Apple iPhone 12 mini ,"64 GB ROM13.72 cm (5.4 inch) Super Retina XDR Display12MP + 12MP | 12MP Front CameraA14 Bionic Chip with Next Generation Neural Engine ProcessorCeramic ShieldIndustry-leading IP68 Water ResistanceAll Screen OLED Display12MP TrueDepth Front Camera with Night Mode, 4K Dolby Vision HDR RecordingBrand Warranty for 1 Year",iPhone,59900,1.8,10202.0,Premium
Apple iPhone 12 ,"64 GB ROM15.49 cm (6.1 inch) Super Retina XDR Display12MP + 12MP | 12MP Front CameraA14 Bionic Chip with Next Generation Neural Engine ProcessorCeramic ShieldIndustry-leading IP68 Water ResistanceAll Screen OLED Display12MP TrueDepth Front Camera with Night Mode, 4K Dolby Vision HDR RecordingBrand Warranty for 1 Year",iPhone,49900,4.6,13924.0,Mid-range
Apple iPhone 8 ,"256 GB ROM11.94 cm (4.7 inch) Retina HD Display12MP Rear Camera | 7MP Front CameraA11 Bionic Chip with 64-bit Architecture, Neural Engine, Embedded M11 Motion Coprocessor ProcessorBrand Warranty of 1 Year",iPhone,77000,3.8,801.0,Premium
"CANDY 240 L Frost Free Double Door 2 Star Refrigerator  with Auto frost , large Fruit and Vegetable Sp...",Inverter CompressorBuilt-in Stabilizer1 Year Warranty on Product and 10 Years on Compressor,Fridge,18740,1.7,251.0,Economic
Haier 237 L Frost Free Double Door 2 Star Convertible Refrigerator  with Convertible 8-in-1Turbo Icing,Normal CompressorBuilt-in Stabilizer1 Year Warranty on Product and 10 Years Warranty on Compressor,Fridge,23490,2.0,506.0,Mid-range
Voltas Beko 183 L Direct Cool Single Door 5 Star Refrigerator with Base Drawer,Reciprocating CompressorBuilt-in Stabilizer1 Years Comprehensive Warranty on Product and Additional 10 Years on Compressor,Fridge,15290,1.7,225.0,Economic
MOTOROLA 183 L Direct Cool Single Door 4 Star Refrigerator,Inverter CompressorBuilt-in Stabilizer1 Year Warranty on Product and 10 Years Warranty on Compressor,Fridge,12990,3.8,3.0,Economic
Godrej 180 L Direct Cool Single Door 4 Star Refrigerator  with Large Vegetable Tray and Bottle Space,Fixed speed compressorBuilt-in Stabilizer1 Year Warranty on Product and 10 Years Warranty on Compressor,Fridge,14490,2.9,449.0,Economic
"LG 185 L Direct Cool Single Door 4 Star Refrigerator with Base Drawer  with Smart Inverter Compressor,...",Smart Inverter CompressorBuilt-in Stabilizer1 Year Warranty on Product and 10 Years on Compressor from LG,Fridge,15990,2.7,120.0,Economic
MarQ by Flipkart 208 L Direct Cool Single Door 2 Star Refrigerator,Inverter CompressorBuilt-in Stabilizer1 Year Warranty on Product and 10 Years Warranty on Compressor,Fridge,13490,3.4,18.0,Economic
SAMSUNG 223 L Direct Cool Single Door 3 Star Refrigerator with Base Drawer  with Digital Inverter,"Digital Inverter CompressorBuilt-in Stabilizer1 year comprehensive warranty on the product, 20 years on compressor by the brand.",Fridge,18790,3.0,138.0,Economic
Godrej 237 L Direct Cool Double Door 3 Star Refrigerator  with Separate Veggie Drawer,Inverter CompressorBuilt-in Stabilizer1 Year Comprehensive Warranty on Product and 10 Years on Compressor,Fridge,19990,3.1,314.0,Mid-range
Godrej 183 L Direct Cool Single Door 3 Star Refrigerator  with Jumbo Vegetable Tray and Toughened Glas...,Fixed Speed CompressorBuilt-in Stabilizer1 Year Comprehensive Warranty on Product and 10 Years Warranty on Compressor,Fridge,13990,2.4,367.0,Economic
"CANDY 190 L Direct Cool Single Door 4 Star Refrigerator  with Jumbo Fruit and vegetable Box , Stabiliz...",Reciprocatory CompressorBuilt-in Stabilizer1 Year Warranty on Product and 10 Years on Compressor,Fridge,13190,3.3,1270.0,Economic
"Haier 358 L Frost Free Double Door 3 Star Convertible Refrigerator  with Convertible 14-in-1,1 hour Ic...",Inverter CompressorBuilt-in Stabilizer1 Year Warranty on Product and 10 Years Warranty on Compressor,Fridge,36990,3.8,126.0,Mid-range
"SAMSUNG 385 L Frost Free Double Door 2 Star Convertible Refrigerator  with Digital Inverter, Convertib...","Digital Inverter CompressorBuilt-in Stabilizer1 year comprehensive warranty on the product, 20 years on compressor by the brand.",Fridge,44990,2.1,69.0,Mid-range
Liebherr 264 L Frost Free Double Door 2 Star Refrigerator,"NextGen 8 Step Inverter CompressorBuilt-in Stabilizer1-year comprehensive warranty (additional 2 years warranty upon registration completed within 15 days of purchase) and 10 Years Warranty on Compressor. Registration can be done via the QR Code on the product or by contacting our customer care team via email.
Offer Period: 13 Oct'2023-31 Dec' 2023",Fridge,27990,2.7,1.0,Mid-range
Haier 300 L Frost Free Double Door 2 Star Refrigerator,InverterBuilt-in Stabilizer2 Year Warranty on Product and 10 Years Warranty on Compressor from Haier,Fridge,30999,2.9,0.0,Mid-range
Lifelong 4 L Thermoelectric Cooling Single Door Refrigerator,,Fridge,4490,4.9,6.0,Economic
Whirlpool 192 L Direct Cool Single Door 3 Star Refrigerator,Digital CompressorBuilt-in Stabilizer1 Year Warranty on Product and 10 Years Warranty on Compressor from Whirlpool,Fridge,15692,3.6,8.0,Economic
"SAMSUNG 376 L Frost Free Double Door 2 Star Convertible Refrigerator  with Curd Maestro, Convertible 5...",Digital Inverter CompressorBuilt-in Stabilizer1 Year Comprehensive Warranty on Product and 10 Years Warranty on Compressor,Fridge,41990,2.0,69.0,Mid-range
Voltas Beko by A Tata Product 248 L Frost Free Double Door 3 Star Refrigerator,Pro Smart Inverter CompressorBuilt-in Stabilizer1 Year Comprehensive warranty on product & 10 Years warranty on compressor,Fridge,25490,2.1,135.0,Mid-range
Whirlpool 207 L Direct Cool Single Door 3 Star Refrigerator,"Reciprocating CompressorBuilt-in Stabilizer1 Year Comprehensive Warranty on Product, 9 Years Warranty on Compressor",Fridge,16890,2.1,2.0,Economic
"Lloyd 178 L Direct Cool Single Door 2 Star Refrigerator  with with Viruzsafe Technology, Quick Chillin...",Fixed SpeedBuilt-in Stabilizer1 Year Warranty on Product and 10 Years Warranty on Compressor,Fridge,13290,3.8,0.0,Economic
"LG 185 L Direct Cool Single Door 5 Star Refrigerator with Base Drawer  with Smart Inverter Compressor,...",Smart Inverter CompressorBuilt-in Stabilizer1 Year Warranty on Product and 10 Years Warranty on Compressor from LG,Fridge,15990,2.9,1517.0,Economic
Whirlpool 411 L Frost Free Double Door 2 Star Convertible Refrigerator,Inverter CompressorBuilt-in Stabilizer1 Year Warranty on Product and 9 Years Warranty on Compressor,Fridge,49990,3.8,54.0,Mid-range
realme TechLife 205 L Direct Cool Single Door 2 Star Refrigerator,Inverter CompressorBuilt-in Stabilizer1 Year Warranty on Product and 10 Years Warranty on Compressor,Fridge,13490,3.6,195.0,Economic
Godrej 330 L Frost Free Double Door 2 Star Refrigerator,Inverter CompressorBuilt-in Stabilizer1 Year Comprehensive Warranty on Product and 10 Years Warranty on Compressor,Fridge,32990,1.2,39.0,Mid-range
SAMSUNG 198 L Direct Cool Single Door 4 Star Refrigerator with Base Drawer,"Digital Inverter CompressorBuilt-in Stabilizer1 year comprehensive warranty on product, 20 years on compressor, For all Refrigerators with Digital Inverter Compressors, sold on or after 1st Dec 2022 (All Refrigerator apart from Non-Digital Inverter Technology Direct Cool Models) the Warranty period on the Digital Inverter Compressor shall be revised from 10 years to 20 years.",Fridge,16990,4.9,1508.0,Economic
"Godrej 472 L Frost Free Double Door 2 Star Refrigerator  with AI Tech, Digital Inverter, And 95%+ Food...","Inverter compressorBuilt-in Stabilizer1 Year Comprehensive Warranty on Product, 2 years extended warranty on Product and 10 Years Warranty on Compressor",Fridge,46990,3.1,107.0,Mid-range
Whirlpool 240 L Frost Free Triple Door Refrigerator,Reciprocating CompressorBuilt-in Stabilizer1 Year Warranty on Product and 10 Years Warranty on Compressor from Whirlpool,Fridge,26390,2.6,4083.0,Mid-range
Whirlpool 265 L Frost Free Double Door 2 Star Refrigerator,Normal Compressor1 Year on Product and 10 Years on the Compressor from Whirlpool,Fridge,25990,2.5,5.0,Mid-range
LG 205 L Direct Cool Single Door 3 Star Refrigerator with Base Drawer,Reciprocating CompressorBuilt-in Stabilizer1 Year Warranty on Product and 10 Years Warranty on Compressor,Fridge,17990,1.5,7.0,Economic
Kelvinator 190 L Direct Cool Single Door 2 Star Refrigerator,Normal1 Year Warranty on Product,Fridge,12375,4.4,1.0,Economic
Whirlpool 192 L Direct Cool Single Door 3 Star Refrigerator  with Auto Defrost,Inverter CompressorBuilt-in Stabilizer1 Year Comprehensive Warranty on Product and 9 Years Warranty on Compressor,Fridge,16490,3.5,127.0,Economic
Whirlpool 312 L Frost Free Double Door 3 Star Convertible Refrigerator,Inverter CompressorBuilt-in Stabilizer1 Year Warranty on Product and 9 Years Warranty on Compressor,Fridge,38490,1.2,3.0,Mid-range
Whirlpool 207 L Direct Cool Single Door 5 Star Refrigerator,Normal Compressor1 Year on Product and 10 Years on Compressor from Whirlpool,Fridge,18840,1.6,1051.0,Economic
Whirlpool 184 L Direct Cool Single Door 4 Star Refrigerator,Normal Compressor1 Year on Product and 10 Years on Compressor From Whirlpool,Fridge,15440,2.4,1051.0,Economic
SAMSUNG 189 L Direct Cool Single Door 5 Star Refrigerator,Digital Inverter CompressorBuilt-in Stabilizer1 Year Comprehensive Warranty on Product and 20 Years Warranty on Compressor,Fridge,19490,4.5,7.0,Mid-range
"Lloyd 188 L Direct Cool Single Door 3 Star Refrigerator  with with Viruzsafe Technology, Quick Chillin...",Fixed SpeedBuilt-in Stabilizer1 Year Warranty on Product and 10 Years Warranty on Compressor,Fridge,13990,1.9,0.0,Economic
Haier 328 L Frost Free Double Door Top Mount 3 Star Convertible Refrigerator  with Convertible 14-in-1...,Normal CompressorBuilt-in Stabilizer1 Year Warranty on Product and 10 Years Warranty on Compressor,Fridge,33990,3.3,205.0,Mid-range
Whirlpool 184 L Direct Cool Single Door 2 Star Refrigerator,Linear CompressorBuilt-in Stabilizer1 Year Comprehensive Warranty on Product and 9 Years Additional Warranty on Compressor,Fridge,15400,1.9,1.0,Economic
SAMSUNG 551 L Frost Free Double Door Top Mount 2 Star Refrigerator,Digital Inverter1 Year on Product,Fridge,71990,1.7,0.0,Premium
Liebherr 265 L Frost Free Double Door Top Mount 3 Star Refrigerator,Nextgen 8 Step Inverter CompressorBuilt-in Stabilizer1 Year Warranty on Product  and 10 Years on Compressor,Fridge,27990,3.6,8.0,Mid-range
LG 185 L Direct Cool Single Door 4 Star Refrigerator with Base Drawer  with Smart Inverter Compressor ...,Smart Inverter CompressorBuilt-in Stabilizer1 Year Warranty on Product and 10 Years Warranty on Compressor from LG,Fridge,15990,2.1,405.0,Economic
Lloyd 280 L Frost Free Double Door 2 Star Refrigerator,Inverter CompressorBuilt-in Stabilizer1 Year Warranty on Product and Additional 9 Years Warranty on Compressor,Fridge,32490,4.5,0.0,Mid-range
Whirlpool 190 L Direct Cool Single Door 3 Star Refrigerator,Non Inverter CompressorBuilt-in Stabilizer1 Year on Product and 10 Years on Compressor from Whirlpool,Fridge,14790,3.9,62.0,Economic
Panasonic 197 L Direct Cool Single Door 2 Star Refrigerator,Digital Inverter CompressorBuilt-in Stabilizer1 Year on Product and 10 Years on Compressor,Fridge,16299,2.2,0.0,Economic
Godrej 221 L Direct Cool Single Door 3 Star Refrigerator,Intelligent Inverter CompressorBuilt-in Stabilizer1 Year Comprehensive Warranty on Prodcut and 10 Years Warranty on Compressor,Fridge,17790,4.4,15.0,Economic
SAMSUNG 183 L Direct Cool Single Door 3 Star Refrigerator,Digital Inverter CompressorBuilt-in Stabilizer1 Year Comprehensive Warranty on Product and 10 Years Warranty on Compressor,Fridge,15700,2.4,0.0,Economic
Whirlpool 207 L Direct Cool Single Door 4 Star Refrigerator,DC Inverter CompressorBuilt-in Stabilizer1 Year Warranty on Product and 10 Years on Compressor,Fridge,18690,1.6,836.0,Economic
Whirlpool 192 L Direct Cool Single Door 4 Star Refrigerator,IntelliSense Inverter CompressorBuilt-in Stabilizer1 Year on Product and 10 Years on Compressor from Whirlpool,Fridge,17290,2.6,836.0,Economic
SAMSUNG 189 L Direct Cool Single Door 5 Star Refrigerator  with Digi-Touch Cool Digital Inverter with ...,"Digital Inverter CompressorBuilt-in Stabilizer1 year comprehensive warranty on product, 20 years on compressor, For all Refrigerators with Digital Inverter Compressors, sold on or after 1st Dec 2022 (All Refrigerator apart from Non-Digital Inverter Technology Direct Cool Models) the Warranty period on the Digital Inverter Compressor shall be revised from 10 years to 20 years.",Fridge,17890,4.9,147.0,Economic
LG 630 L Frost Free Double Door 3 Star Refrigerator,Inverter Linear CompressorBuilt-in Stabilizer1 Year Warranty on Product and 10 Years on Compressor from LG,Fridge,69990,3.2,4.0,Premium
Voltas Beko 228 L Direct Cool Single Door 5 Star Refrigerator,Reciprocating CompressorBuilt-in Stabilizer1 Year Comprehensive Warranty on Product and 10 Years Warranty on Compressor,Fridge,17990,4.5,225.0,Economic
Lloyd 280 L Frost Free Double Door 2 Star Refrigerator,Inverter CompressorBuilt-in Stabilizer1 Year Warranty on Product and Additional 9 Years Warranty on Compressor,Fridge,30590,4.7,0.0,Mid-range
Liebherr 420 L Frost Free Double Door 2 Star Refrigerator,"NextGen 8 Step Inverter CompressorBuilt-in Stabilizer1-year comprehensive warranty (additional 2 years warranty upon registration completed within 15 days of purchase) and 10 Years Warranty on Compressor. Registration can be done via the QR Code on the product or by contacting our customer care team via email.
Offer Period: 13 Oct'2023-31 Dec' 2023",Fridge,51990,2.1,0.0,Mid-range
Panasonic 592 L Frost Free Side by Side Refrigerator  with Wifi Connectivity,Inverter CompressorBuilt-in Stabilizer1 Year Warranty on Product and 10 Years Warranty on Compressor,Fridge,67490,3.7,15.0,Premium
LG 547 L Frost Free Double Door 2 Star Refrigerator  with with Door Cooling,Inverter Linear CompressorBuilt-in Stabilizer1 Year Warranty on product and 10 Years Warranty on compressor from LG,Fridge,65990,4.5,1.0,Premium
LG 675 L Frost Free Side by Side Refrigerator  with with Door Cooling and Smart ThinQ(WiFi Enabled),Inverter Linear CompressorBuilt-in Stabilizer1 Year Warranty on product and 10 Years Warranty on compressor from LG,Fridge,109990,1.4,3.0,Premium
SAMSUNG 236 L Frost Free Double Door 1 Star Refrigerator,Digital Inverter CompressorBuilt-in Stabilizer1 Year Standard Warranty on Product and 20 Years Warranty on the Compressor,Fridge,24900,4.3,0.0,Mid-range
LG 674 L Frost Free Side by Side Refrigerator  with Inverter Linear ThinQ (Wi-fi) InstaView Door-in-Do...,Inverter Linear CompressorBuilt-in Stabilizer1 Year Warranty on Product and 10 Years Warranty on Compressor,Fridge,173990,2.2,0.0,Premium
SAMSUNG 385 L Frost Free Double Door 1 Star Convertible Refrigerator,Digital Inverter CompressorBuilt-in Stabilizer1 Year Comprehensive Warranty on Product and 10 Years Warranty on Compressor,Fridge,45000,4.1,0.0,Mid-range
"LG 655 L Frost Free Side by Side Refrigerator  with Smart Inverter Compressor, AI ThinQ (Wi-Fi), Door ...",Smart Inverter CompressorBuilt-in Stabilizer1 Year Warranty on Product and 10 Years Warranty on Compressor from LG,Fridge,88990,4.9,0.0,Premium
Whirlpool 207 L Direct Cool Single Door 5 Star Refrigerator with Base Drawer,IntelliSense Inverter CompressorBuilt-in Stabilizer1 Year on Product and 10 Years on Compressor from Whirlpool,Fridge,18982,2.1,185.0,Economic
TOSHIBA 272 L Frost Free Double Door 2 Star Refrigerator,DC Inverter CompressorBuilt-in Stabilizer1 Year on Product and 10 Years on Compressor from Toshiba,Fridge,26760,1.6,0.0,Mid-range
IFB 197 L Direct Cool Single Door 2 Star Refrigerator,"Normal CompressorBuilt-in Stabilizer1 Year Comprehensive Warranty on Product, 10 Years Warranty on Compressor",Fridge,16200,4.9,0.0,Economic
Godrej 210 L Direct Cool Single Door 3 Star Refrigerator with Base Drawer,Reciprocatory CompressorBuilt-in Stabilizer1 Year Warranty on product and 10 Years Warranty on Compressor from Godrej,Fridge,19997,4.4,11.0,Mid-range
Haier 185 L Direct Cool Single Door 2 Star Refrigerator,Normal CompressorBuilt-in Stabilizer1 Year Warranty on Product and 10 Years on Compressor,Fridge,18490,2.0,490.0,Economic
Haier 185 L Direct Cool Single Door 2 Star Refrigerator,NormalBuilt-in Stabilizer1 Year Warranty on Product and 10 Years Warranty on Compressor,Fridge,18450,1.9,1.0,Economic
Godrej 180 L Direct Cool Single Door 2 Star Refrigerator,Fixed speed compressorBuilt-in Stabilizer1 Year Comprehensive Warranty on Product and 10 Years Warranty on Compressor,Fridge,17500,3.0,163.0,Economic
Whirlpool 235 l Frost Free Double Door 3 Star Refrigerator,Reciprocating CompressorBuilt-in Stabilizer1 Year Warranty on Product and 10 Years Warranty on Compressor,Fridge,25990,4.8,60.0,Mid-range
LG 446 L Frost Free Double Door 1 Star Refrigerator,Smart Inverter CompressorBuilt-in Stabilizer1 Year Warranty on Product and 10 Years Warranty on Compressor From LG,Fridge,49990,1.5,9.0,Mid-range
ACTIVA 25 L Storage Water Geyser ,Storage Geyser25 L2 YEAR ON INNER TANK 1 YEAR ON COMPONENT WARRANTY.,geyser,3799,4.5,501.0,Economic
Hindware Smart Appliances 3 L Instant Water Geyser ,"Instant Geyser3 L24 months overall warranty, 5 years on tank and 24 months on heating element",geyser,1799,4.6,8437.0,Economic
V-Guard 10 L Storage Water Geyser with Free Installation & Flexi Pipes ,"Storage Geyser10 L2 Year (Product), 3 Year (Heating Element) & 7 Year (Inner Tank)",geyser,7149,3.3,281.0,Economic
Crompton 3 L Instant Water Geyser ,"Instant Geyser3 LTank: 5 years, Heating Element: 2 years, Product: 2 years",geyser,2440,1.2,1120.0,Economic
Thomson 3 L Instant Water Geyser ,Instant Geyser3 L2 Years Warranty,geyser,1999,4.9,309.0,Economic
Racold 25 L Storage Water Geyser with Flexi Pipe and Free Installation ,"Storage Geyser25 L2 Years on Product, 4 Years on Heating Element and 7 Years on Tank",geyser,10399,3.7,7.0,Economic
Eskon 10 L Storage Water Geyser ,Storage Geyser10 L12 MONTHS,geyser,3299,1.5,0.0,Economic
RR 10 L Storage Water Geyser ,"Storage Geyser10 L2 Year on Product, 3 Year on Heating Element, 5 Year on Tank",geyser,4199,1.8,2.0,Economic
Racold 15 L Storage Water Geyser with Flexi Pipe and Free Installation ,"Storage Geyser15 L2 Years on Product, 2 Years on Heating Element and 3 Years on Tank",geyser,6299,3.0,71.0,Economic
Racold 15 L Storage Water Geyser ,"Storage Geyser15 L2 Years on Product, 4 Years on Heating Element and 7 Years on Tank",geyser,9685,4.1,1.0,Economic
Crompton 3 L Instant Water Geyser ,"Instant Geyser3 LTank: 5 years, Heating Element: 2 years, Product: 2 years",geyser,2699,2.1,2487.0,Economic
ACTIVA 25 L Storage Water Geyser ,"Storage Geyser25 L5 Year Warranty On Inner Tank, 1 Year On Components",geyser,4199,2.3,145.0,Economic
Jaquar 25 L Storage Water Geyser ,"Storage Geyser25 L7 Years on Tank,4 Years on Heating Element and 2 Years on Other Parts",geyser,11699,2.5,0.0,Economic
ACTIVA 25 L Storage Water Geyser ,"Storage Geyser25 L5 Year Warranty On Inner Tank, 1 Year On Components",geyser,4399,1.7,304.0,Economic
BAJAJ 15 L Storage Water Geyser ,Storage Geyser15 L2 years on product,geyser,8675,3.7,149.0,Economic
ACTIVA 25 L Storage Water Geyser ,"Storage Geyser25 L5 Year Warranty On Inner Tank, 1 Year On Components",geyser,3799,1.1,2294.0,Economic
Polycab 15 L Storage Water Geyser ,Storage Geyser15 L2 Year Warranty,geyser,5999,3.0,14.0,Economic
Candes 15 L Storage Water Geyser ,"Storage Geyser15 L1 Year Warranty on Components & 4 Years Warranty on Inner Container  including On-Site & Off-Site, Domestic & International Warranty",geyser,3849,4.0,68.0,Economic
Venus 10 L Storage Water Geyser ,"Storage Geyser10 L2 Years Product, 2 Years Element, 5 Years Tank",geyser,5792,1.5,50.0,Economic
Crompton 3 L Instant Water Geyser ,"Instant Geyser3 LTank: 5 years, Heating Element: 2 years, Product: 2 years",geyser,3569,4.6,58.0,Economic
Crompton 25 L Storage Water Geyser ,"Storage Geyser25 L7 years in tank, 2 years on element and 2 years on product.",geyser,10849,2.8,85.0,Economic
ACTIVA 3 L Instant Water Geyser ,"Instant Geyser3 L5 Year Warranty On Inner Tank, 1 Year On Components",geyser,1799,4.9,258.0,Economic
BAJAJ 15 L Storage Water Geyser ,Storage Geyser15 L2 Year Manufacturer Warranty,geyser,6339,4.3,40.0,Economic
SURYA 5 L Instant Water Geyser ,"Instant Geyser5 L6 year warranty on inner tank,2 Year on Electrical Components,3 Year heating element",geyser,3899,3.7,0.0,Economic
V-Guard 10 L Storage Water Geyser with Free Installation & Flexi Pipes ,Storage Geyser10 LHeating Element -36 months Inner Tank - 84 month,geyser,7199,3.7,167.0,Economic
HAVELLS 100 L Storage Water Geyser ,Storage Geyser100 L7 year warranty on inner container; 4 year warranty on heating element ; 2 year comprehensive Warranty,geyser,34999,4.1,140.0,Mid-range
Kenstar 5.9 L Instant Water Geyser ,"Instant Geyser5.9 L5 Years on Tank, 2 Years on Heating Element, 2 Years on Product",geyser,2999,3.4,308.0,Economic
Bajya 1 L Instant Water Geyser ,Instant Geyser1 L1 Year Warranty Heating Element & Thermostat & 6 Month Warranty on Product,geyser,910,2.0,163.0,Economic
BAJAJ 25 L Storage Water Geyser ,"Storage Geyser25 LWarranty on product 4 years , on heating element 6 years & Inner Tank 10 Years",geyser,8299,2.6,0.0,Economic
Relaxo 10 L Instant Water Geyser ,Instant Geyser10 L24 Months  Limited Domestic Warranty,geyser,2899,4.6,47.0,Economic
Crompton 15 L Storage Water Geyser ,"Storage Geyser15 LTank: 5 years, Heating Element: 2 years, Product: 2 years",geyser,6789,1.8,1555.0,Economic
Hindware Smart Appliances 10 L Storage Water Geyser ,"Storage Geyser10 L7 Years on Tank, 4 Years on Heating Element and 2 Years Comprehensive",geyser,7599,4.5,250.0,Economic
HAVELLS 25 L Storage Water Geyser ,"Storage Geyser25 L7 Years Warranty on Inner Container, 4 Years Warranty on Heating Element, 2 Years Comprehensive Warranty",geyser,10970,2.4,5.0,Economic
Kenstar 25 L Storage Water Geyser ,"Storage Geyser25 L2 Years Comprehensive Warranty. 7 Years on Tank, 3 Years on Heating Element, 2 Years on Product",geyser,9847,1.4,4.0,Economic
BAJAJ 15 L Storage Water Geyser ,"Storage Geyser15 L4 YEARS PRODUCT , HEATING ELEMENT 6 YEARS , INNER TANK 10 YEARS",geyser,7299,2.2,0.0,Economic
Jaquar 6 L Storage Water Geyser ,"Storage Geyser6 L7 Years on Tank,4 Years on Heating Element and 2 Years on Other Parts",geyser,7499,1.8,0.0,Economic
Racold 25 L Storage Water Geyser ,Storage Geyser25 L5 Year Inner Tank || 2 Years Element || 2 Years Product,geyser,9499,3.4,1.0,Economic
Racold 25 L Storage Water Geyser with Flexi Pipe and Free Installation ,"Storage Geyser25 L2 Years on Product, 4 Years on Heating Element and 7 Years on Tank",geyser,12599,3.2,12.0,Economic
CSI INTERNATIONAL 1 L Instant Water Geyser ,Instant Geyser1 LNa,geyser,1099,2.4,79.0,Economic
Candes 15 L Storage Water Geyser ,"Storage Geyser15 L1 Year Warranty on Components & 4 Years Warranty on Inner Container  including On-Site & Off-Site, Domestic & International Warranty",geyser,3999,4.4,544.0,Economic
Amplesta 15 L Storage Water Geyser ,"Storage Geyser15 L5 Years on Tank, 2 Years on Heating Element and 2 Years on Product",geyser,4749,4.0,123.0,Economic
Kenstar 25 L Storage Water Geyser ,Storage Geyser25 L2 Year warranty on Product and 5 years warranty on Tank,geyser,7499,1.7,11.0,Economic
V-Guard 10 L Storage Water Geyser ,"Storage Geyser10 L2 year product warranty, 3 years for heating element and 7 years warranty for inner tank. Please contact V-Guard Customer Care 1800 103 1300(Toll-free) for service-related issues",geyser,6499,2.4,1.0,Economic
Crompton 10 L Storage Water Geyser ,Storage Geyser10 L5 Years Domestic Warranty on Tank and 2 Years Domestic Warranty on the Product from the Date of Purchase,geyser,6539,4.9,1555.0,Economic
Crompton 25 L Storage Water Geyser ,"Storage Geyser25 LTank: 5 years, Heating Element: 2 years, Product: 2 years",geyser,8699,3.1,160.0,Economic
Venus 10 L Storage Water Geyser ,"Storage Geyser10 LGuarantee - 5 Years on Inner Tank, 2 Years on Heating Element & 2 Years on Product",geyser,5121,3.9,1.0,Economic
Amplesta 15 L Storage Water Geyser ,Storage Geyser15 L1 Years Limited Domestic Brand Warranty and 2 years warranty on Tank,geyser,3699,2.3,1.0,Economic
HAVELLS 10 L Storage Water Geyser ,"Storage Geyser10 L5 year warranty on Inner Container, 2 year comprehensive Warranty",geyser,7680,2.2,152.0,Economic
Orient Electric 15 L Storage Water Geyser ,"Storage Geyser15 L2 Years Domestic Warranty on Product, 2 Years Domestic Warranty on Heating Element and 5 Years Domestic Warranty on Inner Tank",geyser,6499,1.6,229.0,Economic
Kenstar 15 L Storage Water Geyser ,"Storage Geyser15 L2 Years comprehensive warranty. 7 Years on Tank, 3 Years on Heating Element, 2 Years on Product",geyser,8799,4.5,4.0,Economic
Racold 15 L Storage Water Geyser ,"Storage Geyser15 L2 Years on Product, 2 Years on Heating Element and 5 Years on Tank",geyser,6799,4.9,183.0,Economic
Sunflame 25 L Storage Water Geyser ,Storage Geyser25 LAny manufacturing defect,geyser,7199,1.7,0.0,Economic
V-Guard 10 L Storage Water Geyser ,Storage Geyser10 L2 Year,geyser,9599,1.2,89.0,Economic
BAJAJ 3 L Instant Water Geyser ,Instant Geyser3 L2 Year Warranty on Product & 3 Year Warranty on Heating Element & 5 Year Warranty on Inner Tank,geyser,3999,1.7,0.0,Economic
Crompton 6 L Storage Water Geyser ,"Storage Geyser6 LTank: 5 years, Heating Element: 2 years, Product: 2 years",geyser,6390,4.7,940.0,Economic
BAJAJ 10 L Storage Water Geyser ,"Storage Geyser10 L10 years warranty on tank, 6 years warranty on element and 4 years warranty on product",geyser,5749,2.7,74.0,Economic
HAVELLS 25 L Storage Water Geyser ,"Storage Geyser25 L7 Years Warranty on Inner Container, 4 Years Warranty on Heating Element, 2 Years Comprehensive Warranty",geyser,10899,2.7,8.0,Economic
voltas 3 L Instant Water Geyser ,"Instant Geyser3 L5 Years Warranty on Tank, 2 Years Warranty on Heating Element and 2 Years Warranty on Product",geyser,2889,2.9,8.0,Economic
Crompton 15 L Storage Water Geyser ,Storage Geyser15 L2 YEAR WARRANTY ON PRODUCT AND 5 YEARS ON TANK,geyser,6370,1.8,4.0,Economic
AO Smith 15 L Storage Water Geyser ,"Storage Geyser15 L7 Years on tank, 2+2 Extender warranty on heating element, 2 Years on products",geyser,9990,4.5,0.0,Economic
HAVELLS 10 L Storage Water Geyser with Flaxi Pipe and FreeInstallation ,"Storage Geyser10 L7 Years Warranty on Inner Container, 4 Years Warranty on Heating Element, 2 Years Comprehensive Warranty",geyser,12380,4.2,355.0,Economic
AO Smith 25 L Storage Water Geyser ,"Storage Geyser25 L2 Years Warranty on Product, 7 Years on Tank, 2 Years Extended Warranty on Heating Element",geyser,10299,3.0,1.0,Economic
Blowhot 10 L Storage Water Geyser ,"Storage Geyser10 L1 Year General Warranty (5 Years Storage Tank, 2 Years Heating Element, 1 Year Solenoid Valve)",geyser,6990,1.8,26.0,Economic
HAVELLS 15 L Storage Water Geyser ,"Storage Geyser15 L7 Years Warranty on Inner Container, 4 Years Warranty on Heating Element, 2 Years Comprehensive Warranty",geyser,14999,1.5,0.0,Economic
BHABURLY 10 L Storage Water Geyser ,"Storage Geyser10 L7 Years on Tank, 2 Years Product Warranty & 2 Years  on Tank",geyser,3999,4.2,0.0,Economic
Orient Electric 15 L Instant Water Geyser ,Instant Geyser15 L2 years on product,geyser,6699,1.6,0.0,Economic
BAJAJ 25 L Storage Water Geyser ,Storage Geyser25 L2 Year Manufacturer Warranty,geyser,6949,2.2,25.0,Economic
PADMINI 15 L Storage Water Geyser ,Storage Geyser15 L3 YEARS WARRANTY ON ELEMENT & 5 YEARS WARRANTY ON TANK,geyser,6399,2.2,0.0,Economic
Racold 25 L Storage Water Geyser ,"Storage Geyser25 L2 Years on Product, 4 Years on Heating Element and 7 Years on Tank",geyser,14590,3.7,31.0,Economic
Venus 10 L Storage Water Geyser ,"Storage Geyser10 L7 Years on Inner tank, 4 Years on Heating Element, 2 Years on Product",geyser,9529,1.7,0.0,Economic
Polycab 10 L Instant Water Geyser ,Instant Geyser10 L2 years product warranty and 5 years tank warranty,geyser,5349,4.9,15.0,Economic
Venus 15 L Storage Water Geyser ,Storage Geyser15 L2 Years on Product,geyser,11220,3.2,0.0,Economic
MSI Modern 15 Intel Core i3 12th Gen 1215U ,Intel Core i3 Processor (12th Gen)8 GB DDR4 RAMWindows 11 Operating System512 GB SSD39.62 cm (15.6 inch) Display1 Year Warranty Term,laptops,30990,4.6,0.0,Mid-range
"Acer Aspire Lite with Backlit Keyboard, Intel Core i7 12th Gen 1255U ",Intel Core i7 Processor (12th Gen)16 GB DDR4 RAMWindows 11 Operating System512 GB SSD39.62 cm (15.6 Inch) Display1 Year Carry-in Warranty,laptops,47990,5.0,0.0,Mid-range
Acer Predator Neo Intel Core i7 13th Gen 13700HX ,Intel Core i7 Processor (13th Gen)16 GB DDR5 RAMWindows 11 Operating System1 TB SSD40.64 cm (16 Inch) Display1 Year International Travelers Warranty (ITW),laptops,104990,3.8,98.0,Premium
ASUS Vivobook Go 15 AMD Ryzen 5 Quad Core 7520U ,AMD Ryzen 5 Quad Core Processor8 GB LPDDR5 RAMWindows 11 Operating System512 GB SSD39.62 cm (15.6 Inch) Display1 Year Onsite Warranty,laptops,36990,3.7,114.0,Mid-range
Apple MacBook AIR Apple M2 ,"Apple M2 Processor8 GB Unified Memory RAMMac OS Operating System256 GB SSD34.54 cm (13.6 Inch) DisplayBuilt-in Apps: iMovie, Siri, GarageBand, Pages, Numbers, Photos, Keynote, Safari, Mail, FaceTime, Messages, Maps, Stocks, Home, Voice Memos, Notes, Calendar, Contacts, Reminders, Photo Booth, Preview, Books, App Store, Time Machine, TV, Music, Podcasts, Find My, QuickTime Player1 Year Limited Warranty",laptops,77990,3.5,691.0,Premium
ASUS Vivobook Go 15 OLED AMD Ryzen 3 Quad Core 7320U ,AMD Ryzen 3 Quad Core Processor8 GB LPDDR5 RAMWindows 11 Operating System512 GB SSD39.62 cm (15.6 Inch) Display1 Year Onsite Warranty,laptops,36990,2.8,292.0,Mid-range
HP Chromebook Intel Celeron Dual Core N4120 ,Intel Celeron Dual Core Processor4 GB LPDDR4 RAM64 bit Chrome Operating System35.56 cm (14 Inch) Touchscreen Display1 Year Onsite Warranty,laptops,19990,3.2,122.0,Mid-range
DELL Intel Core i3 12th Gen 1215U ,"Processor: Intel i3-1215U (Base- 0.9 GHz & Turbo up to 4.40 GHz) 6 CoresRAM & Storage: 8GB DDR4 & 512GB SSDGraphics & Keyboard: Integrated & Standard KeyboardDisplay: 15.6"" FHD WVA AG 120Hz 250 nits Narrow BorderIntel Core i3 Processor (12th Gen)8 GB DDR4 RAM64 bit Windows 11 Operating System512 GB SSD96.52 cm (38 cm) Display1 Year Onsite Hardware Service",laptops,32850,1.2,210.0,Mid-range
Acer Swift Go 14 TouchScreen AI PC Intel Core Ultra 7 155H ,Intel Core Ultra 7 Processor16 GB LPDDR5X RAMWindows 11 Operating System1 TB SSD35.56 cm (14 Inch) Touchscreen Display1 Year Carry-in Warranty,laptops,84990,1.9,2.0,Premium
Acer Swift Go 14 TouchScreen AI PC Intel Core Ultra 5 125H ,Intel Core Ultra 5 Processor16 GB LPDDR5X RAMWindows 11 Operating System512 GB SSD35.56 cm (14 Inch) Touchscreen Display1 Year Carry-in Warranty,laptops,69990,4.8,46.0,Premium
Lenovo IdeaPad Slim 1 AMD Ryzen 5 Quad Core 7520U ,AMD Ryzen 5 Quad Core Processor8 GB LPDDR5 RAMWindows 11 Operating System512 GB SSD39.62 cm (15.6 inch) DisplayMicrosoft Office Home & Student 20211 Year Carry-in Warranty,laptops,29990,4.5,10.0,Mid-range
Acer Aspire Lite AMD Ryzen 3 Quad Core 5300U ,AMD Ryzen 3 Quad Core Processor8 GB DDR4 RAMWindows 11 Operating System256 GB SSD39.62 cm (15.6 Inch) Display1 Year Carry-in Warranty,laptops,23990,1.6,2.0,Mid-range
MSI Modern 15 Intel Core i3 13th Gen 1315U ,Intel Core i3 Processor (13th Gen)8 GB DDR4 RAMWindows 11 Operating System512 GB SSD39.62 cm (15.6 Inch) Display1 Year Warranty Term,laptops,32990,4.2,0.0,Mid-range
Apple MacBook AIR Apple M2 ,"Apple M2 Processor8 GB Unified Memory RAMMac OS Operating System512 GB SSD34.54 cm (13.6 Inch) DisplayBuilt-in Apps: iMovie, Siri, GarageBand, Pages, Numbers, Photos, Keynote, Safari, Mail, FaceTime, Messages, Maps, Stocks, Home, Voice Memos, Notes, Calendar, Contacts, Reminders, Photo Booth, Preview, Books, App Store, Time Machine, TV, Music, Podcasts, Find My, QuickTime Player1 Year Limited Warranty",laptops,97990,2.4,691.0,Premium
ASUS TUF Gaming A15 AMD Ryzen 5 Hexa Core 7535HS ,AMD Ryzen 5 Hexa Core Processor16 GB DDR5 RAMWindows 11 Operating System512 GB SSD39.62 cm (15.6 Inch) Display1 Year Onsite Warranty,laptops,57990,2.2,16.0,Premium
HP 240 G9 Intel Core i3 12th Gen 1215 ,Intel Core i3 Processor (12th Gen)8 GB DDR4 RAM64 bit Windows 11 Operating System512 GB SSD35.56 cm (14 inch) DisplayMS OFFICE1 year Onsite Warrenty,laptops,33900,1.6,6.0,Mid-range
HP 15s AMD Ryzen 5 Quad Core 7520U ,AMD Ryzen 5 Quad Core Processor8 GB DDR4 RAM64 bit Windows 11 Operating System512 GB SSD39.62 cm (15.6 inch) Display1 Year Onsite Warranty,laptops,38999,1.6,7.0,Mid-range
Infinix Zero Book Ultra AI PC Intel Core Ultra 9 185H ,Intel Core Ultra 9 Processor32 GB LPDDR5X RAMWindows 11 Operating System1 TB SSD39.62 cm (15.6 Inch) Display1 Year Onsite Warranty,laptops,79990,4.6,2.0,Premium
HP Pavilion Aero AMD Ryzen 5 Hexa Core 7535U ,AMD Ryzen 5 Hexa Core Processor16 GB LPDDR5 RAMWindows 11 Operating System512 GB SSD33.78 cm (13.3 Inch) Display1 Year Onsite Warranty,laptops,69990,2.9,34.0,Premium
MSI Crosshair 16 HX Intel Core i7 14th Gen 14700HX ,Intel Core i7 Processor (14th Gen)16 GB DDR5 RAMWindows 11 Operating System1 TB SSD40.64 cm (16 Inch) Display2 Year Onsite Warranty,laptops,124990,4.0,0.0,Premium
DELL Inspiron 5430 Intel Core i5 13th Gen ,Intel Core i5 Processor (13th Gen)16 GB LPDDR5 RAM64 bit Windows 11 Operating System512 GB SSD35.56 cm (14 inch) Display1-year warranty,laptops,63490,1.0,14.0,Premium
Infinix INBook X2 Plus Intel Core i3 11th Gen 1115G4 ,Intel Core i3 Processor (11th Gen)8 GB LPDDR4X RAM64 bit Windows 11 Operating System256 GB SSD39.62 cm (15.6 Inch) Display1 Year Onsite Warranty,laptops,34990,1.4,110.0,Mid-range
HP AMD Ryzen 3 Quad Core 7320U ,AMD Ryzen 3 Quad Core Processor8 GB LPDDR5 RAM64 bit Windows 11 Operating System512 GB SSD35.56 cm (14 Inch) DisplayMicrosoft Office Home & Student 20211 Year Onsite Warranty,laptops,37490,2.0,7.0,Mid-range
HP Pavilion AI PC Intel Core Ultra 5 125U ,Intel Core Ultra 5 Processor16 GB LPDDR5 RAMWindows 11 Operating System512 GB SSD40.64 cm (16 Inch) Display1 Year Carry-in Warranty,laptops,73990,4.4,1.0,Premium
MSI Thin A15 AMD Ryzen 5 Hexa Core 7535HS ,AMD Ryzen 5 Hexa Core Processor8 GB DDR5 RAM64 bit Windows 11 Operating System512 GB SSD39.62 cm (15.6 Inch) Display2 Year Onsite Warranty,laptops,44990,4.5,8.0,Mid-range
Thomson NEO Core Series Intel Core i7 12th Gen 1255U ,Intel Core i7 Processor (12th Gen)16 GB LPDDR4 RAMWindows 11 Operating System512 GB SSD39.62 cm (15.6 inch) Display1 Year Onsite warranty,laptops,43990,2.7,2.0,Mid-range
ASUS Zenbook 14X OLED AMD Ryzen 7 Octa Core 5800HS ,AMD Ryzen 7 Octa Core Processor16 GB LPDDR4X RAMWindows 11 Operating System1 TB SSD35.56 cm (14 Inch) Display1 Year Onsite Warranty,laptops,98400,4.9,29.0,Premium
ASUS AMD Ryzen 7 Octa Core 7435HS ,AMD Ryzen 7 Octa Core Processor16 GB DDR5 RAMWindows 11 Operating System512 GB SSD39.62 cm (15.6 Inch) Display1 Year Onsite Warranty,laptops,62990,2.3,199.0,Premium
HP Victus Intel Core i5 13th Gen 13420H ,Intel Core i5 Processor (13th Gen)16 GB DDR4 RAM64 bit Windows 11 Operating System1 TB SSD39.62 cm (15.6 Inch) Display1 Year Onsite Warranty,laptops,69900,1.3,4.0,Premium
ASUS EeeBook 12 Intel Celeron Dual Core Celeron N4020 ,"Intel Celeron Dual Core Processor4 GB DDR4 RAMWindows 10 Operating System29.46 cm (11.6 inch) DisplaySplendid (All Models), Tru2Life (Intel Platform Models), Link to MyASUS (All Models, Bluetooth Needed)1 Year Onsite Warranty",laptops,17990,2.4,16.0,Economic
Lenovo ThinkPad E14 Intel Core i5 12th Gen 1235U ,Intel Core i5 Processor (12th Gen)16 GB DDR4 RAMWindows 11 Operating System512 GB SSD35.56 cm (14 Inch) Display1 Year Onsite Warranty,laptops,68000,2.0,7.0,Premium
Avita With Free USB Charging Backpack Intel Core i5 12th Gen 1235U ,Intel Core i5 Processor (12th Gen)8 GB DDR4 RAMWindows 11 Home Operating System512 GB SSD35.81 cm (14.1 inch) Display1 Year Manufacturing Warranty,laptops,31990,4.2,2.0,Mid-range
ASUS Vivobook 15 Intel Core i5 12th Gen 1235U ,Intel Core i5 Processor (12th Gen)8 GB DDR4 RAMWindows 11 Operating System512 GB SSD39.62 cm (15.6 Inch) Display1 Year Onsite Warranty,laptops,40890,4.3,4.0,Mid-range
HP 14s Intel Celeron Dual Core N4500 ,Intel Celeron Dual Core Processor8 GB DDR4 RAM64 bit Windows 11 Operating System256 GB SSD35.56 cm (14 Inch) Display1 Year onsite warranty,laptops,24990,4.8,68.0,Mid-range
Acer AMD Ryzen 7 Octa Core 8845HS ,AMD Ryzen 7 Octa Core Processor16 GB DDR5 RAMWindows 11 Operating System1 TB SSD40.64 cm (16 Inch) Display1 Year Carry-in Warranty,laptops,109990,4.3,0.0,Premium
Lenovo ThinkPad E14 Intel Intel Core i3 12th Gen 1215U ,Intel Core i3 Processor (12th Gen)8 GB DDR4 RAMWindows 11 Operating System512 GB SSD35.56 cm (14 Inch) Display1 Year Onsite Warranty,laptops,47490,1.5,2.0,Mid-range
HP 15s Intel Core i5 13th Gen 1335U ,Intel Core i5 Processor (13th Gen)8 GB DDR4 RAM64 bit Windows 11 Operating System512 GB SSD39.62 cm (15.6 Inch) Display1 Year Onsite Warranty,laptops,54290,5.0,31.0,Premium
ASUS AMD Ryzen 3 Quad Core ,AMD Ryzen 3 Quad Core Processor8 GB DDR4 RAMWindows 11 Home Operating System512 GB SSD39.62 cm (15.6 inch) Display1 Year Onsite Warranty,laptops,31890,1.2,0.0,Mid-range
ASUS Intel Core i7 12th Gen ,Intel Core i7 Processor (12th Gen)16 GB DDR4 RAMWindows 11 Operating System512 GB SSD39.62 cm (15.6 inch) Display1 Year Warranty,laptops,72990,2.3,0.0,Premium
"DELL Inspiron 15 with Backlit Keyboard, Intel Core i3 12th Gen 1215U ",Intel Core i3 Processor (12th Gen)8 GB DDR4 RAM64 bit Windows 11 Operating System512 GB SSD39.62 cm (15.6 Inch) DisplayMicrosoft Office Home & Student 20211 Year Onsite Hardware Service,laptops,35490,4.9,8.0,Mid-range
HP Victus Intel Core i5 12th Gen ,Intel Core i5 Processor (12th Gen)16 GB DDR4 RAMWindows 11 Operating System512 GB SSD39.62 cm (15.6 inch) Display1 Year Onsite Warranty,laptops,58990,1.5,75.0,Premium
HP 255 G9 840T7PA AMD Athlon Dual Core 3050U ,AMD Athlon Dual Core Processor4 GB DDR4 RAMDOS Operating System256 GB SSD39.62 cm (15.6 Inch) Display1 Year Onsite Warranty,laptops,21490,4.1,125.0,Mid-range
HP Victus 15 Intel Core i5 12th Gen 12450H ,Intel Core i5 Processor (12th Gen)8 GB DDR4 RAM64 bit Windows 11 Operating System512 GB SSD39.62 cm (15.6 Inch) Display1 Year Onsite Warranty,laptops,58190,4.7,126.0,Premium
HP G8 AMD Ryzen 5 Hexa Core 5th Gen 5500U ,AMD Ryzen 5 Hexa Core Processor (5th Gen)8 GB DDR4 RAM64 bit Windows 11 Operating System512 GB SSD39.62 cm (15.6 inch) Display1 Year Onsite Warranty,laptops,33990,1.8,1.0,Mid-range
Lenovo IdeaPad Slim 3 Backlit AMD Ryzen 7 Octa Core 5th Gen ,AMD Ryzen 7 Octa Core Processor (5th Gen)16 GB DDR4 RAMWindows 11 Operating System512 GB SSD39.62 cm (15.6 inch) Display1-year warranty,laptops,42490,1.2,0.0,Mid-range
HP Envy13 x360 bf0121tu Intel Core i5 12th Gen I5 1230U ,Intel Core i5 Processor (12th Gen)16 GB LPDDR4X RAM64 bit Windows 11 Operating System512 GB SSD85.8 cm (33.78 inch) Touchscreen DisplayW11 + MS OFFICE1 Year Onsite Warranty,laptops,85400,3.9,25.0,Premium
Acer Nitro 5 AMD Ryzen 7 Octa Core 7735HS ,AMD Ryzen 7 Octa Core Processor8 GB DDR5 RAM64 bit Windows 11 Operating System512 GB SSD39.62 cm (15.6 Inch) Display1 Year International Travelers Warranty,laptops,72690,3.8,5.0,Premium
Apple MacBook AIR Apple M2 ,"Apple M2 Processor8 GB Unified Memory RAMMac OS Operating System256 GB SSD34.54 cm (13.6 Inch) DisplayBuilt-in Apps: iMovie, Siri, GarageBand, Pages, Numbers, Photos, Keynote, Safari, Mail, FaceTime, Messages, Maps, Stocks, Home, Voice Memos, Notes, Calendar, Contacts, Reminders, Photo Booth, Preview, Books, App Store, Time Machine, TV, Music, Podcasts, Find My, QuickTime Player1 Year Limited Warranty",laptops,77990,2.9,691.0,Premium
DELL Intel Core i7 12th Gen 1260P ,Intel Core i7 Processor (12th Gen)16 GB DDR4 RAMWindows 11 Operating System512 GB SSD40.64 cm (16 Inch) Display1 Year Onsite Hardware Service,laptops,88990,4.3,0.0,Premium
HP 15s Intel Core i3 11th Gen i3,Intel Core i3 Processor (11th Gen)8 GB DDR4 RAM64 bit Windows 11 Home Operating System512 GB SSD39.62 cm (15.6 inch) Display1-Year,laptops,36990,1.5,0.0,Mid-range
GIGABYTE G Series Intel Core i7 13th Gen 13620H ,Intel Core i7 Processor (13th Gen)16 GB DDR5 RAMWindows 11 Operating System512 GB SSD40.64 cm (16 inch) Display2 Year Carry-in Warranty,laptops,86990,1.5,0.0,Premium
GIGABYTE G Series Intel Core i5 13th Gen 13500H ,Intel Core i5 Processor (13th Gen)16 GB DDR5 RAMWindows 11 Operating System512 GB SSD39.62 cm (15.6 inch) Display2 Year Carry-in Warranty,laptops,72990,4.6,0.0,Premium
"ASUS Vivobook S 15 OLED Powered, Intel EVO H Series, AI PC Intel Core Ultra 7 155H ",Intel Core Ultra 7 Processor16 GB LPDDR5X RAMWindows 11 Operating System1 TB SSD39.62 cm (15.6 Inch) DisplayMicrosoft Office Home & Student 20211 Year Onsite Warranty,laptops,111990,2.9,3.0,Premium
CHUWI Intel Core i5 12th Gen 12450H ,Intel Core i5 Processor (12th Gen)16 GB DDR4 RAMWindows 11 Home Operating System512 GB SSD39.62 cm (15.6 inch) Display1 Year Onsite Warranty,laptops,41990,3.6,0.0,Mid-range
HP Laptop AMD Ryzen 3 Quad Core 5300U ,AMD Ryzen 3 Quad Core Processor8 GB DDR4 RAMWindows 11 Operating System512 GB SSD39.62 cm (15.6 Inch) Display1 Year Onsite Warranty,laptops,32490,3.7,493.0,Mid-range
ASUS (2024) Intel Pentium Quad Core N5030 ,Intel Pentium Quad Core Processor4 GB DDR4 RAM64 bit Windows 11 Home Operating System1 TB HDD39.62 cm (15.6 inch) DisplaySplendid1 Year Onsite Warranty,laptops,27500,3.2,838.0,Mid-range
MSI Creator Z17 HX Studio Intel Core i9 14th Gen 14900HX ,Intel Core i9 Processor (14th Gen)64 GB DDR5 RAMWindows 11 Operating System2 TB SSD43.18 cm (17 Inch) Touchscreen Display2 Year Onsite Warranty,laptops,304990,4.8,0.0,Premium
Ultimus Pro Intel Celeron Dual Core ,Intel Celeron Dual Core Processor8 GB DDR4 RAMWindows 11 Operating System256 GB SSD35.81 cm (14.1 Inch) Display1 Year Onsite Warranty,laptops,15990,3.2,0.0,Economic
MSI Raider A18 HX AMD Ryzen 9 16 Core 7th Gen 7945HX ,AMD Ryzen 9 16 Core Processor (7th Gen)32 GB DDR5 RAMWindows 11 Operating System1 TB SSD45.72 cm (18 Inch) Display2 Year Carry-in Warranty,laptops,282990,1.1,0.0,Premium
Lenovo Ideapad S145 Intel Core i3 10th Gen 1005G1 ,Intel Core i3 Processor (10th Gen)4 GB DDR4 RAM64 bit Windows 10 Operating System1 TB HDD39.62 cm (15.6 inch) Display1 Year Onsite Warranty,laptops,30990,4.4,290.0,Mid-range
Acer One 11 Intel Celeron Dual Core N4500 ,Intel Celeron Dual Core Processor8 GB DDR4 RAMWindows 11 Operating System256 GB SSD29.46 cm (11.6 Inch) Display1 Year Onsite Warranty,laptops,39999,1.9,3.0,Mid-range
HP Laptop Intel Core i3 13th Gen 1315U ,Intel Core i3 Processor (13th Gen)8 GB DDR4 RAMWindows 11 Operating System512 GB SSD39.62 cm (15.6 Inch) Display1 Year Onsite Warranty,laptops,41990,1.8,20.0,Mid-range
ASUS TUF Gaming A15 AMD Ryzen 7 Octa Core 7435HS ,AMD Ryzen 7 Octa Core Processor16 GB DDR5 RAMWindows 11 Home Operating System512 GB SSD39.62 cm (15.6 inch) Display1 Year Carry-in Warranty,laptops,60990,4.7,17.0,Premium
Apple MacBook Air Apple M3 ,"Apple M3 Processor8 GB Unified Memory RAMMac OS Operating System512 GB SSD33.02 cm (13 Inch) DisplayBuilt-in Apps: App Store, Books, Calendar, Contacts, FaceTime, Find My, Freeform, GarageBand, Home, iMovie, Keynote, Mail, Maps, Messages, Music, Notes, Numbers, Pages, Photo Booth, Photos, Podcasts, Preview, QuickTime Player, Reminders, Safari, Shortcuts, Siri, Stocks, Time Machine, TV, Voice Memos1 Year Onsite Warranty",laptops,126890,2.5,24.0,Premium
SAMSUNG 9.5 kg,"1300 rpm Max Speed5 Star Rating2 years on product, 2 years on motor (T&C Apply)",washing machine,16090,2.6,2498.0,Economic
ONIDA 7.5 kg,750 rpm Max Speed5 Star Rating2 Years Comprehensive Warranty on Product and 5 Years Warranty on Wash Motor from Onida,washing machine,12890,1.2,4571.0,Economic
Haier 8 kg,1200 rpm Max Speed5 Star Rating5 Years Comprehensive Warranty on Product and 12 Years Warranty on Motor,washing machine,32990,2.5,97.0,Mid-range
Voltas Beko by A Tata Product 7 kg,1350 RPM Max Speed5 Star Rating2 YEARS COMPREHENSIVE WARRENTY AND ADDITIONAL 3 YEARS WARRENTY ON BOTH MOTORS.,washing machine,8850,1.7,125.0,Economic
Godrej 7 kg,1440 rpm Max Speed5 Star Rating2 Years Comprehensive Warranty on Product and 5 Years Warranty on Wash Motor,washing machine,9990,1.7,179.0,Economic
LG 7.5 kg,700 rpm Max Speed5 Star Rating2 Years Comprehensive Warranty on Product and 10 Years Warranty on Motor,washing machine,18489,4.8,4827.0,Economic
IFB 8 kg,"1400 RPM Max Speed5 Star RatingWith In-Built HeaterWith Wi-Fi Connectivity4 Years Comprehensive Warranty on Product, 10 Years Warranty on Motor, 10 Years Spares Support",washing machine,35490,4.8,8238.0,Mid-range
Lloyd by Havells 7.5 kg,1300 rpm Max Speed5 Star Rating2 Years Comprehensive Warranty on Product and 5 Years Warranty on Wash Motor,washing machine,9990,2.2,163.0,Economic
IFB 9 kg,"720 rpm Max Speed5 Star RatingWith In-Built Heater4 Years Comprehensive Warranty on Product, 10 Years Warranty on Motor and 10 Years Spares Support",washing machine,28790,2.3,1590.0,Mid-range
BOSCH 8 kg,680 RPM Max Speed5 Star Rating2 Years Warranty on Product and 10 Years Warranty on Motor,washing machine,23500,3.3,0.0,Mid-range
LG 10 kg,780 rpm Max Speed5 Star RatingWith In-Built Heater2 Years Comprehensive Warranty on Product and 10 Years Warranty on Motor,washing machine,32990,1.4,4827.0,Mid-range
MarQ by Flipkart 8.5 kg,1400 RPM Max Speed5 Star Rating2 Years Comprehensive and 5 Years on Wash Motor from MarQ by Flipkart,washing machine,9790,2.4,2399.0,Economic
SAMSUNG 8 kg,"1300 RPM Max Speed5 Star Rating2 Years warranty on product, 5 Years Warranty on Wash",washing machine,12847,3.5,0.0,Economic
SAMSUNG 7 kg,"700 rpm Max Speed5 Star Rating2 years comprehensive warranty on the product, 20 years warranty on the DIT Motor",washing machine,17690,3.8,4973.0,Economic
Whirlpool 7 kg,1400 rpm Max Speed2 Years Comprehensive Warranty and 5 Years Warranty on Motor from Whirlpool,washing machine,9900,3.1,344.0,Economic
SAMSUNG 8 kg,700 RPM Max Speed5 Star Rating2 Years on product and 20 Years on motor.,washing machine,20219,1.5,1.0,Economic
Haier 9 kg,1400 rpm Max Speed5 Star RatingWith In-Built Heater1 Year Comprehensive Warranty on Product and 10 Years Additional Warranty on Motor,washing machine,38890,2.8,0.0,Mid-range
BOSCH 7 kg,1200 rpm Max Speed3 Years Comprehensive Warranty on Product and 12 Years on Motor from Bosch,washing machine,33999,4.6,3.0,Mid-range
Whirlpool 7 kg,1400 RPM Max Speed5 Star Rating.,washing machine,9898,3.4,0.0,Economic
Thomson 12 kg,1400 RPM Max Speed5 Star Rating2 Years Comprehensive Warranty on Product and 5 Years Warranty on Motor,washing machine,11499,3.9,1149.0,Economic
SAMSUNG 8.5 kg,"1300 rpm Max Speed5 Star Rating2 years on product, 2 years on motor (T&C Apply)",washing machine,13990,4.1,332.0,Economic
Panasonic 7 kg,702 rpm Max Speed5 Star RatingWith In-Built Heater2 Years Warranty on Product and 10 Years Warranty on Motor,washing machine,16490,4.7,1138.0,Economic
IFB 8 kg,"1200 rpm Max Speed5 Star RatingWith In-Built Heater4 Years Comprehensive Warranty on Product, 10 Years Motor Warranty and 10 Years Warranty on Spares Support",washing machine,31990,1.9,8238.0,Mid-range
Godrej 7 kg,720 rpm Max Speed5 Star Rating2 Years on Product and 10 Years on Motor from Godrej,washing machine,14790,4.3,351.0,Economic
SAMSUNG 10 kg,"700 RPM Max Speed5 Star Rating3 Years warranty on product, 12 Years warranty on Digital Inverter Motor",washing machine,29490,2.1,4605.0,Mid-range
Voltas Beko by A Tata Product 7 kg,1350 RPM Max Speed5 Star Rating2 Years Comprehensive,washing machine,8850,1.2,23.0,Economic
SAMSUNG 9 kg,"700 rpm Max Speed5 Star RatingFor all Fully Automatic Washing Machines with Digital Inverter Motors, sold on or after 1st Dec 2022 (All Fully Automatic Front Load Washing Machine and Top Load Washing Machine) the Warranty period on the Digital Inverter Motor shall be revised from 10 years to 20 years and Comprehensive Product Warranty shall be revised from 3 years to 2 years.",washing machine,28080,3.4,5.0,Mid-range
BOSCH 8 kg,680 RPM Max Speed5 Star Rating2 Years Warranty on Product and 10 Years Warranty on Motor,washing machine,23400,1.3,0.0,Mid-range
ONIDA 7 kg,"780 rpm Max Speed1 Year Comprehensive Warranty on Product, 7 Years Warranty on Motor",washing machine,6199,3.3,3033.0,Economic
Whirlpool 8.5 kg,"1450 rpm Max Speed5 Star Rating2 Years Comprehensive Warranty and 5 Years Warranty on Wash Motor, Spin motor and Prime Mover from Whirlpool",washing machine,13205,2.5,264.0,Economic
TCL 7 kg,1400 RPM Max Speed5 Star Rating2 Years Warranty on Product and 5 Years Warranty on Motor,washing machine,7568,2.2,0.0,Economic
LG 10 kg,1400 rpm Max Speed5 Star RatingWith In-Built HeaterWith Wi-Fi Connectivity1 Year Warranty on Product and 10 Years Warranty on Motor,washing machine,39501,5.0,0.0,Mid-range
Voltas Beko by A Tata Product 9 kg,700 rpm Max Speed5 Star Rating3 Years Comprehensive Warranty on Product and 12 Years Warranty on Motor,washing machine,19990,1.1,27.0,Economic
SAMSUNG 11 kg,700 rpm Max Speed5 Star RatingWith In-Built Heater1 Year Comprehensive Warranty on Product and 10 Years Warranty on Motor,washing machine,45590,2.5,0.0,Mid-range
TCL 6.5 kg,700 rpm Max Speed5 Star Rating2 Years comprehensive on product and 10 Years on motor,washing machine,12171,4.9,6.0,Economic
Godrej 7 kg,670 rpm Max Speed5 Star Rating3 Years Comprehensive Warranty on Product and 12 Years Warranty on Motor,washing machine,17785,4.0,0.0,Economic
Panasonic 6.5 kg,1350 rpm Max Speed5 Star Rating2 Years Warranty on Product and 5 Years on Motor,washing machine,9290,1.7,491.0,Economic
Haier 8 kg,800 RPM Max Speed5 Star Rating2 Years Warranty on Product and 10 Years Warranty on Motor,washing machine,16990,1.3,2377.0,Economic
BOSCH 9 kg,"1400 RPM Max Speed5 Star RatingWith In-Built Heater2 years on product, 12 years on motor",washing machine,44900,1.9,773.0,Mid-range
BOSCH 9 kg,680 RPM Max SpeedWith In-Built Heater2 Years Warranty on Product and 10 Years on Motor,washing machine,31990,3.6,0.0,Mid-range
Whirlpool 7 kg,740 rpm Max Speed5 Star Rating2 Years Comprehensive Warranty and 10 Years Warranty on Motor and Prime Mover from Whirlpool,washing machine,17490,2.8,1410.0,Economic
IFB 7 kg,1000 rpm Max Speed5 Star RatingWith In-Built Heater4 Years Comprehensive Warranty and 10 Years Spare Part Support From IFB,washing machine,32290,2.9,59.0,Mid-range
Thomson 7.5 kg,1400 rpm Max Speed5 Star Rating2 Years Comprehensive Warranty and 4 Years Warranty on Motor from Thomson,washing machine,8990,2.7,259.0,Economic
White Westinghouse (Trademark by Electrolux) 8.5 kg,1600 rpm Max Speed5 Star Rating2 Years Comprehensive Warranty on Product and 5 Years Warranty on Motor,washing machine,8499,4.4,6.0,Economic
Godrej 6.5 kg,1300 rpm Max Speed5 Star Rating2 Years Warranty on Product and 10 Years on Motor,washing machine,14190,1.5,0.0,Economic
SAMSUNG 7 kg,"1300 rpm Max Speed5 Star Rating2 years on product, 2 years on motor (T&C Apply)",washing machine,11900,1.9,33.0,Economic
Thomson 10 kg,1400 RPM Max Speed2 Years Warranty on Product and 5 Years Warranty on Motor,washing machine,9799,1.6,1149.0,Economic
LG 7 kg,700 rpm Max Speed5 Star Rating2 Years Comprehensive Warranty and 10 Years Warranty on Motor from LG,washing machine,26990,1.9,7.0,Mid-range
Panasonic 7.2 kg,700 RPM Max Speed2 Years Comprehensive Domestic Warranty,washing machine,17135,2.0,1.0,Economic
Lloyd 12 kg,1400 rpm Max Speed5 Star Rating2 Years Comprehensive Warranty on Product and 10 Years Additional Warranty on Motor,washing machine,17149,1.6,0.0,Economic
MOTOROLA 7.5 kg,1350 rpm Max Speed5 Star Rating2 Year Comprehensive Warranty on Product and 5 Years Warranty on Motor.,washing machine,8290,1.0,292.0,Economic
Haier 9.5 kg,"1300 RPM Max Speed2 years warranty on the product, 5 years on the motor",washing machine,15930,2.6,3.0,Economic
BOSCH 8 kg,"1200 rpm Max Speed5 Star RatingWith In-Built Heater2 Years Comprehensive on Product , 12 Years on Motor",washing machine,32990,2.7,773.0,Mid-range
Panasonic 10 kg,550 RPM Max Speed5 Star Rating2 Years On Product and 5 Years on Motor,washing machine,16749,4.9,0.0,Economic
Panasonic 10 kg,750 RPM Max Speed5 Star Rating2 YEAR,washing machine,17449,4.0,0.0,Economic
Haier 7.5 kg,0 RPM Max SpeedWith In-Built Heater2 Years Warranty on Product,washing machine,21990,3.7,1.0,Mid-range
BOSCH 8 kg,1200 rpm Max Speed5 Star RatingWith In-Built Heater1 Year Comprehensive Warranty on Product and 10 Years Warranty on Motor,washing machine,38990,4.5,0.0,Mid-range
LG 10.5/7 kg,1400 rpm Max SpeedWith In-Built HeaterWith Wi-Fi Connectivity2 Years Comprehensive Warranty and 10 Years Warranty on Motor from LG,washing machine,58980,2.8,21.0,Premium
Panasonic 7 kg,"702 RPM Max Speed5 Star Rating2 YEAR WARRANTY   , 5 YEAR MOTOR",washing machine,11929,3.5,0.0,Economic
Godrej 7 kg,670 rpm Max Speed5 Star Rating2 Years on Product and 10 Years on Motor from Godrej,washing machine,17990,2.3,114.0,Economic
Whirlpool 6.5 kg,740 rpm Max SpeedWith In-Built Heater2 Years Warranty on Unit  and 10 Years on Motor and Prime Mover,washing machine,19240,4.5,34.0,Mid-range
LG 15/8 kg,1000 rpm Max SpeedWith Wi-Fi Connectivity2 Years Comprehensive Warranty on Product and 10 Years Warranty on Motor,washing machine,121990,3.5,0.0,Premium
ONIDA 6.5 kg,700 rpm Max Speed2 Years Comprehensive Warranty on Product and 5 Years Warranty on Motor by Onida,washing machine,14290,1.1,36.0,Economic
Whirlpool 9 kg,1400 rpm Max Speed5 Star Rating2 Years Comprehensive Warranty on Product and 10 Years on Wash Motor and Prime Mover from Whirlpool,washing machine,18600,2.4,11.0,Economic
Haier 8 kg,1200 rpm Max Speed5 Star RatingWith In-Built Heater1 Year Warranty on Product and 12 Years Warranty on Motor,washing machine,33999,3.6,0.0,Mid-range
Haier 8 kg,1200 RPM Max Speed1 Years Warranty on Product and 12 Years on Motor,washing machine,32990,2.9,0.0,Mid-range
IFB 9 kg,"1400 RPM Max Speed5 Star RatingWith In-Built HeaterWith Wi-Fi Connectivity4 Years Comprehensive Warranty on Product, 10 Years Warranty on Motor, 10 Years Spares Support",washing machine,37990,2.4,8238.0,Mid-range
Kelvinator 6.5 kg,680 RPM Max SpeedWith In-Built Heater2 Years Warranty on Product and 10 Years on Motor,washing machine,14912,1.2,0.0,Economic
LG 6.5 kg,1200 rpm Max Speed5 Star RatingWith In-Built Heater2 Years on Product and 10 Years on Motor from LG,washing machine,34490,1.3,302.0,Mid-range
