Product_Name,Product_Description,Product_Type,Price,Ratings,No_of_reviews,Predicted_Category
OnePlus Nord CE 3 Lite 5G ,8 GB RAM | 128 GB ROM17.07 cm (6.72 inch) Display108MP Rear Camera5000 mAh BatteryDomestic Warranty of 12 months on phone & 6 months on accessories,Android mobile,15718,2.7,6406.0,Economic
POCO M6 5G ,6 GB RAM | 128 GB ROM | Expandable Upto 1 TB17.12 cm (6.74 inch) HD+ Display50MP Rear Camera | 5MP Front Camera5000 mAh BatteryMediatek Dimensity 6100+ Processor1 Year Manufacturer Warranty for Phone and 6 Months Warranty for In the Box Accessories,Android mobile,9799,4.1,1785.0,Economic
CMF by Nothing Phone 1 ,6 GB RAM | 128 GB ROM | Expandable Upto 2 TB16.94 cm (6.67 inch) Full HD+ Display50MP + 2MP | 16MP Front Camera5000 mAh BatteryDimensity 7300 5G Processor1 Year Manufacturing Warranty,Android mobile,14999,2.0,2320.0,Economic
REDMI 12 ,6 GB RAM | 128 GB ROM | Expandable Upto 1 TB17.25 cm (6.79 inch) Full HD+ Display50MP + 8MP + 2MP | 8MP Front Camera5000 mAh BatteryHelio G88 Processor1 Year Manufacturer Warranty for Phone and 6 Months Warranty for in the Box Accessories,Android mobile,7999,3.7,3758.0,Economic
realme C61 ,4 GB RAM | 128 GB ROM | Expandable Upto 2 TB17.13 cm (6.745 inch) HD+ Display32MP Rear Camera | 5MP Front Camera5000 mAh BatteryT612 Processor1 Year Manufacturer Warranty for Device and 6 Months Manufacturer Warranty for Inbox Accessories,Android mobile,8999,3.0,65.0,Economic
REDMI 13c 5G ,4 GB RAM | 128 GB ROM17.12 cm (6.74 inch) Display50MP Rear Camera5000 mAh Battery1 Year,Android mobile,9685,1.5,959.0,Economic
SAMSUNG Galaxy S24+ 5G ,12 GB RAM | 256 GB ROM17.02 cm (6.7 inch) Quad HD+ Display50MP + 10MP + 12MP | 12MP Front Camera4900 mAh BatteryExynos 2400 Processor1 Year Manufacturer Warranty for Device and 6 Months for In-Box Accessories,Android mobile,69999,1.9,96.0,Premium
realme C61 ,6 GB RAM | 128 GB ROM | Expandable Upto 2 TB17.13 cm (6.745 inch) HD+ Display32MP Rear Camera | 5MP Front Camera5000 mAh BatteryT612 Processor1 Year Manufacturer Warranty for Device and 6 Months Manufacturer Warranty for Inbox Accessories,Android mobile,8999,2.7,85.0,Economic
vivo T3 Lite 5G ,6 GB RAM | 128 GB ROM | Expandable Upto 1 TB16.66 cm (6.56 inch) Display50MP + 2MP | 8MP Front Camera5000 mAh BatteryDimensity 6300 Processor1 Year Manufacturer Warranty for Device and 6 Months Manufacturer Warranty for Inbox Accessories,Android mobile,11499,1.6,1212.0,Economic
Infinix GT 20 Pro ,8 GB RAM | 256 GB ROM17.22 cm (6.78 inch) Full HD+ Display108MP (OIS) + 2MP + 2MP | 32MP Front Camera5000 mAh BatteryDimensity 8200 Ultimate Processor1 Year Warranty,Android mobile,22999,3.0,516.0,Mid-range
realme C63 ,4 GB RAM | 128 GB ROM | Expandable Upto 2 TB17.13 cm (6.745 inch) HD+ Display50MP Rear Camera | 8MP Front Camera5000 mAh BatteryT612 Processor1 Year Manufacturer Warranty for Device and 6 Months Manufacturer Warranty for Inbox Accessories,Android mobile,8999,2.9,179.0,Economic
vivo T3x 5G ,6 GB RAM | 128 GB ROM | Expandable Upto 1 TB17.07 cm (6.72 inch) Full HD+ Display50MP + 2MP | 8MP Front Camera6000 mAh Battery6 Gen 1 Processor1 Year Manufacturer Warranty for Device and 6 Months Manufacturer Warranty for Inbox Accessories,Android mobile,14499,1.9,2782.0,Economic
Infinix Hot 50 5G ,4 GB RAM | 128 GB ROM | Expandable Upto 1 TB17.02 cm (6.7 inch) HD+ Display48MP + Depth Sensor | 8MP Front Camera5000 mAh Lithium-ion Polymer BatteryDimensity 6300 Processor1 Year Warranty on Handset and 6 Months Warranty on Accessories,Android mobile,9999,3.3,31.0,Economic
realme 13 Pro+ 5G ,8 GB RAM | 256 GB ROM17.02 cm (6.7 inch) Full HD+ Display50MP + 8MP + 50MP | 32MP Front Camera5200 mAh BatterySnapdragon 7s Gen2 Processor1 Year Manufacturer Warranty for Device and 6 Months Manufacturer Warranty for Inbox Accessories,Android mobile,30999,1.6,364.0,Mid-range
realme 12 Pro+ 5G ,12 GB RAM | 256 GB ROM17.02 cm (6.7 inch) Full HD+ Display50MP + 8MP + 64MP | 32MP Front Camera5000 mAh BatterySnapdragon 7s Gen 2 Processor1 Year Manufacturer Warranty for Device and 6 Months Manufacturer Warranty for Inbox Accessories,Android mobile,26999,2.2,787.0,Mid-range
Infinix SMART 8 ,8 GB RAM | 128 GB ROM | Expandable Upto 2 TB16.76 cm (6.6 inch) HD+ Display50MP + AI Lens | 8MP Front Camera5000 mAh BatteryHelio G36 Processor1 Year on Handset and 6 Months on Accessories,Android mobile,7999,4.8,563.0,Economic
SAMSUNG Galaxy F05 ,4 GB RAM | 64 GB ROM | Expandable Upto 1 TB17.12 cm (6.74 inch) HD+ Display50MP + 2MP | 8MP Front Camera5000 mAh BatteryHelio G85 Processor1 Year Manufacturer Warranty for Device and 6 Months for In-Box Accessories,Android mobile,6499,4.6,202.0,Economic
realme P1 Pro 5G ,12 GB RAM | 256 GB ROM17.02 cm (6.7 inch) Full HD+ Display50MP + 8MP | 16MP Front Camera5000 mAh Battery6 Gen 1 Processor1 Year Manufacturer Warranty for Device and 6 Months Manufacturer Warranty for Inbox Accessories,Android mobile,20999,1.3,125.0,Mid-range
realme P1 Pro 5G ,8 GB RAM | 128 GB ROM17.02 cm (6.7 inch) Full HD+ Display50MP + 8MP | 16MP Front Camera5000 mAh Battery6 Gen 1 Processor1 Year Manufacturer Warranty for Device and 6 Months Manufacturer Warranty for Inbox Accessories,Android mobile,19999,3.3,1377.0,Economic
Infinix Note 40 Pro 5G ,8 GB RAM | 256 GB ROM17.22 cm (6.78 inch) Full HD+ Display108MP (OIS) + 2MP + 2MP | 32MP Front Camera5000 mAh BatteryMediatek Dimensity 7020 Processor1 Year Warranty on Handset and 6 Months Warranty on Inbox Accessories,Android mobile,17999,1.4,1211.0,Economic
POCO X6 5G ,12 GB RAM | 512 GB ROM16.94 cm (6.67 inch) Display64MP + 8MP + 2MP | 16MP Front Camera5100 mAh Battery7s Gen 2 Mobile Platform 5G Processor1 Year Manufacturer Warranty for Phone and 6 Months Warranty for In the Box Accessories,Android mobile,18999,2.5,550.0,Economic
Infinix SMART 8 ,8 GB RAM | 128 GB ROM | Expandable Upto 2 TB16.76 cm (6.6 inch) HD+ Display50MP + AI Lens | 8MP Front Camera5000 mAh BatteryHelio G36 Processor1 Year on Handset and 6 Months on Accessories,Android mobile,7999,4.4,563.0,Economic
REDMI 13c 5G ,4 GB RAM | 128 GB ROM17.12 cm (6.74 inch) Display50MP Rear Camera5000 mAh Battery1 Year,Android mobile,9677,3.9,959.0,Economic
SAMSUNG Galaxy M15 5G ,6 GB RAM | 128 GB ROM16.51 cm (6.5 inch) Display50MP Rear Camera6000 mAh Batteryproximity sensor ProcessorDomestic Warranty Of 1 Year For Handset And 6 Month For Accessories.,Android mobile,11899,1.7,44.0,Economic
SAMSUNG Galaxy A14 5G ,4 GB RAM | 128 GB ROM | Expandable Upto 1 TB16.76 cm (6.6 inch) Display50MP + 2MP | 13MP Front Camera5000 mAh Lithium Ion BatteryExynos 1330 Processor1 Year Manufacturer Warranty for Device and 6 Months Manufacturer Warranty for In-Box Accessories,Android mobile,9999,3.4,611.0,Economic
POCO M6 5G ,4 GB RAM | 64 GB ROM | Expandable Upto 1 TB17.12 cm (6.74 inch) HD+ Display50MP Rear Camera | 5MP Front Camera5000 mAh BatteryMediatek Dimensity 6100+ Processor1 Year Manufacturer Warranty for Phone and 6 Months Warranty for In the Box Accessories,Android mobile,7999,4.1,3297.0,Economic
REDMI Note 13 Pro 5G ,8 GB RAM | 128 GB ROM16.94 cm (6.67 inch) Display200MP (OIS) + 8MP + 2MP | 16MP Front Camera5100 mAh Battery7s Gen 2 Mobile Platform 5G Processor1 Year Manufacturer Warranty for Phone and 6 Months Warranty for In the Box Accessories,Android mobile,22999,1.8,1791.0,Mid-range
OnePlus Nord CE4 lite 5G ,8 GB RAM | 128 GB ROM16.94 cm (6.67 inch) Display50MP Rear Camera5500 mAh Battery1 year,Android mobile,17918,3.0,135.0,Economic
SAMSUNG Galaxy S23 FE ,8 GB RAM | 128 GB ROM16.26 cm (6.4 inch) Full HD+ Display50MP + 12MP | 10MP Front Camera4500 mAh BatterySamsung Exynos 2200 Processor1 Year Manufacturer Warranty for Device and 6 Months for In-Box Accessories,Android mobile,29999,4.1,1969.0,Mid-range
REDMI Note 13 Pro 5G ,8 GB RAM | 128 GB ROM16.94 cm (6.67 inch) Display200MP (OIS) + 8MP + 2MP | 16MP Front Camera5100 mAh Battery7s Gen 2 Mobile Platform 5G Processor1 Year Manufacturer Warranty for Phone and 6 Months Warranty for In the Box Accessories,Android mobile,18980,4.2,1791.0,Economic
vivo Y18i ,4 GB RAM | 64 GB ROM | Expandable Upto 1 TB16.66 cm (6.56 Inch) Display13MP + 0.08MP | 5MP Front Camera5000 mAh BatteryUNISCO T616 Processor1 Year Manufacturer Warranty for Phone and 6 Months Warranty for In the Box Accessories,Android mobile,7990,3.6,18.0,Economic
vivo V40e 5G ,8 GB RAM | 256 GB ROM17.2 cm (6.77 inch) Display50MP + 8MP | 50MP Front Camera5500 mAh BatteryDimensity 7300 Processor1 Year Warranty on Handset and 6 Months Warranty on Accessories,Android mobile,30999,2.7,34.0,Mid-range
Tecno Pova 6 Neo ,8 GB RAM | 256 GB ROM | Expandable Upto 1 TB16.94 cm (6.67 inch) Display108MP Rear Camera5000 mAh BatteryMediatek Dimensity 6300 Processor1 year manufacturer Warranty,Android mobile,13999,1.0,6.0,Economic
SAMSUNG Galaxy M35 5G ,6 GB RAM | 128 GB ROM16.76 cm (6.6 inch) Display50MP Rear Camera6000 mAh Battery1 YEAR,Android mobile,15435,4.4,33.0,Economic
POCO X6 5G ,12 GB RAM | 256 GB ROM16.94 cm (6.67 inch) Display64MP + 8MP + 2MP | 16MP Front Camera5100 mAh Battery7s Gen 2 Mobile Platform 5G Processor1 Year Manufacturer Warranty for Phone and 6 Months Warranty for In the Box Accessories,Android mobile,17999,4.4,550.0,Economic
REDMI Note 13 Pro 5G ,8 GB RAM | 256 GB ROM16.94 cm (6.67 inch) Display200MP (OIS) + 8MP + 2MP | 16MP Front Camera5100 mAh Battery7s Gen 2 Mobile Platform 5G Processor1 Year Manufacturer Warranty for Phone and 6 Months Warranty for In the Box Accessories,Android mobile,21013,4.0,1791.0,Economic
REDMI 12 5G ,8 GB RAM | 256 GB ROM | Expandable Upto 1 TB17.25 cm (6.79 inch) Full HD+ Display50MP + 2MP | 8MP Front Camera5000 mAh BatterySnapdragon 4 Gen 2 Processor1 Year Manufacturer Warranty for Phone and 6 Months Warranty for In the Box Accessories,Android mobile,12999,3.2,1857.0,Economic
SAMSUNG Galaxy S24 Ultra 5G ,12 GB RAM | 256 GB ROM17.27 cm (6.8 inch) Quad HD+ Display200MP + 50MP + 12MP + 10MP | 12MP Front Camera5000 mAh BatterySnapdragon 8 Gen 3 Processor1 Year Manufacturer Warranty for Device and 6 Months for In-Box Accessories,Android mobile,121999,2.9,260.0,Premium
realme 12+ 5G ,8 GB RAM | 256 GB ROM | Expandable Upto 2 TB16.94 cm (6.67 inch) Full HD+ Display50MP + 8MP + 2MP | 16MP Front Camera5000 mAh BatteryDimensity 7050 Processor1 Year Manufacturer Warranty for Device and 6 Months Manufacturer Warranty for Inbox Accessories,Android mobile,21999,3.3,1532.0,Mid-range
POCO F6 5G ,12 GB RAM | 512 GB ROM16.94 cm (6.67 inch) Display50MP (OIS) + 8MP | 20MP Front Camera5000 mAh Battery8s Gen3 Processor1 Year Manufacturer Warranty for Phone and 6 Months Warranty for In the Box Accessories,Android mobile,28999,1.6,341.0,Mid-range
realme GT 5G ,8 GB RAM | 128 GB ROM16.33 cm (6.43 inch) Full HD+ Display64MP + 8MP + 2MP | 16MP Front Camera4500 mAh BatteryQualcomm Snapdragon 888 Processor1 Year Warranty for Mobile and 6 Months for Accessories,Android mobile,23999,4.7,165.0,Mid-range
SAMSUNG Galaxy M35 5G ,8 GB RAM | 256 GB ROM16.76 cm (6.6 inch) Display50MP Rear Camera6000 mAh Battery1 YEAR,Android mobile,21299,1.4,7.0,Mid-range
Motorola G34 5G ,4 GB RAM | 128 GB ROM16.51 cm (6.5 inch) HD+ Display50MP + 2MP | 16MP Front Camera5000 mAh BatterySnapdragon 695 5G Processor1 Year on Handset and 6 Months on Accessories,Android mobile,10999,1.3,3502.0,Economic
realme C51 ,4 GB RAM | 64 GB ROM | Expandable Upto 2 TB17.12 cm (6.74 inch) HD Display50MP + 0.08MP | 5MP Front Camera5000 mAh BatteryT612 Processor1 Year Manufacturer Warranty for Phone and 6 Months Warranty for In the Box Accessories,Android mobile,6299,4.8,3744.0,Economic
realme C65 5G ,6 GB RAM | 128 GB ROM | Expandable Upto 2 TB16.94 cm (6.67 inch) HD+ Display50MP Rear Camera | 8MP Front Camera5000 mAh BatteryDimensity 6300 Processor1 Year Manufacturer Warranty for Device and 6 Months Manufacturer Warranty for Inbox Accessories,Android mobile,11749,2.0,346.0,Economic
vivo T2 Pro 5G ,8 GB RAM | 256 GB ROM17.22 cm (6.78 inch) Full HD+ Display64MP + 2MP | 16MP Front Camera4600 mAh BatteryDimensity 7200 Processor1 Year Manufacturer Warranty for Phone and 6 Months Warranty for In the Box Accessories,Android mobile,23999,1.5,9035.0,Mid-range
realme 13+ 5G ,8 GB RAM | 256 GB ROM | Expandable Upto 2 TB16.94 cm (6.67 inch) Full HD+ Display50MP + 2MP | 16MP Front Camera5000 mAh BatteryDimensity 7300 Energy Processor1 Year Manufacturer Warranty for Device and 6 Months Manufacturer Warranty for Inbox Accessories,Android mobile,24999,3.4,25.0,Mid-range
OPPO Reno 12 Pro 5G ,12 GB RAM | 256 GB ROM | Expandable Upto 1 TB17.02 cm (6.7 inch) Full HD+ Display50MP + 8MP + 50MP | 50MP Front Camera5000 mAh BatteryDimensity 7300 Energy Processor1 Year Manufacturer Warranty for Device and 6 Months Manufacturer Warranty for Inbox Accessories,Android mobile,36999,3.0,165.0,Mid-range
Google Pixel 9 ,12 GB RAM | 256 GB ROM16.0 cm (6.3 inch) Display50MP + 48MP | 10.5MP Front Camera4700 mAh BatteryGoogle Tensor G4 Processor1 Year Domestic Warranty,Android mobile,79999,4.3,100.0,Premium
realme 70 TURBO 5G ,12 GB RAM | 256 GB ROM16.94 cm (6.67 inch) Full HD+ Display50MP Rear Camera5000 mAh BatterySegment's Fastest Dimensity 7300 Energy 5G Chipset Processor12 Months Brand warranty,Android mobile,20948,1.8,0.0,Mid-range
SAMSUNG Galaxy A05 ,4 GB RAM | 64 GB ROM | Expandable Upto 1 TB17.12 cm (6.74 inch) HD+ Display50MP + 2MP | 8MP Front Camera5000 mAh BatteryHelio G85 Processor1 Year Manufacturer Warranty for Device and 6 Months Manufacturer Warranty for Inbox Accessories,Android mobile,7699,4.2,7.0,Economic
Motorola Edge 50 Pro 5G with 125W Charger ,12 GB RAM | 256 GB ROM17.02 cm (6.7 inch) Display50MP + 13MP + 10MP | 50MP Front Camera4500 mAh Battery7 Gen 3 Mobile Platform Processor1 Year on Handset and 6 Months on Accessories,Android mobile,29999,1.8,1588.0,Mid-range
vivo T2x 5G ,6 GB RAM | 128 GB ROM16.71 cm (6.58 inch) Full HD+ Display50MP + 2MP | 8MP Front Camera5000 mAh BatteryMediatek Dimensity 6020 Processor1 Year of Device & 6 Months for Inbox Accessories,Android mobile,18999,4.4,23617.0,Economic
vivo T2x 5G ,6 GB RAM | 128 GB ROM16.71 cm (6.58 inch) Full HD+ Display50MP + 2MP | 8MP Front Camera5000 mAh BatteryMediatek Dimensity 6020 Processor1 Year of Device & 6 Months for Inbox Accessories,Android mobile,18999,2.9,23617.0,Economic
vivo T2x 5G ,4 GB RAM | 128 GB ROM16.71 cm (6.58 inch) Full HD+ Display50MP + 2MP | 8MP Front Camera5000 mAh BatteryMediatek Dimensity 6020 Processor1 Year of Device & 6 Months for Inbox Accessories,Android mobile,17999,1.0,9361.0,Economic
Motorola g64 5G ,12 GB RAM | 256 GB ROM | Expandable Upto 1 TB16.51 cm (6.5 inch) Full HD+ Display50MP (OIS) + 8MP | 16MP Front Camera6000 mAh BatteryDimensity 7025 Processor1 Year on Handset and 6 Months on Accessories,Android mobile,14999,1.6,2018.0,Economic
POCO C65 ,8 GB RAM | 256 GB ROM | Expandable Upto 1 TB17.12 cm (6.74 inch) HD+ Display50MP + AI Lens + 2MP | 8MP Front Camera5000 mAh BatteryHelio G85 Processor1 Year Manufacturer Warranty for Phone and 6 Months Warranty for in the Box Accessories,Android mobile,9499,1.5,633.0,Economic
realme 12x 5G ,4 GB RAM | 128 GB ROM | Expandable Upto 2 TB17.07 cm (6.72 inch) Full HD+ Display50MP + 2MP | 8MP Front Camera5000 mAh BatteryDimensity 6100+ Processor1 Year Manufacturer Warranty for Device and 6 Months Manufacturer Warranty for Inbox Accessories,Android mobile,11999,4.1,755.0,Economic
OnePlus Nord 4 5G ,12 GB RAM | 256 GB ROM17.12 cm (6.74 inch) Display50MP Rear Camera5500 mAh Battery1 Year,Android mobile,34904,3.1,1.0,Mid-range
vivo V40 Pro 5G ,12 GB RAM | 512 GB ROM17.22 cm (6.78 inch) Full HD+ Display50MP + 50MP + 50MP | 50MP Front Camera5500 mAh BatteryDimensity 9200+ Processor1 Year Warranty on Handset and 6 Months Warranty on Accessories,Android mobile,55999,3.4,48.0,Premium
POCO F6 5G ,12 GB RAM | 512 GB ROM16.94 cm (6.67 inch) Display50MP (OIS) + 8MP | 20MP Front Camera5000 mAh Battery8s Gen3 Processor1 Year Manufacturer Warranty for Phone and 6 Months Warranty for In the Box Accessories,Android mobile,28999,1.4,341.0,Mid-range
Google Pixel 7 Pro ,12 GB RAM | 128 GB ROM17.02 cm (6.7 inch) Quad HD+ Display50MP + 48MP + 12MP | 10.8MP Front Camera4926 mAh BatteryGoogle Tensor G2 Processor1 Year Domestic Warranty,Android mobile,44999,3.5,862.0,Mid-range
Google Pixel 7 Pro ,12 GB RAM | 128 GB ROM17.02 cm (6.7 inch) Quad HD+ Display50MP + 48MP + 12MP | 10.8MP Front Camera4926 mAh BatteryGoogle Tensor G2 Processor1 Year Domestic Warranty,Android mobile,44999,2.4,862.0,Mid-range
itel A50 ,4 GB RAM | 64 GB ROM | Expandable Upto 512 GB16.94 cm (6.67 inch) HD Display8MP Rear Camera | 5MP Front Camera5000 mAh BatteryUnisoc T603 Processor1 Year manufacturer,Android mobile,6450,3.1,0.0,Economic
OPPO A79 5G ,"8 GB RAM | 128 GB ROM | Expandable Upto 1 TB17.07 cm (6.72 inch) Full HD+ DisplayRear Camera: 50MP AI Camera, 2MP Portrait Camera Front Camera: 8MP Selfie Camera | 8MP Front Camera5000 mAh Lithium Polymer BatteryMediatek Dimensity 6020 ProcessorBefore going on the market, the product has gone through 6 tests, namely drop, anti-splash, radiation, weather, slight drop, and signal tests, and 5 safety protection steps, namely durability, fire and flame retardant, temperature protection, noise safety, and battery protection. 50-plus production-related checks, 130-plus ultra-stringent reliability tests, and 320-plus comprehensive testing processes, just to provide OPPO enduring craftsmanship and quality.[1-Meter Directional Drop Test][150-Circle Tumbling Test][14,000 Micro-Drop Test][Water-Spray Test][1,000 25Kg Soft Pressure Tests][Stress Bending Test][500,000 On Button Press Tests][20,000 USB Plug/Unplug Tests][65Â°C 95%RH 168H High Temperature and High Humidity Test][100,000-Plus Rigorous Quality Tests]* The data here refers to laboratory test data only and is not intended for quality assurance in daily use. The actual situation will be slightly different due to different test software versions, test environments, and versions.12 Months on Handset and 6 Months on Adapter & Cable",Android mobile,12299,3.6,138.0,Economic
Motorola G85 5G ,8 GB RAM | 128 GB ROM16.94 cm (6.67 inch) Full HD+ Display50MP + 8MP | 32MP Front Camera5000 mAh Battery6s Gen 3 Processor1 Year on Handset and 6 Months on Accessories,Android mobile,16999,3.2,3091.0,Economic
realme Narzo N65 5G ,6 GB RAM | 128 GB ROM16.94 cm (6.67 inch) Display50MP Rear Camera5000 mAh Battery1 Year,Android mobile,11763,1.8,43.0,Economic
realme 11x 5G ,8 GB RAM | 128 GB ROM | Expandable Upto 2 TB17.07 cm (6.72 inch) Full HD+ Display64MP + 2MP | 8MP Front Camera5000 mAh BatteryDimensity 6100+ Processor1 Year Manufacturer Warranty for Phone and 6 Months Warranty for In the Box Accessories,Android mobile,11199,1.5,1245.0,Economic
realme 9i 5G ,4 GB RAM | 64 GB ROM | Expandable Upto 1 TB16.76 cm (6.6 inch) Full HD+ Display50MP + 2MP + 2MP | 8MP Front Camera5000 mAh Lithium Ion BatteryMediatek Dimensity 810 5G Processor1 Year Manufacturer Warranty for Phone and 6 Months Warranty for In-Box Accessories,Android mobile,10499,3.5,2724.0,Economic
realme 13 5G ,8 GB RAM | 128 GB ROM | Expandable Upto 2 TB17.07 cm (6.72 inch) Full HD+ Display50MP + 2MP | 16MP Front Camera5000 mAh BatteryDimensity 6300 Processor1 Year Manufacturer Warranty for Device and 6 Months Manufacturer Warranty for Inbox Accessories,Android mobile,17999,3.5,21.0,Economic
Google Pixel 8 ,8 GB RAM | 256 GB ROM15.75 cm (6.2 inch) Full HD+ Display50MP + 12MP | 10.5MP Front Camera4575 mAh BatteryTensor G3 Processor1 Year Domestic Warranty,Android mobile,42999,4.2,775.0,Mid-range
REDMI 12 5G ,8 GB RAM | 256 GB ROM | Expandable Upto 1 TB17.25 cm (6.79 inch) Full HD+ Display50MP + 2MP | 8MP Front Camera5000 mAh BatterySnapdragon 4 Gen 2 Processor1 Year Manufacturer Warranty for Phone and 6 Months Warranty for In the Box Accessories,Android mobile,12999,2.8,1857.0,Economic
Xiaomi 11T Pro 5G Hyperphone ,8 GB RAM | 128 GB ROM16.94 cm (6.67 inch) Display108MP Rear Camera5000 mAh Battery12 months,Android mobile,24191,3.4,88.0,Mid-range
vivo Y200 5G ,8 GB RAM | 256 GB ROM | Expandable Upto 2 TB16.94 cm (6.67 inch) Full HD+ AMOLED Display64MP + 2MP | 16MP Front Camera4800 mAh Battery4 Gen 1 Processor1 Year Manufacturer Warranty for Device and 6 Months Manufacturer Warranty for Inbox Accessories,Android mobile,22489,4.7,204.0,Mid-range
Infinix Hot 11S ,"4 GB RAM | 64 GB ROM | Expandable Upto 256 GB17.22 cm (6.78 inch) Full HD+ Display50MP + 2MP + AI Lens | 8MP Front Camera5000 mAh Li-ion Polymer BatteryMediaTek Helio G88 Processor90Hz Refresh Rate18W Type C, Fast Charger1 Year on Handset and 6 Months on Accessories",Android mobile,10999,4.8,5371.0,Economic
Apple iPhone 15 Pro ,"512 GB ROM15.49 cm (6.1 inch) Super Retina XDR Display48MP + 12MP + 12MP | 12MP Front CameraA17 Pro Chip, 6 Core Processor Processor1 Year Warranty for Phone and 6 Months Warranty for In-Box Accessories",iPhone,122999,2.4,109.0,Premium
Apple iPhone 15 Pro ,"128 GB ROM15.49 cm (6.1 inch) Super Retina XDR Display48MP + 12MP + 12MP | 12MP Front CameraA17 Pro Chip, 6 Core Processor Processor1 Year Warranty for Phone and 6 Months Warranty for In-Box Accessories",iPhone,105999,3.6,109.0,Premium
Apple iPhone 16 Pro ,"512 GB ROM16.0 cm (6.3 inch) Super Retina XDR Display48MP + 48MP + 12MP | 12MP Front CameraA18 Pro Chip, 6 Core Processor Processor1 Year Warranty for Phone and 6 Months Warranty for In-Box Accessories",iPhone,149900,1.9,7.0,Premium
Apple iPhone 16 Pro ,"512 GB ROM16.0 cm (6.3 inch) Super Retina XDR Display48MP + 48MP + 12MP | 12MP Front CameraA18 Pro Chip, 6 Core Processor Processor1 Year Warranty for Phone and 6 Months Warranty for In-Box Accessories",iPhone,149900,1.8,7.0,Premium
Apple iPhone 15 Pro Max ,"256 GB ROM17.02 cm (6.7 inch) Super Retina XDR Display48MP + 12MP + 12MP | 12MP Front CameraA17 Pro Chip, 6 Core Processor Processor1 Year Warranty for Phone and 6 Months Warranty for In-Box Accessories",iPhone,125999,2.4,111.0,Premium
Apple iPhone 14 ,"128 GB ROM15.49 cm (6.1 inch) Super Retina XDR Display12MP + 12MP | 12MP Front CameraA15 Bionic Chip, 6 Core Processor Processor1 Year Warranty for Phone and 6 Months Warranty for In-Box Accessories",iPhone,50999,1.7,11648.0,Premium
Apple iPhone 14 ,"512 GB ROM15.49 cm (6.1 inch) Super Retina XDR Display12MP + 12MP | 12MP Front CameraA15 Bionic Chip, 6 Core Processor Processor1 Year Warranty for Phone and 6 Months Warranty for In-Box Accessories",iPhone,66999,2.4,11648.0,Premium
Apple iPhone 15 Pro Max ,"1 TB ROM17.02 cm (6.7 inch) Super Retina XDR Display48MP + 12MP + 12MP | 12MP Front CameraA17 Pro Chip, 6 Core Processor Processor1 Year Warranty for Phone and 6 Months Warranty for In-Box Accessories",iPhone,140999,4.2,111.0,Premium
Apple iPhone XS ,512 GB ROM14.73 cm (5.8 inch) Super Retina HD Display12MP + 12MP | 7MP Front CameraA12 Bionic Chip Processor1 Year Limited Warranty for Products and Accessories,iPhone,134900,1.1,865.0,Premium
Apple iPhone 16 Pro Max ,"1 TB ROM17.53 cm (6.9 inch) Super Retina XDR Display48MP + 48MP + 12MP | 12MP Front CameraA18 Pro Chip, 6 Core Processor Processor1 Year Warranty for Phone and 6 Months Warranty for In-Box Accessories",iPhone,184900,4.6,6.0,Premium
Apple iPhone 12 ,"128 GB ROM15.49 cm (6.1 inch) Super Retina XDR Display12MP + 12MP | 12MP Front CameraA14 Bionic Chip with Next Generation Neural Engine ProcessorCeramic ShieldIndustry-leading IP68 Water ResistanceAll Screen OLED Display12MP TrueDepth Front Camera with Night Mode, 4K Dolby Vision HDR RecordingBrand Warranty for 1 Year",iPhone,54900,4.0,13924.0,Premium
Apple iPhone XR ,64 GB ROM15.49 cm (6.1 inch) Display12MP Rear Camera | 7MP Front CameraA12 Bionic Chip ProcessoriOS 13 CompatibleBrand Warranty of 1 Year,iPhone,47900,3.3,8489.0,Mid-range
Apple iPhone 16 ,"128 GB ROM15.49 cm (6.1 inch) Super Retina XDR Display48MP + 12MP | 12MP Front CameraA18 Chip, 6 Core Processor Processor1 Year Warranty for Phone and 6 Months Warranty for In-Box Accessories",iPhone,79900,2.2,29.0,Premium
Apple iPhone 11 ,128 GB ROM15.49 cm (6.1 inch) Liquid Retina HD Display12MP + 12MP | 12MP Front CameraA13 Bionic Chip ProcessorBrand Warranty of 1 Year,iPhone,24999,3.6,11431.0,Economic
Apple iPhone SE ,"64 GB ROM11.94 cm (4.7 inch) Retina HD Display12MP Rear Camera | 7MP Front CameraA13 Bionic Chip with 3rd Gen Neural Engine ProcessorWater and Dust Resistant (1 meter for Upto 30 minutes, IP67)Fast Charge CapableWireless charging (Works with Qi Chargers | Qi Chargers are Sold SeparatelyBrand Warranty of 1 Year",iPhone,39900,2.5,12015.0,Premium
Apple iPhone 6s Plus ,32 GB ROM13.97 cm (5.5 inch) Retina HD Display12MP Rear Camera | 5MP Front CameraApple A9 64-bit processor and Embedded M9 Motion Co-processorBrand Warranty of 1 Year,iPhone,34900,1.1,2359.0,Mid-range
Apple iPhone 12 Pro ,"256 GB ROM15.49 cm (6.1 inch) Super Retina XDR Display12MP + 12MP + 12MP | 12MP Front CameraA14 Bionic Chip with Next Generation Neural Engine ProcessorCeramic Shield | Industry-leading IP68 Water ResistanceAll Screen OLED DisplayLiDAR Scanner for Improved AR Experiences, Night Mode PortraitsBrand Warranty for 1 Year",iPhone,119900,3.6,99.0,Premium
Apple iPhone 12 mini ,128 GB ROM13.72 cm (5.4 inch) Super Retina XDR Display12MP + 12MP | 12MP Front CameraA14 Bionic Chip with Next Generation Neural Engine ProcessorCeramic ShieldIP68 Water ResistanceAll Screen OLED DisplayBrand Warranty for 1 Year,iPhone,64900,3.1,10202.0,Premium
Apple iPhone 14 Pro Max ,"128 GB ROM17.02 cm (6.7 inch) Super Retina XDR Display48MP + 12MP + 12MP | 12MP Front CameraA16 Bionic Chip, 6 Core Processor Processor1 Year Warranty for Phone and 6 Months Warranty for In-Box Accessories",iPhone,134900,4.0,170.0,Premium
Apple iPhone XS Max ,64 GB ROM16.51 cm (6.5 inch) Super Retina HD Display12MP + 12MP | 7MP Front CameraA12 Bionic Chip ProcessoriOS 13 Compatible1 Year Limited Warranty for Products and Accessories,iPhone,109900,4.9,146.0,Premium
Apple iPhone 12 ,"256 GB ROM15.49 cm (6.1 inch) Super Retina XDR Display12MP + 12MP | 12MP Front CameraA14 Bionic Chip with Next Generation Neural Engine ProcessorCeramic ShieldIndustry-leading IP68 Water ResistanceAll Screen OLED Display12MP TrueDepth Front Camera with Night Mode, 4K Dolby Vision HDR RecordingBrand Warranty for 1 Year",iPhone,64900,2.5,13924.0,Premium
Apple iPhone SE ,"256 GB ROM11.94 cm (4.7 inch) Retina HD Display12MP Rear Camera | 7MP Front CameraA13 Bionic Chip with 3rd Gen Neural Engine ProcessorWater and Dust Resistant (1 meter for Upto 30 minutes, IP67)Fast Charge CapableWireless charging (Works with Qi Chargers | Qi Chargers are Sold SeparatelyBrand Warranty for 1 Year",iPhone,54900,4.6,12015.0,Premium
Apple iPhone 6s ,64 GB ROM11.94 cm (4.7 inch) Retina HD Display12MP Rear Camera | 5MP Front CameraA9 Chip with 64-bit Architecture and M9 Motion Co-processorBrand Warranty of 1 Year,iPhone,49999,2.9,9180.0,Premium
Apple iPhone 12 Pro Max ,"256 GB ROM17.02 cm (6.7 inch) Super Retina XDR Display12MP + 12MP + 12MP | 12MP Front CameraA14 Bionic Chip with Next Generation Neural Engine ProcessorCeramic Shield | Industry-leading IP68 Water ResistanceAll Screen OLED DisplayLiDAR Scanner for Improved AR Experiences, Night Mode PortraitsBrand Warranty for 1 Year",iPhone,129900,4.5,101.0,Premium
Apple iPhone 14 Pro ,"512 GB ROM15.49 cm (6.1 inch) Super Retina XDR Display48MP + 12MP + 12MP | 12MP Front CameraA16 Bionic Chip, 6 Core Processor Processor1 Year Warranty for Phone and 6 Months Warranty for In-Box Accessories",iPhone,149900,2.4,153.0,Premium
Apple iPhone XR ,"128 GB ROM15.49 cm (6.1 inch) Display12MP Rear Camera | 7MP Front CameraA12 Bionic Chip ProcessorWater and Dust Resistant (1 meter for Upto 30 minutes, IP67)Face ID for Secure AuthenticationFast-charge CapableBrand Warranty of 1 Year",iPhone,52900,1.2,8489.0,Premium
Apple iPhone 13 Pro Max ,1 TB ROM17.02 cm (6.7 inch) Super Retina XDR Display12MP + 12MP + 12MP | 12MP Front CameraA15 Bionic Chip ProcessorBrand Warranty for 1 Year,iPhone,179900,2.0,195.0,Premium
Apple iPhone XR ,"64 GB ROM15.49 cm (6.1 inch) Display12MP Rear Camera | 7MP Front CameraA12 Bionic Chip ProcessorWater and Dust Resistant (1 meter for Upto 30 minutes, IP67)Face ID for Secure AuthenticationFast-charge CapableBrand Warranty of 1 Year",iPhone,47900,2.7,8489.0,Mid-range
Apple iPhone 14 Pro ,"256 GB ROM15.49 cm (6.1 inch) Super Retina XDR Display48MP + 12MP + 12MP | 12MP Front CameraA16 Bionic Chip, 6 Core Processor Processor1 Year Warranty for Phone and 6 Months Warranty for In-Box Accessories",iPhone,129900,2.8,153.0,Premium
Apple iPhone 13 Pro ,1 TB ROM15.49 cm (6.1 inch) Super Retina XDR Display12MP + 12MP + 12MP | 12MP Front CameraA15 Bionic Chip ProcessorBrand Warranty for 1 Year,iPhone,169900,2.4,127.0,Premium
Apple iPhone 14 Pro Max ,"512 GB ROM17.02 cm (6.7 inch) Super Retina XDR Display48MP + 12MP + 12MP | 12MP Front CameraA16 Bionic Chip, 6 Core Processor Processor1 Year Warranty for Phone and 6 Months Warranty for In-Box Accessories",iPhone,164900,2.6,170.0,Premium
Apple iPhone 6s Plus ,16 GB ROM13.97 cm (5.5 inch) Retina HD Display12MP Rear Camera | 5MP Front CameraA9 Chip with 64-bit Architecture and M9 Motion Co-processorBrand Warranty of 1 Year,iPhone,49999,2.0,2359.0,Mid-range
Apple iPhone 7 ,32 GB ROM11.94 cm (4.7 inch) Retina HD Display12MP Rear Camera | 7MP Front CameraApple A10 Fusion 64-bit processor and Embedded M10 Motion Co-processoriOS 13 CompatibleBrand Warranty of 1 Year,iPhone,31500,1.6,9140.0,Mid-range
Apple iPhone 13 Pro ,256 GB ROM15.49 cm (6.1 inch) Super Retina XDR Display12MP + 12MP + 12MP | 12MP Front CameraA15 Bionic Chip ProcessorBrand Warranty for 1 Year,iPhone,129900,2.8,127.0,Premium
Apple iPhone 6 ,32 GB ROM11.94 cm (4.7 inch) Retina HD Display8MP Rear Camera | 1.2MP Front CameraA8 Chip with 64-bit Architecture and M8 Motion Co-processorBrand Warranty of 1 Year,iPhone,30780,2.9,16120.0,Mid-range
Apple iPhone 13 Pro Max ,128 GB ROM17.02 cm (6.7 inch) Super Retina XDR Display12MP + 12MP + 12MP | 12MP Front CameraA15 Bionic Chip ProcessorBrand Warranty for 1 Year,iPhone,129900,3.6,195.0,Premium
Apple iPhone 12 Pro Max ,"128 GB ROM17.02 cm (6.7 inch) Super Retina XDR Display12MP + 12MP + 12MP | 12MP Front CameraA14 Bionic Chip with Next Generation Neural Engine ProcessorCeramic Shield | Industry-leading IP68 Water ResistanceAll Screen OLED DisplayLiDAR Scanner for Improved AR Experiences, Night Mode PortraitsBrand Warranty for 1 Year",iPhone,119900,3.7,101.0,Premium
Apple iPhone 7 Plus ,256 GB ROM13.97 cm (5.5 inch) Retina HD Display12MP Rear Camera | 7MP Front CameraA10 Fusion Chip with 64-bit Architecture and Embedded M10 Motion Co-processorBrand Warranty of 1 Year,iPhone,85400,2.9,3.0,Premium
Apple iPhone 13 Pro ,1 TB ROM15.49 cm (6.1 inch) Super Retina XDR Display12MP + 12MP + 12MP | 12MP Front CameraA15 Bionic Chip ProcessorBrand Warranty for 1 Year,iPhone,169900,3.4,127.0,Premium
Apple iPhone XS ,256 GB ROM14.73 cm (5.8 inch) Super Retina HD Display12MP + 12MP | 7MP Front CameraA12 Bionic Chip Processor1 Year Limited Warranty for Products and Accessories,iPhone,103900,2.5,865.0,Premium
Apple iPhone 5C ,16 GB ROM10.16 cm (4 inch) Retina Display8MP Rear Camera | 1.2MP Front CameraA6 Chip Processor1 Year Manufacturer Warranty,iPhone,41900,3.8,265.0,Mid-range
Apple iPhone 5C ,16 GB ROM10.16 cm (4 inch) Retina Display8MP Rear Camera | 1.2MP Front CameraA6 Chip Processor1 Year Manufacturer Warranty,iPhone,41900,4.9,265.0,Mid-range
Apple iPhone 6s Plus ,32 GB ROM13.97 cm (5.5 inch) Retina HD Display12MP Rear Camera | 5MP Front CameraApple A9 64-bit processor and Embedded M9 Motion Co-processorBrand Warranty of 1 Year,iPhone,34900,2.0,2359.0,Mid-range
Apple iPhone 5C ,8 GB ROM10.16 cm (4 inch) Retina Display8MP Rear Camera | 1.2MP Front CameraA6 Chip Processor1 Year Manufacturer Warranty,iPhone,14999,3.4,265.0,Economic
Apple iPhone 12 ,"64 GB ROM15.49 cm (6.1 inch) Super Retina XDR Display12MP + 12MP | 12MP Front CameraA14 Bionic Chip with Next Generation Neural Engine ProcessorCeramic ShieldIndustry-leading IP68 Water ResistanceAll Screen OLED Display12MP TrueDepth Front Camera with Night Mode, 4K Dolby Vision HDR RecordingBrand Warranty for 1 Year",iPhone,49900,4.2,13924.0,Premium
Godrej 180 L Direct Cool Single Door 2 Star Refrigerator  with Jumbo Vegetable Tray And Wide Shelf Spa...,Reciprocatory CompressorBuilt-in Stabilizer1 Year Comprehensive Warranty on Product and 5 Years Warranty on Motor,Fridge,11990,3.4,404.0,Economic
"SAMSUNG 322 L Frost Free Double Door 2 Star Convertible Refrigerator  with Digital Inverter, Convertib...","Digital Inverter CompressorBuilt-in Stabilizer1 year comprehensive warranty on the product, 20 years on compressor by the brand.",Fridge,35690,1.4,922.0,Mid-range
Godrej 223 L Frost Free Double Door 2 Star Refrigerator  with Advanced Inverter and 95%+ Food Surface ...,Inverter CompressorBuilt-in Stabilizer1 Year Comprehensive Warranty on Product and 10 Years Warranty on Compressor,Fridge,19980,3.1,336.0,Economic
Haier 190 L Direct Cool Single Door 5 Star Refrigerator with Base Drawer  with Large Storage Space1 Ho...,Normal CompressorBuilt-in Stabilizer1 Year Warranty on Product and 10 Years Warranty on Compressor,Fridge,16990,1.5,1071.0,Economic
MarQ by Flipkart 183 L Direct Cool Single Door 2 Star Refrigerator,Reciprocating CompressorBuilt-in Stabilizer1 Year Warranty on Product and 10 Years Warranty on Compressor,Fridge,11490,4.4,385.0,Economic
"Godrej 436 L Frost Free Double Door 2 Star Refrigerator  with AI Tech, Digital Inverter, And 95%+ Food...","Inverter compressorBuilt-in Stabilizer1 Year Comprehensive Warranty on Product, 2 years extended warranty on Product and 10 Years Warranty on Compressor",Fridge,42990,4.5,107.0,Mid-range
"SAMSUNG 215 L Direct Cool Single Door 4 Star Refrigerator  with Digital Inverter,Digi-Touch Cool 5-in-...","Digital Inverter CompressorBuilt-in Stabilizer1 year comprehensive warranty on the product, 20 years on compressor by the brand.",Fridge,20490,2.0,1011.0,Mid-range
Haier 596 L Frost Free Side by Side Convertible Refrigerator  with 100% Convertible Fridge Space Digit...,Inverter CompressorBuilt-in Stabilizer1 Year Warranty on Product and 10 Years Warranty on Compressor,Fridge,59990,4.2,162.0,Premium
"SAMSUNG 363 L Frost Free Double Door 3 Star Convertible Refrigerator  with Digital Inverter, Convertib...","Digital Inverter CompressorBuilt-in Stabilizer1 year comprehensive warranty on the product, 20 years on compressor by the brand.",Fridge,43490,2.9,922.0,Mid-range
Haier 205 L Direct Cool Single Door 3 Star Refrigerator with Base Drawer  with DEFT TechnologyLarge St...,Normal CompressorBuilt-in Stabilizer1 Year Warranty on Product and 10 Years Warranty on Compressor,Fridge,16290,3.7,15.0,Economic
Godrej 183 L Direct Cool Single Door 2 Star Refrigerator  with Jumbo Vegetable Tray and Wired Shelves,Reciprocatory CompressorBuilt-in Stabilizer1 Year Comprehensive Warranty on Product and 10 Years Warranty on Compressor,Fridge,11990,3.5,404.0,Economic
Godrej 244 L Frost Free Double Door 3 Star Convertible Refrigerator  with Freezer 95%+ Food Surface Di...,Inverter CompressorBuilt-in Stabilizer1 Year Comprehensive Warranty on Product and 10 Years Warranty on Compressor,Fridge,23990,1.1,47.0,Mid-range
Haier 190 L Direct Cool Single Door 4 Star Refrigerator with Base Drawer  with Large Storage Space1 Ho...,Normal CompressorBuilt-in Stabilizer2 Years Warranty on Product and 10 Years Warranty on Compressor,Fridge,17190,2.1,1120.0,Economic
Whirlpool 184 L Direct Cool Single Door 4 Star Refrigerator,Reciprocating CompressorBuilt-in Stabilizer1 Year Comprehensive Warranty on Product and 9 Years Warranty on Compressor,Fridge,15750,3.1,0.0,Economic
Whirlpool 184 L Direct Cool Single Door 3 Star Refrigerator,Normal Compressor1 Year Warranty on Product and 10 Years Warranty on Compressor,Fridge,14890,1.5,1051.0,Economic
Whirlpool 207 L Direct Cool Single Door 3 Star Refrigerator with Base Drawer,Non Inverter CompressorBuilt-in Stabilizer1 Year on Product and 10 Years on Compressor from Whirlpool,Fridge,18325,3.7,358.0,Economic
Haier 445 L Frost Free Double Door 2 Star Convertible Refrigerator  with Convertible 14-in-11 hour Ici...,Inverter CompressorBuilt-in Stabilizer2 Years Warranty on Product and 10 Years Warranty on Compressor,Fridge,51990,4.2,0.0,Premium
Liebherr 310 L Frost Free Double Door 2 Star Refrigerator,"NextGen 8 Step Inverter CompressorBuilt-in Stabilizer1-year comprehensive warranty (additional 2 years warranty upon registration completed within 15 days of purchase) and 10 Years Warranty on Compressor. Registration can be done via the QR Code on the product or by contacting our customer care team via email.
Offer Period: 13 Oct'2023-31 Dec' 2023",Fridge,39490,1.5,0.0,Mid-range
Voltas Beko by A Tata Product 248 L Frost Free Double Door 2 Star Refrigerator,Pro Smart Inverter CompressorBuilt-in Stabilizer1 Year Comprehensive warranty on product & 10 Years warranty on compressor,Fridge,24490,1.3,135.0,Mid-range
"LG 224 L Direct Cool Single Door 5 Star Refrigerator with Base Drawer  with Smart Inverter Compressor,...",Smart Inverter CompressorBuilt-in Stabilizer1 year on product and 10 years on compressor,Fridge,21490,2.5,347.0,Mid-range
BOSCH 243 L Frost Free Double Door Top Mount 3 Star Refrigerator,InverterBuilt-in Stabilizer1 Year on Product and 10 Years on Compressor,Fridge,27990,1.2,0.0,Mid-range
Haier 237 L Frost Free Double Door Bottom Mount 3 Star Convertible Refrigerator  with Convertible 8-in...,Normal CompressorBuilt-in Stabilizer1 Year Warranty on Product and 10 Years Warranty on Compressor,Fridge,26590,3.1,20.0,Mid-range
Lloyd by Havells 188 L Direct Cool Single Door 4 Star Refrigerator,Fixed SpeedBuilt-in Stabilizer1 Year on Product and 10 Years Additional on Compressor,Fridge,14990,4.5,488.0,Economic
Whirlpool 184 L Direct Cool Single Door 3 Star Refrigerator with Base Drawer,"NormalBuilt-in Stabilizer1 Year on product, 10 years on compressor",Fridge,15099,3.7,0.0,Economic
SAMSUNG 183 L Direct Cool Single Door 4 Star Refrigerator with Base Drawer  with Digital Inverter,"Digital Inverter CompressorBuilt-in Stabilizer1 year comprehensive warranty on the product, 20 years on compressor by the brand.",Fridge,16190,1.3,3405.0,Economic
SAMSUNG 184 L Direct Cool Single Door 2 Star Refrigerator,Digital Inverter CompressorBuilt-in Stabilizer1 Year Comprehensive Warranty on Product and 20 Years Warranty on Compressor,Fridge,16100,4.8,0.0,Economic
Electrolux 360 L Frost Free Double Door Bottom Mount 1 Star Refrigerator  with Inverter Bottom Freezer...,Inverter1 Year Standard Warranty on Product and 9 Years Additional Warranty on Compressor (Refrigerant or Gas is Chargeable),Fridge,51990,4.5,0.0,Premium
Godrej 185 L Direct Cool Single Door 4 Star Refrigerator,Fixed Speed CompressorBuilt-in Stabilizer1 Year on Product and 10 Years on Compressor From Godrej,Fridge,14490,1.5,1231.0,Economic
Whirlpool 184 L Direct Cool Single Door 4 Star Refrigerator with Base Drawer  with Intellisense Invert...,Reciprocatory CompressorBuilt-in Stabilizer1 Year Comprehensive Warranty on Product and 9 Years Additional Warranty on Compressor,Fridge,16199,1.9,435.0,Economic
Haier 190 L Direct Cool Single Door 4 Star Refrigerator with Base Drawer  with Large Storage Space1 Ho...,Normal CompressorBuilt-in Stabilizer1 Year Warranty on Product and 10 Years on Compressor,Fridge,15790,1.7,1120.0,Economic
Whirlpool 190 L Direct Cool Single Door 4 Star Refrigerator,Inverter CompressorBuilt-in Stabilizer1 Year on Product and 10 Years on Compressor From Whirlpool,Fridge,16187,4.2,1413.0,Economic
SAMSUNG 236 L Frost Free Double Door 2 Star Refrigerator,Digital Inverter CompressorBuilt-in Stabilizer1 Year Comprehensive Warranty on Product and 20 Years Warranty on Compressor,Fridge,27000,4.3,2.0,Mid-range
LG 412 L Frost Free Double Door 1 Star Refrigerator,Smart Inverter CompressorBuilt-in Stabilizer1 Year Warranty on Product and 10 Years Warranty on Compressor From LG,Fridge,43990,4.8,5.0,Mid-range
Whirlpool 192 L Direct Cool Single Door 3 Star Refrigerator with Base Drawer,"NormalBuilt-in Stabilizer1 Year on product, 10 years on compressor",Fridge,16299,1.9,0.0,Economic
Liebherr 472 L Frost Free Double Door Top Mount 2 Star Refrigerator,Nextgen 8 Step Inverter CompressorBuilt-in Stabilizer1 Year Warranty on Product  and 10 Years on Compressor,Fridge,52690,2.0,1.0,Premium
Whirlpool 190 L Direct Cool Single Door 4 Star Refrigerator with Base Drawer,Inverter CompressorBuilt-in Stabilizer1 Year on Product and 10 Years on Compressor from Whirlpool,Fridge,17990,3.5,30.0,Economic
Haier 240 L Frost Free Double Door 2 Star Refrigerator,Normal CompressorBuilt-in Stabilizer1 Year Warranty on Product and 10 Years Warranty on Compressor,Fridge,20990,4.1,299.0,Mid-range
Whirlpool 200 L Direct Cool Single Door 4 Star Refrigerator,IntelliSense Inverter CompressorBuilt-in Stabilizer1 Year on Product and 10 Years on the Compressor from Whirlpool,Fridge,17890,3.9,98.0,Economic
Whirlpool 192 L Direct Cool Single Door 3 Star Refrigerator with Base Drawer,IntelliSense Inverter CompressorBuilt-in Stabilizer1 Year Warranty on Product and 10 Years on Compressor,Fridge,16850,2.6,42.0,Economic
Whirlpool 190 L Direct Cool Single Door 4 Star Refrigerator,Inverter CompressorBuilt-in Stabilizer1 Year on Product and 10 Years on Compressor From Whirlpool,Fridge,16090,4.0,998.0,Economic
Godrej 234 L Direct Cool Single Door 5 Star Refrigerator with Base Drawer  with Energy Efficient Inver...,Inverter CompressorBuilt-in Stabilizer1 Year Comprehensive Warranty on Product and 10 Years on Motor,Fridge,18990,4.7,314.0,Economic
Whirlpool 207 L Direct Cool Single Door 4 Star Refrigerator with Base Drawer,DC Inverter CompressorBuilt-in Stabilizer1 Year Warranty on Product and 10 Years on Compressor,Fridge,19590,5.0,358.0,Economic
Whirlpool 185 L Direct Cool Single Door 1 Star Refrigerator,Normal CompressorBuilt-in Stabilizer1 Year Warranty on Product and 10 Years Warranty on Compressor from Whirlpool,Fridge,12950,4.7,0.0,Economic
Haier 190 L Direct Cool Single Door 5 Star Refrigerator with Base Drawer,NormalBuilt-in Stabilizer1 Year Comprehensive Warranty on Product and 10 Years Warranty on Compressor,Fridge,18594,3.5,1.0,Economic
"CANDY 175 L Direct Cool Single Door 2 Star Refrigerator  with Toughed glass Shelves ,Stabilizer Free O...",Reciprocatory CompressorBuilt-in Stabilizer1 Year Warranty on Product and 10 Years on Compressor,Fridge,10490,4.3,1270.0,Economic
SAMSUNG 183 L Direct Cool Single Door 2 Star Refrigerator  with Digital Inverter,"Digital Inverter CompressorBuilt-in Stabilizer1 year comprehensive warranty on product, 20 years on compressor, For all Refrigerators with Digital Inverter Compressors, sold on or after 1st Dec 2022 (All Refrigerator apart from Non-Digital Inverter Technology Direct Cool Models) the Warranty period on the Digital Inverter Compressor shall be revised from 10 years to 20 years.",Fridge,16498,3.3,322.0,Economic
Whirlpool 440 L Frost Free Double Door Top Mount 3 Star Convertible Refrigerator,Intellisense Inverter CompressorBuilt-in Stabilizer1 Year on Product and 10 Years on the Compressor from Whirlpool,Fridge,56790,2.7,0.0,Premium
Lloyd by Havells 225 L Direct Cool Single Door 2 Star Refrigerator,Reciprocating CompressorBuilt-in Stabilizer1 Year Domestic Warranty on Product and Additional 9 Years on Compressor,Fridge,16690,3.5,0.0,Economic
SAMSUNG 256 L Frost Free Double Door 2 Star Refrigerator,Digital Inverter CompressorBuilt-in Stabilizer1 Year Comprehensive Warranty on Product and 20 Years Warranty on Compressor,Fridge,31800,4.2,0.0,Mid-range
SAMSUNG 236 L Frost Free Double Door 2 Star Refrigerator,Digital Inverter CompressorBuilt-in Stabilizer1 Year Comprehensive Warranty on Product and 20 Years Warranty on Compressor,Fridge,27000,2.5,2.0,Mid-range
"SAMSUNG 322 L Frost Free Double Door 2 Star Convertible Refrigerator  with Bespoke, Convertible 5-in-1...",Digital Inverter CompressorBuilt-in Stabilizer1 Year Comprehensive Warranty on Product and 10 Years Warrranty on Compressor,Fridge,43990,2.9,0.0,Mid-range
SAMSUNG 189 L Direct Cool Single Door 5 Star Refrigerator,Digital Inverter CompressorBuilt-in Stabilizer1 Year Comprehensive Warranty on Product and 20 Years Warranty on Compressor,Fridge,17700,2.7,3.0,Economic
SAMSUNG 215 L Direct Cool Single Door 5 Star Refrigerator,Digital Inverter CompressorBuilt-in Stabilizer1 Year Comprehensive Warranty on Product and 10 Years Warranty on Compressor,Fridge,21500,4.6,0.0,Mid-range
Lloyd 188 L Direct Cool Single Door 1 Star Refrigerator,"Normal CompressorBuilt-in Stabilizer1 year comprehensive warranty on the product, 10 years on compressor by the brand.",Fridge,14199,3.2,0.0,Economic
Panasonic 257 L Frost Free Double Door 3 Star Refrigerator,Inverter CompressorBuilt-in Stabilizer1 Year Comprehensive Warranty on Product and 10 Years Warranty on Compressor,Fridge,29790,3.2,0.0,Mid-range
LG 185 L Direct Cool Single Door 3 Star Refrigerator with Base Drawer,Smart Inverter CompressorBuilt-in Stabilizer1 Year Warranty on Product and 10 Years on Compressor from LG,Fridge,20190,4.2,0.0,Economic
Liebherr 265 L Frost Free Double Door Top Mount 3 Star Refrigerator,Nextgen 8 Step Inverter CompressorBuilt-in Stabilizer1 Year Warranty on Product  and 10 Years on Compressor,Fridge,29990,3.6,5.0,Mid-range
Haier 190 L Direct Cool Single Door 4 Star Refrigerator,"reciprocatory compressorBuilt-in Stabilizer10 Year Warranty on Compressor, 1 year Warranty on product",Fridge,20490,4.0,8.0,Economic
LG 343 L Frost Free Double Door 2 Star Convertible Refrigerator  with Smart Inverter With Multi Air Fl...,Smart Inverter CompressorBuilt-in Stabilizer1 Year Warranty on Product and 10 Years Warranty on Compressor From LG,Fridge,36990,3.4,139.0,Mid-range
"LG 201 L Direct Cool Single Door 4 Star Refrigerator  with Smart Inverter Compressor, Digital Panel & ...",Smart Inverter CompressorBuilt-in Stabilizer1 Year Warranty on Product and 10 Years Warranty on Compressor from LG,Fridge,16990,1.4,0.0,Economic
ACTIVA 50 L Storage Water Geyser ,"Storage Geyser50 L5 Year Warranty On Inner Tank, 1 Year On Components",geyser,5790,1.7,2294.0,Economic
Crompton 15 L Storage Water Geyser ,"Storage Geyser15 LTank 5 Years, Heating Element 2 Years, On Product 2 Years",geyser,5549,2.8,0.0,Economic
HAVELLS 10 L Storage Water Geyser with Flexi Pipe and Free Installation ,"Storage Geyser10 L5 year warranty on Inner Container, 2 year comprehensive Warranty",geyser,6199,1.8,202.0,Economic
Orient Electric 25 L Storage Water Geyser ,Storage Geyser25 L2 Years Domestic Warranty on Product,geyser,5699,1.8,1502.0,Economic
Aulten 15 L Storage Water Geyser ,"Storage Geyser15 L2 Year Replacement Warranty on Product, 2 Years Warranty on Heating Element, 2 Years Warranty on Tank",geyser,4417,1.8,0.0,Economic
Venus 3 L Instant Water Geyser ,"Instant Geyser3 LGuarantee -5 Years on Inner Tank, 2 Years on Heating Element & 2 Years on Product",geyser,3329,3.0,0.0,Economic
HAVELLS 15 L Storage Water Geyser with Flexi Pipe and Free Installation ,"Storage Geyser15 L5 year warranty on Inner Container, 2 year comprehensive Warranty",geyser,6799,3.1,296.0,Economic
Venus 10 L Storage Water Geyser ,Storage Geyser10 L5 Years on TANK & 2 Years on Heating Element & 2 years on Product,geyser,5792,4.9,34.0,Economic
Hindware Smart Appliances 15 L Storage Water Geyser ,"Storage Geyser15 L2 Years Overall, 2 Years on Heating Element, 5 Years on Tank",geyser,4899,3.5,57.0,Economic
ACTIVA 15 L Storage Water Geyser ,"Storage Geyser15 L5 Year Warranty On Inner Tank, 1 Year On Components",geyser,3599,4.6,182.0,Economic
Indo 15 L Storage Water Geyser ,"Storage Geyser15 L2 Years On product, 3 years on Heating Element and 5 Years Warranty on Inner Tank",geyser,4649,3.7,0.0,Economic
Kenstar 3 L Instant Water Geyser ,"Instant Geyser3 L5 Years on Tank, 2 Years on Heating Element, 2 Years on Product",geyser,2199,3.0,308.0,Economic
V-Guard 10 L Storage Water Geyser with Free Installation & Flexi Pipes ,"Storage Geyser10 L2 Year (Product), 3 Year (Heating Coil) & 5 Year (Inner Tank)",geyser,6599,1.9,1315.0,Economic
Longway 50 L Storage Water Geyser ,Storage Geyser50 L1 Year Limited Domestic Brand Warranty on Product & 5 Years on Inner Tank/Container.,geyser,5999,2.5,931.0,Economic
BAJAJ 5 L Gas Water Geyser ,Gas Geyser5 L2 Year Manufacturer Warranty,geyser,5495,1.8,354.0,Economic
Crompton 3 L Instant Water Geyser ,Instant Geyser3 L2 Years Brand Warranty,geyser,2599,3.0,278.0,Economic
Longway 35 L Storage Water Geyser ,Storage Geyser35 L1 Year Limited Domestic Brand Warranty on Product & 5 Years on Inner Tank/Container.,geyser,4199,2.3,5453.0,Economic
Haier 25 L Storage Water Geyser Shock Proof Voltage Fluctuation Proof ,Storage Geyser25 L4 years on product 7 years on inner tank,geyser,8819,2.7,103.0,Economic
Haier 15 L Storage Water Geyser Shock Proof RSC & TTS Technology ,Storage Geyser15 L4 YEAR COMPLETE AND 7 YEAR INNER TANK,geyser,6869,4.2,6.0,Economic
Jaquar 3 L Instant Water Geyser ,Instant Geyser3 L2 YEAR ON PRODUCT & 7 YEAR TANK,geyser,3190,1.4,0.0,Economic
BAJAJ 3 L Instant Water Geyser ,Instant Geyser3 L2 Year Warranty on Product & 3 Year Warranty on Heating Element & 5 Year Warranty on Inner Tank,geyser,2849,3.5,0.0,Economic
Crompton 6 L Storage Water Geyser ,"Storage Geyser6 L7 Years Inner Tank, 3 Years Element, 2 Years Product",geyser,7549,3.5,1.0,Economic
HAVELLS 15 L Storage Water Geyser ,Storage Geyser15 LTank Warranty-7 year Body and electrical components Warranty-2 Year Heating element Warranty-4 Year,geyser,11910,1.4,0.0,Economic
Crompton 15 L Storage Water Geyser ,"Storage Geyser15 LTank: 5 years, Heating Element: 2 years, Product: 2 years",geyser,6690,1.9,940.0,Economic
BAJAJ 3 L Instant Water Geyser ,Instant Geyser3 L2 year warranty,geyser,2849,1.7,2.0,Economic
Venus 15 L Storage Water Geyser ,"Storage Geyser15 LGuarantee -7 Years on Inner Tank, 3 Years on Heating Element & 2 Years on Product",geyser,8500,3.2,3.0,Economic
Crompton 15 L Storage Water Geyser ,"Storage Geyser15 LTank - 5 years, Element - 2 years, Product - 2 years",geyser,5849,4.6,2.0,Economic
HAVELLS 15 L Storage Water Geyser ,"Storage Geyser15 L2 Years Comprehensive Warranty on Product, 7 Years Warranty on Inner Container, 4 Years Warranty on Heating Element",geyser,14730,2.9,4.0,Economic
Capital 1 L Instant Water Geyser ,Instant Geyser1 Lna,geyser,1099,2.4,605.0,Economic
HAVELLS 3 L Instant Water Geyser ,Instant Geyser3 L5 Year Warranty on Inner Tank and 2 Years Comprehensive Warranty,geyser,3499,4.0,255.0,Economic
V-Guard 3 L Instant Water Geyser ,Instant Geyser3 L2+3,geyser,3249,3.4,3.0,Economic
HAVELLS 3 L Instant Water Geyser ,"Instant Geyser3 L5 Years Warranty on Inner Container, 3 Years Warranty on Heating Element and 2 Years Comprehensive Warranty.",geyser,4099,3.1,0.0,Economic
Racold 20 L Storage Water Geyser ,Storage Geyser20 L7 YEARS INNER TANK  || 3 YEARS HEATING ELEMENT || 2 YEARS PRODUCT,geyser,11689,3.4,16.0,Economic
Blowhot 6 L Gas Water Geyser ,Gas Geyser6 L1 Year General Warranty | 2 Years Warranty On Heat Exchanger,geyser,5990,3.1,59.0,Economic
Hindware Smart Appliances 15 L Storage Water Geyser ,"Storage Geyser15 L7 Years Warranty on Tank, 3 Years Warranty on Heating Element and 2 Years Comprehensive Warranty",geyser,6019,1.8,3.0,Economic
AO Smith 3 L Instant Water Geyser ,Instant Geyser3 L5 years tank warranty and 2 years on product.,geyser,3890,1.5,7.0,Economic
HAVELLS 15 L Storage Water Geyser ,"Storage Geyser15 L7 Years Warranty on Inner Container, 4 Years Warranty on Heating Element, 2 Years Comprehensive Warranty",geyser,9560,2.5,1.0,Economic
HAVELLS 25 L Storage Water Geyser ,"Storage Geyser25 L7 Years Warranty on Inner Container, 4 Years Warranty on Heating Element, 2 Years Comprehensive Warranty",geyser,11299,1.9,0.0,Economic
Sansui 15 L Storage Water Geyser ,Storage Geyser15 L2 Years Warranty,geyser,4499,2.7,47.0,Economic
ACTIVA 3 L Instant Water Geyser ,"Instant Geyser3 L3 years warranty on inner tank 1 year on all electricals parts, From Our Authorized Service Center Only.",geyser,1699,1.1,791.0,Economic
Haier 15 L Storage Water Geyser ,"Storage Geyser15 L4 years on product, 4 years on heating element and 10 years on inner tank . During Installation Customer will choose to change interchange panel.2 others clr available.",geyser,9270,2.7,0.0,Economic
Hindware Smart Appliances 3 L Instant Water Geyser ,"Instant Geyser3 L2 Years Comprehensive Warranty on Product, 2 Years Warranty on Heating Element and 5 Years Warranty on Tank",geyser,2099,2.4,8437.0,Economic
V-Guard 15 L Storage Water Geyser ,"Storage Geyser15 L2 years on product, 3 years on heating element and 10 years on inner tank . During Installation Customer will choose to change interchange panel.3 others clr available.",geyser,7190,1.2,1.0,Economic
BAJAJ 3 L Instant Water Geyser ,"Instant Geyser3 L2 years warranty on product, 3 years on heating element & 5 years warranty on inner tank.",geyser,3749,2.9,2.0,Economic
Blowhot 15 L Storage Water Geyser ,"Storage Geyser15 L1 Year General Warranty (5 Years Storage Tank, 2 Years Heating Element, 1 Year Solenoid Valve)",geyser,7490,2.8,26.0,Economic
Racold 15 L Storage Water Geyser ,"Storage Geyser15 L3 YEAR ELEMENT, 7 YEAR TANK, 2 YEARS PRODUCT",geyser,9300,3.8,14.0,Economic
Racold 3 L Instant Water Geyser ,"Instant Geyser3 L2 Years on Product, 2 Years on Heating Element and 5 Years on Tank",geyser,4099,2.8,0.0,Economic
Haier 15 L Storage Water Geyser ,"Storage Geyser15 L3 years on product, 4 years on heating element and 10 years on inner tank . During Installation Customer will choose to change interchange panel.3 others clr available.",geyser,6999,2.0,0.0,Economic
Candes 6 L Storage Water Geyser ,Storage Geyser6 L1 Year Manufacture Warranty on Components and 5 Years Warranty on Inner Container.,geyser,2739,3.5,24.0,Economic
V-Guard 5 L Instant Water Geyser ,Instant Geyser5 L2 Year (Product Warranty) & 5 Year (Inner Tank Warranty),geyser,3499,4.3,918.0,Economic
BAJAJ 25 L Storage Water Geyser ,Storage Geyser25 L2 year on product 3 years on element and 10 years on inner tank,geyser,9999,3.7,0.0,Economic
Crompton 25 L Storage Water Geyser ,"Storage Geyser25 LTank: 5 years, Heating Element: 2 years, Product: 2 years",geyser,7549,3.4,1555.0,Economic
BAJAJ 25 L Storage Water Geyser ,Storage Geyser25 L2 Years Manufacturer Warranty On Product & 5 Years On Inner Tank,geyser,9119,3.8,13.0,Economic
Orient Electric 10 L Storage Water Geyser ,"Storage Geyser10 LTank: 5 years, Heating Element: 2 years, Product: 2 years",geyser,5685,1.5,0.0,Economic
Bajya 1 L Instant Water Geyser ,Instant Geyser1 L1 Year Warranty Heating Element & Thermostat & 6 Month Warranty ON Product,geyser,897,1.6,4.0,Economic
goodflame 3 L Instant Water Geyser ,Instant Geyser3 L2 Years Warranty on Product,geyser,4999,1.5,0.0,Economic
Morphy Richards 25 L Storage Water Geyser ,"Storage Geyser25 LWarranty : 2 years on product, 4 years on heating element and 7 years",geyser,10134,3.6,0.0,Economic
Crompton 6 L Storage Water Geyser ,"Storage Geyser6 LTank: 5 years, Heating Element: 2 years, Product: 2 years; On-site Service, Customer needs to call the nearby Authorized Service Center, service engineer will come to the site to get the product repaired or inspected.; Warranty of the product is limited to manufacturing defects only.",geyser,6849,3.6,8.0,Economic
Glen 15 L Storage Water Geyser ,Storage Geyser15 L2 years standard with 7 years tank and 3 years element warranty (Terms & Conditions Applied),geyser,11696,1.9,0.0,Economic
Venus 10 L Storage Water Geyser ,Storage Geyser10 L,geyser,9635,3.9,7.0,Economic
HP AMD Ryzen 5 Hexa Core 5500U ,"AMD Ryzen 5 Hexa Core Processor8 GB DDR4 RAM64 bit Windows 11 Operating System512 GB SSD39.62 cm (15.6 inch) DisplayMicrosoft Office Home 2019 & Office 365, HP Documentation, HP SSRM, HP Smart1 Year Onsite Warranty",laptops,38490,3.7,577.0,Mid-range
Acer Nitro V AMD Ryzen 7 Octa Core 7735HS ,AMD Ryzen 7 Octa Core Processor16 GB DDR5 RAMWindows 11 Operating System512 GB SSD39.62 cm (15.6 Inch) Display1 Year International Travelers Warranty (ITW),laptops,65990,3.4,3.0,Premium
Ultimus Pro Intel Celeron Dual Core N4020C ,Intel Celeron Dual Core Processor4 GB DDR4 RAM64 bit Windows 11 Home Operating System35.81 cm (14.1 inch) DisplayPre loaded windows APP1 Year Onsite Warranty,laptops,9990,2.7,135.0,Economic
DELL Intel Core i5 13th Gen ,Intel Core i5 Processor (13th Gen)16 GB DDR5 RAMWindows 11 Operating System1 TB SSD39.62 cm (15.6 inch) Display1 Year Manufacturer Warranty,laptops,70990,2.8,0.0,Premium
HP Pavilion Intel Core Ultra 5 125U ,Intel Core Ultra 5 Processor16 GB LPDDR5 RAMWindows 11 Operating System1 TB SSD40.64 cm (16 inch) Display1 Year Onsite Warranty,laptops,76990,4.0,1.0,Premium
Lenovo IdeaPad Slim 3 Intel Core i3 13th Gen 1305U ,Intel Core i3 Processor (13th Gen)8 GB LPDDR5 RAMWindows 11 Operating System512 GB SSD35.56 cm (14 Inch) Display1Yr Warranty and 1 Yr Accidental Damage Protection,laptops,55090,3.1,0.0,Premium
MSI Thin A15 AMD Ryzen 7 Octa Core 7735HS ,AMD Ryzen 7 Octa Core Processor16 GB DDR5 RAMWindows 11 Operating System1 TB SSD39.62 cm (15.6 Inch) Display2 Year Onsite Warranty,laptops,77990,2.8,3.0,Premium
HP Backlit Intel Core i5 12th Gen 1235U ,Intel Core i5 Processor (12th Gen)8 GB DDR4 RAM64 bit Windows 11 Operating System512 GB SSD39.62 cm (15.6 Inch) Display1 Year Onsite Warranty,laptops,46990,1.4,196.0,Mid-range
HP Intel Core Ultra 5 125H ,Intel Core Ultra 5 Processor16 GB DDR5 RAMWindows 11 Operating System512 GB SSD35.56 cm (14 Inch) Display1 Year Onsite Warranty,laptops,67990,4.6,0.0,Premium
HP Intel Core i5 13th Gen 1335U ,Intel Core i5 Processor (13th Gen)8 GB DDR4 RAMWindows 11 Operating System512 GB SSD39.62 cm (15.6 Inch) Display1 Year Onsite Warranty,laptops,52990,4.2,24.0,Premium
Lenovo IdeaPad AMD Ryzen 5 Hexa Core 5500U ,AMD Ryzen 5 Hexa Core Processor16 GB DDR4 RAMWindows 11 Operating System512 GB SSD35.56 cm (14 inch) Touchscreen DisplayOffice Home & Student 20211 Year Carry-in Warranty,laptops,55190,3.9,0.0,Premium
Acer Aspire Intel Celeron Dual Core N4500 ,Intel Celeron Dual Core Processor8 GB LPDDR4X RAMWindows 11 Home Operating System512 GB SSD39.62 cm (15.6 inch) Display1 Year International Travelers Warranty (ITW),laptops,20990,3.2,0.0,Mid-range
Acer One Intel Core i3 11th Gen 1115G4 ,Intel Core i3 Processor (11th Gen)8 GB DDR4 RAM64 bit Windows 11 Operating System512 GB SSD35.56 cm (14 Inch) Display1 Year Warranty,laptops,24990,2.8,804.0,Mid-range
ASUS Vivobook S 15 OLED Intel EVO H,Intel Core i5 Processor (13th Gen)16 GB LPDDR5 RAMWindows 11 Operating System512 GB SSD39.62 cm (15.6 Inch) Display1 Year Onsite Warranty,laptops,70990,2.6,15.0,Premium
GIGABYTE G Series Intel Core i5 12th Gen 12500H ,Intel Core i5 Processor (12th Gen)16 GB DDR4 RAMWindows 11 Operating System512 GB SSD39.62 cm (15.6 Inch) Display2 Year Carry-in Warranty,laptops,68990,1.3,0.0,Premium
Acer Aspire 7 Intel Core i5 13th Gen 13420H ,Intel Core i5 Processor (13th Gen)8 GB DDR4 RAMWindows 11 Operating System512 GB SSD39.62 cm (15.6 Inch) Display1 Year Onsite Warranty,laptops,59990,4.6,30.0,Premium
HP 245 G9 Silver AMD Ryzen 5 Hexa Core 5625U ,AMD Ryzen 5 Hexa Core Processor8 GB DDR4 RAM64 bit Windows 11 Operating System512 GB SSD35.81 cm (14.1 inch) DisplayWindows 111 year onsite warranty,laptops,31490,4.7,2.0,Mid-range
Infinix GT Book Intel Core i9 13th Gen 13900H ,Intel Core i9 Processor (13th Gen)32 GB LPDDR5X RAMWindows 11 Operating System1 TB SSD40.64 cm (16 inch) DisplayControl Center1 Year Domestic Onsite Warranty On Laptop and 6 Months On Adapter,laptops,109990,2.6,9.0,Premium
DELL Inspiron 5430 Intel Core i5 13th Gen ,"Intel Core i5 Processor (13th Gen)16 GB LPDDR5 RAM64 bit Windows 11 Operating System1 TB SSD35.56 cm (14 inch) DisplayWindows 11, Microsoft Office1-year warranty",laptops,72990,4.4,14.0,Premium
MSI Katana 15 Intel Core i9 13th Gen 13900H ,Intel Core i9 Processor (13th Gen)16 GB DDR5 RAMWindows 11 Operating System1 TB SSD39.62 cm (15.6 Inch) Display2 Year Carry-in Warranty,laptops,114990,2.6,1.0,Premium
HP 15s Intel Core i5 13th Gen 1334U ,Intel Core i5 Processor (13th Gen)16 GB DDR4 RAM64 bit Windows 11 Operating System512 GB SSD39.62 cm (15.6 inch) Display1 Year Onsite Warranty,laptops,57990,1.3,31.0,Premium
Colorful P15 Intel Core i7 13th Gen 13620H ,Intel Core i7 Processor (13th Gen)16 GB DDR5 RAMWindows 11 Operating System512 GB SSD39.62 cm (15.6 Inch) Display2 Year Carry-in Warranty,laptops,81990,3.1,4.0,Premium
DELL Intel Core i5 13th Gen 1334U ,Intel Core i5 Processor (13th Gen)16 GB DDR4 RAMWindows 11 Operating System512 GB SSD39.62 cm (15.6 Inch) Display1 Year Onsite Hardware Service,laptops,54990,3.3,1.0,Premium
ASUS ROG Strix G16 with 90WHr Battery Intel HX,Intel Core i7 Processor (13th Gen)16 GB DDR5 RAMWindows 11 Operating System1 TB SSD40.64 cm (16 Inch) Display1 Year Onsite Warranty,laptops,119990,3.9,4.0,Premium
Infinix Y4 Max Series Intel Core i3 13th Gen 1315U ,Intel Core i3 Processor (13th Gen)16 GB LPDDR4X RAMWindows 11 Operating System512 GB SSD40.64 cm (16 inch) DisplayNA1 Year Onsite Warranty,laptops,32990,4.9,52.0,Mid-range
ASUS Vivobook Intel Core i7 12th Gen 12700H ,Intel Core i7 Processor (12th Gen)16 GB DDR4 RAMWindows 11 Operating System512 GB SSD40.64 cm (16 Inch) Display1 Year Onsite Warranty,laptops,62990,4.6,0.0,Premium
ASUS Vivobook 15 Touch Intel Core i3 11th Gen 1115G4 ,Intel Core i3 Processor (11th Gen)8 GB DDR4 RAM64 bit Windows 11 Operating System512 GB SSD39.62 cm (15.6 Inch) Touchscreen Display1 Year Onsite Warranty,laptops,59999,3.4,69.0,Premium
MSI Cyborg 15 Intel Core i7 12th Gen 12650H ,Intel Core i7 Processor (12th Gen)16 GB DDR5 RAMWindows 11 Operating System512 GB SSD39.62 cm (15.6 Inch) Display2 Year Carry-in Warranty,laptops,69990,3.6,0.0,Premium
Acer Swift Go 14 OLED AI PC Intel Core Ultra 5 125H ,Intel Core Ultra 5 Processor16 GB LPDDR5X RAMWindows 11 Operating System512 GB SSD35.56 cm (14 Inch) Display1 Year Carry-in Warranty,laptops,74990,1.2,6.0,Premium
ASUS Vivobook GO 15 AMD Ryzen 5 Quad Core 7520U ,AMD Ryzen 5 Quad Core Processor16 GB LPDDR5 RAMWindows 11 Operating System512 GB SSD39.62 cm (15.6 Inch) Display1 Year Onsite Warranty,laptops,41990,2.0,0.0,Mid-range
DELL Inspiron Intel Core i5 13th Gen 1335U ,Intel Core i5 Processor (13th Gen)8 GB LPDDR5 RAM64 bit Windows 11 Operating System512 GB SSD35.56 cm (14 Inch) DisplayWin 11 + Office H&S 20211 Year Onsite Hardware Service,laptops,56990,5.0,14.0,Premium
HP Intel Core i3 12th Gen 1215U ,Intel Core i3 Processor (12th Gen)8 GB DDR4 RAMWindows 11 Operating System512 GB SSD100.58 cm (39.6 cm) Display1 Year Onsite warranty,laptops,36999,3.9,483.0,Mid-range
Lenovo IdeaPad Slim 5 2.5K IPS Intel Core i5 13th Gen 13500H ,Intel Core i5 Processor (13th Gen)16 GB LPDDR5 RAMWindows 11 Operating System1 TB SSD40.64 cm (16 inch) Display1Yr Warranty + 1 Yr Premium Care and 1 Yr Accidental Damage Protection,laptops,72190,4.5,57.0,Premium
ASUS TUF Gaming F15 ,Intel Core i5 Processor (11th Gen)8 GB DDR4 RAMWindows 11 Operating System1 TB SSD39.62 cm (15.6 Inch) Display1 Year Onsite Warranty,laptops,49990,3.8,96.0,Mid-range
HP 240 G9 Intel Core i5 12th Gen i5,Intel Core i5 Processor (12th Gen)8 GB DDR4 RAM64 bit Windows 11 Operating System512 GB SSD35.56 cm (14 inch) Display1-Year,laptops,49990,3.5,0.0,Mid-range
Infinix GT Book Intel Core i5 13th Gen 13420H ,Intel Core i5 Processor (13th Gen)16 GB LPDDR5X RAMWindows 11 Operating System512 GB SSD40.64 cm (16 inch) DisplayControl Center1 Year Domestic Onsite Warranty On Laptop and 6 Months On Adapter,laptops,74990,1.9,5.0,Premium
AXL Intel Celeron Dual Core N4020 ,UHD Graphics 6001920 * 1080 FHD IPS DisplayIntel Celeron Dual Core Processor4 GB DDR4 RAMWindows 11 Operating System128 GB SSD35.81 cm (14.1 inch) Display1 year warranty on domestic,laptops,12990,3.7,32.0,Economic
ZEBRONICS Thin and Light Laptop Intel Core i7 12th Gen 1255U ,Intel Core i7 Processor (12th Gen)16 GB DDR4 RAMWindows 11 Operating System512 GB SSD39.62 cm (15.6 Inch) Display1 Year Carry-in Warranty,laptops,37990,2.9,27.0,Mid-range
ASUS ROG Strix G15 AMD Ryzen 7 Octa Core 6800HS ,"AMD Ryzen 7 Octa Core Processor16 GB DDR5 RAMWindows 11 Operating System1 TB SSD39.62 cm (15.6 Inch) DisplayOffice Home and Student, McAfee1 Year Onsite Warranty",laptops,79999,4.1,6.0,Premium
ASUS TUF Gaming F17 ,Intel Core i5 Processor (11th Gen)16 GB DDR4 RAMWindows 11 Operating System512 GB SSD43.94 cm (17.3 Inch) Display1 Year Onsite Warranty,laptops,50880,1.7,500.0,Mid-range
MSI Thin A15 AMD Ryzen 7 Octa Core 7735HS ,AMD Ryzen 7 Octa Core Processor16 GB DDR5 RAMWindows 11 Operating System1 TB SSD39.62 cm (15.6 Inch) Display2 Year Onsite Warranty,laptops,93990,4.6,0.0,Premium
Acer Extensa 15 Intel Celeron Quad Core N4020 ,"Intel Celeron Quad Core Processor4 GB DDR4 RAM64 bit Windows 10 Operating System256 GB SSD39.62 cm (15.6 inches) DisplayAcer Care Center, Quick Access, Acer Product Registration, Acer Configuration Manager, Norton Internet Security (Trial)One-year International Travelers Warranty (ITW)",laptops,32500,3.2,102.0,Mid-range
ASUS TUF Gaming F15 ,Intel Core i5 Processor (11th Gen)8 GB DDR4 RAMWindows 11 Operating System512 GB SSD39.62 cm (15.6 Inch) Display1 Year Onsite Warranty,laptops,49990,2.3,96.0,Mid-range
DELL Inspiron Intel Core i3 11th Gen 1115G4 ,Intel Core i3 Processor (11th Gen)8 GB DDR4 RAM64 bit Windows 11 Operating System512 GB SSD39.62 cm (15.6 inch) Display1 Year Onsite Warranty,laptops,35490,2.4,217.0,Mid-range
MSI Modern 15 AMD Ryzen 5 Hexa Core 7530U ,AMD Ryzen 5 Hexa Core Processor16 GB DDR4 RAMWindows 11 Operating System512 GB SSD39.62 cm (15.6 Inch) Display1 Year Carry-in Warranty,laptops,37990,3.4,287.0,Mid-range
HP 15q Intel Pentium Quad Core N5000 ,Intel Pentium Quad Core Processor4 GB DDR4 RAMDOS Operating System1 TB HDD39.62 cm (15.6 inch) Display1 Year Onsite Warranty,laptops,25490,3.9,528.0,Mid-range
HP 240 G8 Intel Core i3 11th Gen ,Intel Core i3 Processor (11th Gen)8 GB DDR4 RAMWindows 11 Operating System512 GB SSD35.56 cm (14 inch) Display1 Year,laptops,32990,1.1,1.0,Mid-range
Thomson NEO Core Series Intel Core i7 12th Gen 1255U ,Intel Core i7 Processor (12th Gen)16 GB LPDDR4 RAMWindows 11 Operating System512 GB SSD39.62 cm (15.6 inch) Display1 Year Onsite warranty,laptops,43990,2.8,2.0,Mid-range
ASUS Chromebook Intel Celeron Dual Core N3350 ,Intel Celeron Dual Core Processor4 GB LPDDR4 RAMChrome Operating System29.46 cm (11.6 inch) Display1 Year Onsite Warranty,laptops,19529,2.4,158.0,Economic
Ultimus Intel Celeron Dual Core N4020 ,Intel Celeron Dual Core Processor4 GB DDR4 RAMWindows 11 Operating System35.81 cm (14.1 inch) Display1 Year Onsite Warranty,laptops,11990,1.6,297.0,Economic
MSI Cyborg 15 AI PC Intel Core Ultra 5 125H ,Intel Core Ultra 5 Processor16 GB DDR5 RAMWindows 11 Operating System1 TB SSD39.62 cm (15.6 Inch) Display2 Year Carry-in Warranty,laptops,89990,1.8,0.0,Premium
Infinix Intel Core i7 10th Gen 1065G7 ,Intel Core i7 Processor (10th Gen)8 GB LPDDR4X RAMWindows 11 Operating System512 GB SSD35.56 cm (14 Inch) Display1 Year Onsite Warranty,laptops,39990,1.5,0.0,Mid-range
ASUS Vivobook S14 OLED Intel EVO H,Intel Core i7 Processor (12th Gen)16 GB DDR4 RAM64 bit Windows 11 Operating System512 GB SSD35.56 cm (14 Inch) Display1 Year Onsite Warranty,laptops,89999,4.9,26.0,Premium
Lenovo IdeaPad Gaming 3 AMD Ryzen 7 Octa Core AMD R7,AMD Ryzen 7 Octa Core Processor8 GB DDR4 RAM64 bit Windows 11 Operating System512 GB SSD100.63 cm (39.62 cm) Display1 Year Onsiteï¿½Warrantyï¿½+ 1 Year Premium Care + 1 Year Accidental Damage Protection,laptops,61990,4.2,93.0,Premium
ASUS VivoBook 14 Intel Core i3 11th Gen 1115G4 ,Intel Core i3 Processor (11th Gen)8 GB DDR4 RAM64 bit Windows 11 Operating System256 GB SSD35.56 cm (14 Inch) Display1 Year Onsite Warranty,laptops,33990,4.6,58.0,Mid-range
MSI Modern 14 Intel Core i7 12th Gen 1255U ,Intel Core i7 Processor (12th Gen)16 GB DDR4 RAMWindows 11 Operating System512 GB SSD35.56 cm (14 inch) Display1 Year Warranty Term,laptops,49990,3.9,0.0,Mid-range
Acer Aspire 7 AMD Ryzen 5 Hexa Core 5500U ,"AMD Ryzen 5 Hexa Core Processor16 GB DDR4 RAM64 bit Windows 11 Operating System512 GB SSD39.62 cm (15.6 Inch) DisplayAcer Care Center, Acer Product Registration, Quick Access, Acer Care Center1 Year International Travelers Warranty (ITW)",laptops,81999,4.6,768.0,Premium
Lenovo IdeaPad Slim 3 Intel Core i5 12th Gen 12450H ,Intel Core i5 Processor (12th Gen)8 GB LPDDR5 RAMWindows 11 Operating System512 GB SSD39.62 cm (15.6 Inch) Display1 Year Carry-in Warranty,laptops,68790,4.6,0.0,Premium
HP Spectre x360 AI PC Intel Core Ultra 7 155H ,Intel Core Ultra 7 Processor32 GB LPDDR5X RAMWindows 11 Operating System1 TB SSD35.56 cm (14 Inch) Touchscreen Display1 Year Onsite Warranty,laptops,163990,2.9,0.0,Premium
Lenovo IdeaPad 1 AMD Ryzen 7 Octa Core 5700U ,AMD Ryzen 7 Octa Core Processor16 GB DDR4 RAMWindows 11 Operating System512 GB SSD39.62 cm (15.6 Inch) Display1 Year Carry-in Warranty,laptops,41990,3.7,0.0,Mid-range
Lenovo IdeaPad Slim 3 Chromebook Intel Celeron Dual Core N4020 ,Intel Celeron Dual Core Processor4 GB DDR4 RAMChrome Operating System35.56 cm (14 Inch) Display1 Year Carry-in Warranty,laptops,24529,4.5,3.0,Mid-range
ASUS Chromebook Intel Celeron Dual Core N3350 ,Intel Celeron Dual Core Processor4 GB LPDDR4 RAMChrome Operating System39.62 cm (15.6 inch) Display1 Year Onsite Warranty,laptops,19980,4.6,266.0,Economic
Infinix Y3 Max Series Intel Core i7 12th Gen 1255U ,Intel Core i7 Processor (12th Gen)16 GB LPDDR4X RAMWindows 11 Operating System512 GB SSD40.64 cm (16 Inch) Display1 Year Onsite Warranty,laptops,44990,1.3,0.0,Mid-range
MICROSOFT Surface Pro (11th Edition) AI PC Qualcomm Snapdragon X Plus ,Qualcomm Snapdragon X Plus Processor16 GB LPDDR5X RAMWindows 11 Operating System512 GB SSD33.02 cm (13 Inch) Touchscreen Display1 Year Onsite Warranty,laptops,131990,1.9,0.0,Premium
HP AMD Ryzen 7 Octa Core 5700U ,AMD Ryzen 7 Octa Core Processor16 GB DDR4 RAM64 bit Windows 11 Operating System512 GB SSD35.56 cm (14 Inch) Display1 Year Onsite Warranty,laptops,60990,1.3,50.0,Premium
Acer Aspire 5 15 Intel Core i5 13th Gen 1335U ,Intel Core i5 Processor (13th Gen)16 GB LPDDR5 RAMWindows 11 Operating System512 GB SSD39.62 cm (15.6 Inch) Display1 Year Onsite Warranty,laptops,63990,1.3,3.0,Premium
HP Victus Intel Core i5 12th Gen 12450H ,Intel Core i5 Processor (12th Gen)16 GB DDR4 RAMWindows 11 Operating System512 GB SSD39.62 cm (15.6 inch) Display1 Year Onsite Warranty,laptops,65990,3.1,13.0,Premium
Apple MacBook Pro Intel Core i5 8th Gen ,"Intel Core i5 Processor (8th Gen)8 GB DDR3 RAMMac OS Operating System512 GB SSD33.78 cm (13.3 inch) DisplayBuilt-in Apps: Keynote, Siri, Safari, FaceTime, App Store, iTunes, Time Machine, iMovie, GarageBand, Pages, Notes1 Year Onsite Warranty",laptops,162990,4.8,13.0,Premium
Whirlpool 8.5 kg,1400 rpm Max Speed5 Star Rating4 Years Comprehensive warranty on Product 10 Years on wash motor 4 Years on Spin motor,washing machine,12990,1.3,1340.0,Economic
Godrej 7.5 kg,670 rpm Max Speed5 Star Rating2 Years Comprehensive Warranty on Product and 10 Years Warranty on Motor,washing machine,15490,1.2,351.0,Economic
Haier 7 kg,800 rpm Max Speed5 Star Rating2 Years Comprehensive Warranty on Product and 10 Years Warranty on Motor from Haier,washing machine,13790,2.6,2377.0,Economic
Whirlpool 9.5 kg,740 rpm Max Speed5 Star RatingWith In-Built Heater3 Years Comprehensive Warranty and 10 Years Warranty on Motor from Whirlpool,washing machine,23545,4.5,201.0,Mid-range
Voltas Beko 7.5 kg,780 RPM Max Speed1 Year Comprehensive Warranty on Product and 5 Years Warranty Motor,washing machine,5299,4.1,4.0,Economic
Panasonic 6.5 kg,700 rpm Max Speed5 Star Rating2 Years Warranty on Product and 10 Years Warranty on Motor,washing machine,13490,3.6,1138.0,Economic
Haier 7 kg,650 RPM Max SpeedWith In-Built Heater1 Years Warranty on Product and 10 Years on Motor,washing machine,18900,3.3,7.0,Economic
Lloyd by Havells 11 kg,"1300 RPM Max Speed5 Star Rating2 years on product, 5 years on motor",washing machine,15490,2.7,163.0,Economic
SAMSUNG 11 kg,"1400 rpm Max Speed5 Star RatingWith In-Built HeaterWith Wi-Fi Connectivity2 Years Comprehensive Warranty on Product, 20 Years Warranty on Digital Inverter Motor",washing machine,49990,1.6,1011.0,Mid-range
LG 10 kg,700 RPM Max Speed5 Star Rating2 Years Comprehensive Warranty and 10 Years Warranty on Motor from LG,washing machine,28450,4.3,20.0,Mid-range
Haier 7 kg,800 rpm Max Speed5 Star RatingWith In-Built Heater1 Year Warranty on Product and 12 Years Warranty on Motor,washing machine,15490,4.3,0.0,Economic
Whirlpool 8 kg,"1400 rpm Max Speed2 Years Comprehensive Warranty and 5 Years Warranty on Wash Motor, Spin motor and Prime Mover from Whirlpool",washing machine,12189,2.2,641.0,Economic
LG Electronics 10.5 kg,1350 rpm Max Speed5 Star Rating2 Years Comprehensive Warranty and 5 Years Warranty on Motor,washing machine,18990,2.8,2.0,Economic
LG 7.5 kg,1300 RPM Max Speed5 Star Rating2 years comprehensive warranty on product and 5 years on wash motor,washing machine,13699,3.9,13.0,Economic
BOSCH 7 kg,"1200 RPM Max Speed5 Star RatingWith In-Built Heater2 Years Comprehensive on Product , 12 Years on Motor",washing machine,26990,2.0,779.0,Mid-range
Voltas Beko 11 kg,700 rpm Max Speed5 Star RatingWith In-Built Heater1 Year Comprehensive Warranty on Product and 5 Years Warranty on Motor,washing machine,21590,2.1,27.0,Mid-range
TCL 7 kg,700 rpm Max Speed5 Star Rating2 Years comprehensive on product and 10 Years on motor,washing machine,12693,4.6,6.0,Economic
Lloyd by Havells 8 kg,"680 rpm Max Speed5 Star Rating2 Years Warranty on Product, 10 Years Warranty on Motor",washing machine,18392,2.2,10.0,Economic
Whirlpool 8 kg,740 rpm Max Speed5 Star RatingWith In-Built Heater2 Years Comprehensive Warranty on Product and 10 Years Additional Warranty on Motor,washing machine,18990,3.6,1466.0,Economic
MarQ by Flipkart 8.5 kg,1350 rpm Max Speed5 Star Rating2 Years Warranty on Product and 5 Years Warranty on Motor,washing machine,9390,3.0,5142.0,Economic
Whirlpool 6 kg,740 rpm Max Speed5 Star Rating2 Years Comprehensive Warranty and 5 Years on Motor from Whirlpool,washing machine,15985,3.8,1056.0,Economic
IFB 6 kg,1000 RPM Max Speed5 Star RatingWith In-Built Heater4 Years Comprehensive Warranty on Product and 10 Years Warranty on Motor with 10 Years on Spares Support from IFB,washing machine,20490,1.3,64.0,Mid-range
Sansui 6.5 kg,700 RPM Max Speed5 Star Rating2 Years Comprehensive Warranty On Product and 10 Years on Motor,washing machine,12990,1.4,11.0,Economic
Panasonic 8 kg,1350 rpm Max Speed2 Years on Product and 5 Years on Motor from Panasonic,washing machine,13565,4.1,0.0,Economic
Haier 8 kg,1200 rpm Max Speed5 Star Rating5 Years Comprehensive Warranty on Product and 12 Years Warranty on Motor from Haier,washing machine,28990,4.1,97.0,Mid-range
Godrej 9 kg,1400 rpm Max Speed5 Star Rating2 Years Comprehensive Warranty on Product and 5 Years Warranty on Wash Motor,washing machine,14790,2.0,179.0,Economic
Whirlpool 6.5 kg,1400 rpm Max Speed5 Star Rating2 Years Comprehensive Warranty and 5 Years Warranty on Wash Motor,washing machine,9590,1.8,28.0,Economic
Panasonic 12 kg,"750 RPM Max Speed5 Star Rating1 YEAR WARRANTY   , 5 YEAR MOTOR",washing machine,18950,2.0,0.0,Economic
Midea 7 kg,680 rpm Max Speed5 Star Rating2 Years Warranty on Product,washing machine,14490,3.1,202.0,Economic
IFB 8 kg,"1200 rpm Max Speed5 Star RatingWith In-Built Heater4 Years Complete Machine warranty, 10 Years Motor Warranty and 10 Years Spare Part Support from IFB",washing machine,34590,4.7,251.0,Mid-range
Siemens 8 kg,"1400 RPM Max Speed5 Star RatingWith In-Built Heater2 years on product, 10 years on motor",washing machine,37900,3.6,0.0,Mid-range
ONIDA 7.5 kg,700 rpm Max Speed2 Years Comprehensive Warranty on Product and 5 Years Warranty on Motor by Onida,washing machine,14290,1.2,78.0,Economic
ONIDA 11 kg,1300 rpm Max Speed5 Star Rating2 Years Comprehensive Warranty on Product and 10 Years Warranty on Motor from Onida,washing machine,14620,1.4,37.0,Economic
ONIDA 7 kg,"750 rpm Max Speed5 Star Rating2 Years Comprehensive Warranty on Product, 5 Years Warranty on Motor",washing machine,12490,2.6,1481.0,Economic
SAMSUNG 11.5 kg,"1300 RPM Max Speed5 Star Rating2 Years Warranty on Product, 5 Years Warranty on Motor",washing machine,19590,1.1,0.0,Mid-range
White Westinghouse (Trademark by Electrolux) 12 kg,1600 rpm Max Speed2 Years Comprehensive Warranty on Product and 5 Years Warranty on Motor,washing machine,13299,1.6,71.0,Economic
Daenyx 7.5 kg,1300 rpm Max Speed1 Years Warranty from Daenyx,washing machine,5299,1.6,14.0,Economic
Singer 10 kg,1350 RPM Max Speed5 Star Rating2 Years on Product and 5 Years on Wash and Spin Motor,washing machine,12690,1.5,7.0,Economic
Godrej 7 kg,1440 rpm Max Speed2 Years Comprehensive Warranty and 5 Years Warranty on Motor from Godrej,washing machine,10999,4.5,150.0,Economic
Voltas Beko 8.5 kg,1350 rpm Max Speed5 Star Rating1 Year Comprehensive Warranty on Product and 5 Years Warranty on Motor,washing machine,11290,1.7,444.0,Economic
Godrej 10 kg,1400 rpm Max Speed5 Star Rating2 Years Comprehensive Warranty on Product and 5 Years Warranty on Motor,washing machine,16472,1.8,0.0,Economic
LG 6 kg,1300 rpm Max Speed2 Years Comprehensive Warranty on Product and 2 Years Warranty on Motor from LG,washing machine,12850,2.7,189.0,Economic
Godrej 7 kg,670 rpm Max Speed5 Star RatingWith In-Built Heater2 Years Warranty on Product and 10 Years on Motor,washing machine,17190,2.6,5.0,Economic
SAMSUNG 7 kg,"700 rpm Max Speed5 Star Rating2 years comprehensive warranty on the product, 20 years warranty on the DIT Motor",washing machine,25990,1.6,4973.0,Mid-range
SAMSUNG 8 kg,"1350 rpm Max Speed5 Star Rating2 years on product, 2 years on motor (T&C Apply)",washing machine,16300,4.1,47.0,Economic
LG 6.5 kg,700 rpm Max Speed5 Star Rating2 Years Comprehensive Warranty and 10 Years Warranty on Motor from LG,washing machine,21990,4.1,4.0,Mid-range
IFB 6 kg,"1000 RPM Max Speed5 Star RatingWith In-Built Heater4 Years Comprehensive Warranty, 10 Years Motor Warranty, 10 Years Spares Support",washing machine,29250,4.7,1.0,Mid-range
Godrej 7 kg,1400 RPM Max Speed5 Star Rating10 Year Warranty on Motor and 2 year Warranty on Entire Washing Machine?,washing machine,20999,1.8,0.0,Mid-range
Lloyd by Havells 9 kg,"1300 RPM Max Speed5 Star Rating2 years on product, 5 years on motor",washing machine,14580,1.0,1.0,Economic
Haier 8 kg,1200 RPM Max Speed5 Star RatingWith In-Built Heater5 Years Comprehensive Warranty on Product and 12 Years Warranty on Motor from Haier,washing machine,37500,3.0,0.0,Mid-range
Lloyd by Havells 7 kg,700 RPM Max Speed5 Star Rating2 Years On Product and 10 Years on Motor,washing machine,18265,4.9,0.0,Economic
LG 6 kg,1300 rpm Max Speed5 Star Rating2 Years Comprehensive on Product from LG,washing machine,9990,1.2,2286.0,Economic
SAMSUNG 8 kg,"1400 rpm Max Speed5 Star RatingWith In-Built Heater2 years comprehensive warranty on the product, 20 years warranty on the DIT Motor",washing machine,37399,2.6,438.0,Mid-range
LG 9 kg,700 rpm Max Speed5 Star Rating2 Years Warranty on Product and 10 Years Warranty on Motor,washing machine,24990,3.7,57.0,Mid-range
