Product_Name,Product_Description,Product_Type,Price,Ratings,No_of_reviews,Predicted_Category
Infinix Smart 8 Plus ,4 GB RAM | 128 GB ROM | Expandable Upto 2 TB16.76 cm (6.6 inch) HD+ Display50MP + AI Lens | 8MP Front Camera6000 mAh BatteryMediatek Helio G36 Processor1 Year Warranty on Handset and 6 Months Warranty on Accessories,Android mobile,7799,3.0,472.0,Economic
realme 12x 5G ,4 GB RAM | 128 GB ROM | Expandable Upto 2 TB17.07 cm (6.72 inch) Full HD+ Display50MP + 2MP | 8MP Front Camera5000 mAh BatteryDimensity 6100+ Processor1 Year Manufacturer Warranty for Device and 6 Months Manufacturer Warranty for Inbox Accessories,Android mobile,11999,2.3,755.0,Economic
vivo T3 Lite 5G ,4 GB RAM | 128 GB ROM | Expandable Upto 1 TB16.66 cm (6.56 inch) Display50MP + 2MP | 8MP Front Camera5000 mAh BatteryDimensity 6300 Processor1 Year Manufacturer Warranty for Device and 6 Months Manufacturer Warranty for Inbox Accessories,Android mobile,10499,4.1,840.0,Economic
Tecno Spark Go 1 ,4 GB RAM | 64 GB ROM | Expandable Upto 1 TB16.94 cm (6.67 inch) HD+ Display13MP Rear Camera | 8MP Front Camera5000 mAh BatteryUnisoc T616 Ocra Core Processor1 year Manufacturer Warranty,Android mobile,7499,3.8,34.0,Economic
Infinix GT 20 Pro ,8 GB RAM | 256 GB ROM17.22 cm (6.78 inch) Full HD+ Display108MP (OIS) + 2MP + 2MP | 32MP Front Camera5000 mAh BatteryDimensity 8200 Ultimate Processor1 Year Warranty,Android mobile,22999,2.2,516.0,Mid-range
MOTOROLA Edge 50 ,8 GB RAM | 256 GB ROM16.94 cm (6.67 inch) Display50MP + 13MP + 10MP | 32MP Front Camera5000 mAh BatterySnapdragon 7 Gen 1 Accelerated Edition Processor1 Year Warranty on Handset and 6 Months Warranty on Accessories,Android mobile,26999,3.8,690.0,Mid-range
REDMI 13C ,6 GB RAM | 128 GB ROM | Expandable Upto 1 TB17.12 cm (6.74 inch) HD+ Display50MP Rear Camera | 8MP Front Camera5000 mAh BatteryHelio G85 Processor1 Year Manufacturer Warranty for Phone and 6 Months Warranty for In the Box Accessories,Android mobile,8499,2.5,717.0,Economic
realme Narzo N61 ,4 GB RAM | 64 GB ROM17.12 cm (6.74 inch) Display32MP Rear Camera5000 mAh Battery1 Year,Android mobile,7129,4.7,8.0,Economic
REDMI 13C ,6 GB RAM | 128 GB ROM | Expandable Upto 1 TB17.12 cm (6.74 inch) HD+ Display50MP Rear Camera | 8MP Front Camera5000 mAh BatteryHelio G85 Processor1 Year Manufacturer Warranty for Phone and 6 Months Warranty for In the Box Accessories,Android mobile,8499,4.1,717.0,Economic
realme 12 Pro+ 5G ,12 GB RAM | 256 GB ROM17.02 cm (6.7 inch) Full HD+ Display50MP + 8MP + 64MP | 32MP Front Camera5000 mAh BatterySnapdragon 7s Gen 2 Processor1 Year Manufacturer Warranty for Device and 6 Months Manufacturer Warranty for Inbox Accessories,Android mobile,26999,3.6,787.0,Mid-range
realme 12 Pro 5G ,8 GB RAM | 128 GB ROM17.02 cm (6.7 inch) Full HD+ Display50MP + 8MP + 32MP | 16MP Front Camera5000 mAh BatterySnapdragon 6 Gen 1 Processor1 Year Manufacturer Warranty for Device and 6 Months Manufacturer Warranty for Inbox Accessories,Android mobile,22999,3.3,2515.0,Mid-range
Nothing Phone ,8 GB RAM | 256 GB ROM17.02 cm (6.7 inch) Full HD+ Display50MP (OIS) + 50MP | 32MP Front Camera5000 mAh BatteryDimensity 7200 Pro Processor1 Year Manufacturing Warranty,Android mobile,24999,4.4,5294.0,Mid-range
realme 12 Pro+ 5G ,8 GB RAM | 256 GB ROM17.02 cm (6.7 inch) Full HD+ Display50MP + 8MP + 64MP | 32MP Front Camera5000 mAh BatterySnapdragon 7s Gen 2 Processor1 Year Manufacturer Warranty for Device and 6 Months Manufacturer Warranty for Inbox Accessories,Android mobile,31999,1.7,2656.0,Mid-range
Infinix SMART 8 ,4 GB RAM | 64 GB ROM | Expandable Upto 2 TB16.76 cm (6.6 inch) HD+ Display50MP + AI Lens | 8MP Front Camera5000 mAh BatteryHelio G36 Processor1 Year on Handset and 6 Months on Accessories,Android mobile,7299,4.0,1641.0,Economic
Infinix HOT 40i ,8 GB RAM | 256 GB ROM | Expandable Upto 2 TB16.76 cm (6.6 inch) HD+ Display50MP + AI Lens | 32MP Front Camera5000 mAh BatteryUnisoc T606 Processor1 Year on Handset and 6 Months on Accessories,Android mobile,8999,1.1,1020.0,Economic
REDMI Note 13 5G ,12 GB RAM | 256 GB ROM16.94 cm (6.67 inch) Display108MP Rear Camera5000 mAh Battery1 Year Brand Warranty,Android mobile,17406,4.7,226.0,Economic
realme 12x 5G ,6 GB RAM | 128 GB ROM | Expandable Upto 2 TB17.07 cm (6.72 inch) Full HD+ Display50MP + 2MP | 8MP Front Camera5000 mAh BatteryDimensity 6100+ Processor1 Year Manufacturer Warranty for Device and 6 Months Manufacturer Warranty for Inbox Accessories,Android mobile,12499,1.9,3309.0,Economic
Infinix Note 40 Pro 5G ,8 GB RAM | 256 GB ROM17.22 cm (6.78 inch) Full HD+ Display108MP (OIS) + 2MP + 2MP | 32MP Front Camera5000 mAh BatteryMediatek Dimensity 7020 Processor1 Year Warranty on Handset and 6 Months Warranty on Inbox Accessories,Android mobile,17999,1.3,1211.0,Economic
Infinix SMART 8 HD ,3 GB RAM | 64 GB ROM | Expandable Upto 2 TB16.76 cm (6.6 inch) HD+ Display13MP + AI Lens | 8MP Front Camera5000 mAh BatteryT606 Processor1 Year on Handset and 6 Months on Accessories,Android mobile,6699,4.4,2488.0,Economic
Infinix SMART 8 HD ,3 GB RAM | 64 GB ROM | Expandable Upto 2 TB16.76 cm (6.6 inch) HD+ Display13MP + AI Lens | 8MP Front Camera5000 mAh BatteryT606 Processor1 Year on Handset and 6 Months on Accessories,Android mobile,6699,4.5,2488.0,Economic
Nothing Phone ,12 GB RAM | 256 GB ROM17.02 cm (6.7 inch) Full HD+ Display50MP (OIS) + 50MP | 32MP Front Camera5000 mAh BatteryDimensity 7200 Pro Processor1 Year Manufacturing Warranty,Android mobile,26999,1.8,825.0,Mid-range
Motorola Edge 50 Fusion ,12 GB RAM | 256 GB ROM17.02 cm (6.7 inch) Full HD+ Display50MP + 13MP | 32MP Front Camera5000 mAh Battery7s Gen 2 Processor1 Year on Handset and 6 Months on Accessories,Android mobile,23999,4.0,4044.0,Mid-range
SAMSUNG Galaxy A55 5G ,8 GB RAM | 128 GB ROM | Expandable Upto 1 TB16.76 cm (6.6 inch) Full HD+ Display50MP + 12MP + 5MP | 32MP Front Camera5000 mAh BatterySamsung Exynos 1480 Processor1 Year Manufacturer Warranty for Device and 6 Months for In-Box Accessories,Android mobile,39999,1.4,33.0,Mid-range
realme C53 ,6 GB RAM | 64 GB ROM | Expandable Upto 2 TB17.12 cm (6.74 inch) HD Display108MP + 2MP | 8MP Front Camera5000 mAh BatteryT612 Processor1 Year Manufacturer Warranty for Phone and 6 Months Warranty for In the Box Accessories,Android mobile,7699,4.9,5928.0,Economic
OPPO K12x 5G with 45W SUPERVOOC Charger In-The-Box ,6 GB RAM | 128 GB ROM | Expandable Upto 1 TB16.94 cm (6.67 inch) HD Display32MP + 2MP | 8MP Front Camera5100 mAh BatteryDimensity 6300 Processor1 Year Manufacturer Warranty for Device and 6 Months Manufacturer Warranty for Inbox Accessories,Android mobile,12999,3.9,1813.0,Economic
OPPO K12x 5G with 45W SUPERVOOC Charger In-The-Box ,6 GB RAM | 128 GB ROM | Expandable Upto 1 TB16.94 cm (6.67 inch) HD Display32MP + 2MP | 8MP Front Camera5100 mAh BatteryDimensity 6300 Processor1 Year Manufacturer Warranty for Device and 6 Months Manufacturer Warranty for Inbox Accessories,Android mobile,12999,3.6,1813.0,Economic
REDMI Note 13 Pro+ 5G ,12 GB RAM | 512 GB ROM16.94 cm (6.67 inch) Display200MP (OIS) + 8MP + 2MP | 16MP Front Camera5000 mAh BatteryDimensity 7200 Ultra 5G Processor1 Year Manufacturer Warranty for Phone and 6 Months Warranty for In the Box Accessories,Android mobile,31999,4.0,695.0,Mid-range
Google Pixel 9 Pro XL ,16 GB RAM | 512 GB ROM17.27 cm (6.8 inch) Display50MP + 48MP + 48MP | 42MP Front Camera5060 mAh BatteryGoogle Tensor G4 Processor1 Year Domestic Warranty,Android mobile,139999,4.7,27.0,Premium
SAMSUNG Galaxy A35 5G ,8 GB RAM | 256 GB ROM | Expandable Upto 1 TB16.76 cm (6.6 inch) Full HD+ Display50MP + 8MP + 5MP | 13MP Front Camera5000 mAh BatterySamsung Exynos 1380 Processor1 Year Manufacturer Warranty for Device and 6 Months for In-Box Accessories,Android mobile,33999,1.1,119.0,Mid-range
SAMSUNG Galaxy M34 5G ,6 GB RAM | 128 GB ROM16.51 cm (6.5 inch) Display50MP Rear Camera6000 mAh BatteryDomestic 1 Year of Device & 6 Months for In-Box Accessories,Android mobile,14899,2.3,187.0,Economic
REDMI A3 ,6 GB RAM | 128 GB ROM | Expandable Upto 1 TB17.04 cm (6.71 inch) HD+ Display8MP Rear Camera | 5MP Front Camera5000 mAh BatteryMediatek Helio G36 Processor1 Year Manufacturer Warranty for Phone and 6 Months Warranty for In the Box Accessories,Android mobile,7810,1.2,54.0,Economic
realme 13+ 5G ,12 GB RAM | 256 GB ROM | Expandable Upto 2 TB16.94 cm (6.67 inch) Full HD+ Display50MP + 2MP | 16MP Front Camera5000 mAh BatteryDimensity 7300 Energy Processor1 Year Manufacturer Warranty for Device and 6 Months Manufacturer Warranty for Inbox Accessories,Android mobile,26999,2.4,5.0,Mid-range
Tecno Spark Go 2024 ,4 GB RAM | 64 GB ROM | Expandable Upto 1 TB16.66 cm (6.56 inch) HD+ Display13MP + 0.08MP | 8MP Front Camera5000 mAh BatteryUnisoc T606 ProcessorDomestic Warranty of 12 Months on Phone & 6 Months on Accessories,Android mobile,7199,2.3,48.0,Economic
Infinix Hot 12 Pro ,8 GB RAM | 128 GB ROM | Expandable Upto 256 GB16.76 cm (6.6 inch) HD+ Display50 MP + Depth Lens | 8MP Front Camera5000 mAh Lithium-ion Polymer BatteryUnisoc T616 Processor1 Year on Handset and 6 Months on Accessories,Android mobile,12999,3.0,453.0,Economic
realme 13+ 5G ,8 GB RAM | 128 GB ROM | Expandable Upto 2 TB16.94 cm (6.67 inch) Full HD+ Display50MP + 2MP | 16MP Front Camera5000 mAh BatteryDimensity 7300 Energy Processor1 Year Manufacturer Warranty for Device and 6 Months Manufacturer Warranty for Inbox Accessories,Android mobile,22999,2.4,25.0,Mid-range
realme C11 2021 ,2 GB RAM | 32 GB ROM | Expandable Upto 256 GB16.51 cm (6.5 inch) HD+ Display8MP Rear Camera | 5MP Front Camera5000 mAh BatteryOcta-core Processor1 Year Warranty for Mobile and 6 Months for Accessories,Android mobile,5299,1.9,10136.0,Economic
Nokia G42 5G ,6 GB RAM | 128 GB ROM16.66 cm (6.56 inch) Display50MP + 2MP + 2MP | 8MP Front Camera5000 mAh Battery735 Processor1 Year Manufacturer Warranty for the Device and 6 Months Manufacturer Warranty for Inbox Accessories Including Battery from the Date of Purchase,Android mobile,12999,1.1,5.0,Economic
SAMSUNG M15 Prime Edition ,6 GB RAM | 128 GB ROM16.51 cm (6.5 inch) Display50MP Rear Camera6000 mAh BatteryDomestic Warranty Of 1 Year For Handset And 6 Month For Accessories.,Android mobile,12975,4.1,0.0,Economic
SAMSUNG Galaxy M34 5G ,8 GB RAM | 128 GB ROM16.51 cm (6.5 inch) Display50MP Rear Camera6000 mAh BatteryDomestic 1 Year of Device & 6 Months for In-Box Accessories,Android mobile,20392,1.8,23.0,Mid-range
Infinix Zero 40 5G ,12 GB RAM | 256 GB ROM17.22 cm (6.78 inch) Full HD+ Display108MP + 50MP + 2MP | 50MP Front Camera5000 mAh Lithium-ion Polymer BatteryDimensity 8200 Ultimate Processor1 Year Warranty on Handset and 6 Months Warranty on Accessories,Android mobile,27999,4.1,39.0,Mid-range
REDMI 12 5G ,6 GB RAM | 128 GB ROM | Expandable Upto 1 TB17.25 cm (6.79 inch) Full HD+ Display50MP + 2MP | 8MP Front Camera5000 mAh BatterySnapdragon 4 Gen 2 Processor1 Year Manufacturer Warranty for Phone and 6 Months Warranty for In the Box Accessories,Android mobile,12499,4.3,2713.0,Economic
OnePlus Nord 3 5G ,8 GB RAM | 128 GB ROM17.12 cm (6.74 inch) Full HD+ Display50MP Rear Camera5000 mAh BatteryDomestic 1 Year of Device & 6 Months for In-Box Accessories,Android mobile,22399,3.8,1112.0,Mid-range
OPPO F25 Pro 5G ,8 GB RAM | 256 GB ROM | Expandable Upto 2 TB17.02 cm (6.7 inch) Full HD+ Display64MP + 8MP + 2MP | 32MP Front Camera5000 mAh BatteryDimensity 7050 Processor1 Year Manufacturer Warranty for Device and 6 Months Manufacturer Warranty for Inbox Accessories,Android mobile,25999,2.4,372.0,Mid-range
Infinix Note 12 ,4 GB RAM | 64 GB ROM | Expandable Upto 512 GB17.02 cm (6.7 inch) Full HD+ AMOLED Display50MP + 2MP Depth + AI Lens | 16MP Front Camera5000 mAh Li-ion Polymer BatteryMediaTek Helio G88 Processor1 Year on Handset and 6 Months on Accessories,Android mobile,7799,1.3,2732.0,Economic
itel A50C ,2 GB RAM | 32 GB ROM16.94 cm (6.67 inch) Display8MP Rear Camera4000 mAh Battery1 year manufacturer warranty,Android mobile,6199,2.1,1.0,Economic
OnePlus 11R 5G ,8 GB RAM | 128 GB ROM17.02 cm (6.7 inch) Display50MP Rear Camera5000 mAh BatteryDomestic warranty of 12 months on phone & 6 months on accessories,Android mobile,30730,1.8,655.0,Mid-range
POCO C51 ,4 GB RAM | 64 GB ROM | Expandable Upto 1 TB16.56 cm (6.52 inch) HD+ Display8MP Dual Rear Camera | 5MP Front Camera5000 mAh BatteryHelio G36 Processor1 Year Manufacturer Warranty for Phone and 6 Months Warranty for in the Box Accessories,Android mobile,8499,1.3,12376.0,Economic
SAMSUNG Galaxy A55 5G ,8 GB RAM | 256 GB ROM | Expandable Upto 1 TB16.76 cm (6.6 inch) Full HD+ Display50MP + 12MP + 5MP | 32MP Front Camera5000 mAh BatterySamsung Exynos 1480 Processor1 Year Manufacturer Warranty for Device and 6 Months for In-Box Accessories,Android mobile,42999,2.2,33.0,Mid-range
realme 13+ 5G ,8 GB RAM | 256 GB ROM | Expandable Upto 2 TB16.94 cm (6.67 inch) Full HD+ Display50MP + 2MP | 16MP Front Camera5000 mAh BatteryDimensity 7300 Energy Processor1 Year Manufacturer Warranty for Device and 6 Months Manufacturer Warranty for Inbox Accessories,Android mobile,24999,3.5,25.0,Mid-range
REDMI 13 5G ,6 GB RAM | 128 GB ROM | Expandable Upto 1 TB17.25 cm (6.79 inch) Full HD+ Display108MP + 2MP | 13MP Front Camera5030 mAh Lithium Polymer Battery4 Gen 2 AE Processor1 Year Manufacturer Warranty for Phone and 6 Months Warranty for In the Box Accessories,Android mobile,13499,3.5,269.0,Economic
itel S23 ,8 GB RAM | 128 GB ROM16.51 cm (6.5 inch) Display50MP Rear Camera5000 mAh Battery1 Year For Hand Set 6 Months For Accessories,Android mobile,7430,2.9,42.0,Economic
IQOO Z9 5G ,8 GB RAM | 256 GB ROM16.94 cm (6.67 inch) Display50MP Rear Camera5000 mAh Battery1 Year on Handset and 6 Months on Accessories,Android mobile,21900,4.7,162.0,Mid-range
SAMSUNG M05 ,4 GB RAM | 64 GB ROM17.02 cm (6.7 inch) Display50MP Rear Camera5000 mAh Battery1 year manufacturer warranty for device and 6 months manufacturer warranty for in-box accessories including batteries from the date of purchase,Android mobile,6999,3.6,0.0,Economic
itel P40 ,"4 GB RAM | 64 GB ROM16.76 cm (6.6 inch) Display13MP Rear Camera6000 mAh BatteryOne Time Screen Replacement Within 100 Days of Purchase, 1 Year Warranty on Mobile Device & 6 Months on Accessories",Android mobile,6999,4.2,53.0,Economic
Google Pixel 8 ,8 GB RAM | 128 GB ROM15.75 cm (6.2 inch) Full HD+ Display50MP + 12MP | 10.5MP Front Camera4575 mAh BatteryTensor G3 Processor1 Year Domestic Warranty,Android mobile,39999,5.0,775.0,Mid-range
itel S24 ,8 GB RAM | 128 GB ROM16.76 cm (6.6 inch) HD+ Display108MP Rear Camera5000 mAh Battery1 Year Manufacture Warranty,Android mobile,11099,4.5,1.0,Economic
vivo V30 5G ,8 GB RAM | 128 GB ROM17.22 cm (6.78 inch) Full HD+ Display50MP + 50MP | 50MP Front Camera5000 mAh Battery7 Gen 3 Processor1 Year Manufacturer Warranty for Device and 6 Months Manufacturer Warranty for Inbox Accessories,Android mobile,31999,4.8,596.0,Mid-range
SAMSUNG Galaxy M15 5G ,4 GB RAM | 128 GB ROM16.51 cm (6.5 inch) Full HD+ Super AMOLED Display50MP Rear Camera6000 mAh Battery1 Year Manufacturer Warranty for Device.,Android mobile,12099,1.2,7.0,Economic
REDMI Note 13 Pro+ 5G ,12 GB RAM | 256 GB ROM16.94 cm (6.67 inch) Display200MP (OIS) + 8MP + 2MP | 16MP Front Camera5000 mAh BatteryDimensity 7200 Ultra 5G Processor1 Year Manufacturer Warranty for Phone and 6 Months Warranty for In the Box Accessories,Android mobile,29999,2.2,695.0,Mid-range
LAVA Storm ,8 GB RAM | 128 GB ROM17.22 cm (6.78 inch) Display50MP Rear Camera5000 mAh Battery1 Year of Device & 6 Months for In-Box Accessories,Android mobile,12499,3.0,0.0,Economic
Motorola e32s ,4 GB RAM | 64 GB ROM | Expandable Upto 1 TB16.51 cm (6.5 inch) HD+ Display16MP + 2MP + 2MP | 8MP Front Camera5000 mAh Lithium BatteryMediatek Helio G37 Processor1 Year on Handset and 6 Months on Accessories,Android mobile,9050,4.3,182.0,Economic
Tecno Spark 20 Pro 5G ,8 GB RAM | 128 GB ROM17.22 cm (6.78 inch) HD+ Display108MP Rear Camera5000 mAh BatteryD6080 5G Processor Processor12 month warranty,Android mobile,15999,3.0,13.0,Economic
Apple iPhone 15 Pro Max ,"512 GB ROM17.02 cm (6.7 inch) Super Retina XDR Display48MP + 12MP + 12MP | 12MP Front CameraA17 Pro Chip, 6 Core Processor Processor1 Year Warranty for Phone and 6 Months Warranty for In-Box Accessories",iPhone,132999,2.5,111.0,Premium
Apple iPhone 16 Plus ,"512 GB ROM17.02 cm (6.7 inch) Super Retina XDR Display48MP + 12MP | 12MP Front CameraA18 Chip, 6 Core Processor Processor1 Year Warranty for Phone and 6 Months Warranty for In-Box Accessories",iPhone,119900,4.8,23.0,Premium
Apple iPhone 15 Plus ,"512 GB ROM17.02 cm (6.7 inch) Super Retina XDR Display48MP + 12MP | 12MP Front CameraA16 Bionic Chip, 6 Core Processor Processor1 Year Warranty for Phone and 6 Months Warranty for In-Box Accessories",iPhone,95999,4.4,1307.0,Premium
Apple iPhone 14 ,"512 GB ROM15.49 cm (6.1 inch) Super Retina XDR Display12MP + 12MP | 12MP Front CameraA15 Bionic Chip, 6 Core Processor Processor1 Year Warranty for Phone and 6 Months Warranty for In-Box Accessories",iPhone,66999,1.6,11648.0,Premium
Apple iPhone 12 ,"64 GB ROM15.49 cm (6.1 inch) Super Retina XDR Display12MP + 12MP | 12MP Front CameraA14 Bionic Chip with Next Generation Neural Engine ProcessorCeramic ShieldIndustry-leading IP68 Water ResistanceAll Screen OLED Display12MP TrueDepth Front Camera with Night Mode, 4K Dolby Vision HDR RecordingBrand Warranty for 1 Year",iPhone,49900,2.6,13924.0,Premium
Apple iPhone 11 Pro Max ,64 GB ROM16.51 cm (6.5 inch) Super Retina XDR Display12MP + 12MP + 12MP | 12MP Front CameraA13 Bionic Chip ProcessorBrand Warranty for 1 Year,iPhone,109900,1.2,99.0,Premium
Apple iPhone 11 Pro ,256 GB ROM14.73 cm (5.8 inch) Super Retina XDR Display12MP + 12MP + 12MP | 12MP Front CameraA13 Bionic Chip ProcessorBrand Warranty for 1 Year,iPhone,121300,3.6,623.0,Premium
Apple iPhone 13 ,256 GB ROM15.49 cm (6.1 inch) Super Retina XDR Display12MP + 12MP | 12MP Front CameraA15 Bionic Chip ProcessorBrand Warranty for 1 Year,iPhone,59900,3.7,13737.0,Premium
Apple iPhone 11 ,64 GB ROM15.49 cm (6.1 inch) Liquid Retina HD Display12MP + 12MP | 12MP Front CameraA13 Bionic Chip ProcessorBrand Warranty for 1 Year,iPhone,49900,3.7,11431.0,Premium
Apple iPhone 12 mini ,"64 GB ROM13.72 cm (5.4 inch) Super Retina XDR Display12MP + 12MP | 12MP Front CameraA14 Bionic Chip with Next Generation Neural Engine ProcessorCeramic ShieldIndustry-leading IP68 Water ResistanceAll Screen OLED Display12MP TrueDepth Front Camera with Night Mode, 4K Dolby Vision HDR RecordingBrand Warranty for 1 Year",iPhone,59900,4.4,10202.0,Premium
Apple iPhone 12 ,"256 GB ROM15.49 cm (6.1 inch) Super Retina XDR Display12MP + 12MP | 12MP Front CameraA14 Bionic Chip with Next Generation Neural Engine ProcessorCeramic ShieldIndustry-leading IP68 Water ResistanceAll Screen OLED Display12MP TrueDepth Front Camera with Night Mode, 4K Dolby Vision HDR RecordingBrand Warranty for 1 Year",iPhone,64900,1.7,13924.0,Premium
Apple iPhone 16 Pro Max ,"1 TB ROM17.53 cm (6.9 inch) Super Retina XDR Display48MP + 48MP + 12MP | 12MP Front CameraA18 Pro Chip, 6 Core Processor Processor1 Year Warranty for Phone and 6 Months Warranty for In-Box Accessories",iPhone,184900,2.7,6.0,Premium
Apple iPhone 14 Plus ,"512 GB ROM17.02 cm (6.7 inch) Super Retina XDR Display12MP + 12MP | 12MP Front CameraA15 Bionic Chip, 6 Core Processor Processor1 Year Warranty for Phone and 6 Months Warranty for In-Box Accessories",iPhone,76999,3.0,4658.0,Premium
Apple iPhone 13 Pro Max ,512 GB ROM17.02 cm (6.7 inch) Super Retina XDR Display12MP + 12MP + 12MP | 12MP Front CameraA15 Bionic Chip ProcessorBrand Warranty for 1 Year,iPhone,159900,2.2,195.0,Premium
Apple iPhone 13 mini ,128 GB ROM13.72 cm (5.4 inch) Super Retina XDR Display12MP + 12MP | 12MP Front CameraA15 Bionic Chip ProcessorBrand Warranty for 1 Year,iPhone,64900,4.9,328.0,Premium
Apple iPhone 8 ,"256 GB ROM11.94 cm (4.7 inch) Retina HD Display12MP Rear Camera | 7MP Front CameraA11 Bionic Chip with 64-bit Architecture, Neural Engine, Embedded M11 Motion Coprocessor ProcessorBrand Warranty of 1 Year",iPhone,81500,2.7,10.0,Premium
Apple iPhone SE ,"256 GB ROM11.94 cm (4.7 inch) Retina HD Display12MP Rear Camera | 7MP Front CameraA13 Bionic Chip with 3rd Gen Neural Engine ProcessorWater and Dust Resistant (1 meter for Upto 30 minutes, IP67)Fast Charge CapableWireless charging (Works with Qi Chargers | Qi Chargers are Sold SeparatelyBrand Warranty for 1 Year",iPhone,54900,3.0,12015.0,Premium
Apple iPhone XR ,256 GB ROM15.49 cm (6.1 inch) Display12MP Rear Camera | 7MP Front CameraA12 Bionic Chip ProcessorBrand Warranty of 1 Year,iPhone,91900,3.6,8489.0,Premium
Apple iPhone 12 Pro ,"256 GB ROM15.49 cm (6.1 inch) Super Retina XDR Display12MP + 12MP + 12MP | 12MP Front CameraA14 Bionic Chip with Next Generation Neural Engine ProcessorCeramic Shield | Industry-leading IP68 Water ResistanceAll Screen OLED DisplayLiDAR Scanner for Improved AR Experiences, Night Mode PortraitsBrand Warranty for 1 Year",iPhone,119900,2.0,99.0,Premium
Apple iPhone 13 Pro Max ,256 GB ROM17.02 cm (6.7 inch) Super Retina XDR Display12MP + 12MP + 12MP | 12MP Front CameraA15 Bionic Chip ProcessorBrand Warranty for 1 Year,iPhone,139900,2.0,195.0,Premium
Apple iPhone XR ,"64 GB ROM15.49 cm (6.1 inch) Display12MP Rear Camera | 7MP Front CameraA12 Bionic Chip ProcessorWater and Dust Resistant (1 meter for Upto 30 minutes, IP67)Face ID for Secure AuthenticationFast-charge CapableBrand Warranty of 1 Year",iPhone,47900,2.8,8489.0,Premium
Apple iPhone 16 Plus ,"128 GB ROM17.02 cm (6.7 inch) Super Retina XDR Display48MP + 12MP | 12MP Front CameraA18 Chip, 6 Core Processor Processor1 Year Warranty for Phone and 6 Months Warranty for In-Box Accessories",iPhone,89900,2.1,23.0,Premium
Apple iPhone 6s Plus ,32 GB ROM13.97 cm (5.5 inch) Retina HD Display12MP Rear Camera | 5MP Front CameraApple A9 64-bit processor and Embedded M9 Motion Co-processorBrand Warranty of 1 Year,iPhone,34900,4.0,2359.0,Mid-range
Apple iPhone XS ,256 GB ROM14.73 cm (5.8 inch) Super Retina HD Display12MP + 12MP | 7MP Front CameraA12 Bionic Chip Processor1 Year Limited Warranty for Products and Accessories,iPhone,103900,3.5,865.0,Premium
Apple iPhone 12 ,"256 GB ROM15.49 cm (6.1 inch) Super Retina XDR Display12MP + 12MP | 12MP Front CameraA14 Bionic Chip with Next Generation Neural Engine ProcessorCeramic ShieldIndustry-leading IP68 Water ResistanceAll Screen OLED Display12MP TrueDepth Front Camera with Night Mode, 4K Dolby Vision HDR RecordingBrand Warranty for 1 Year",iPhone,64900,3.5,13924.0,Premium
Apple iPhone XR ,"128 GB ROM15.49 cm (6.1 inch) Display12MP Rear Camera | 7MP Front CameraA12 Bionic Chip ProcessorWater and Dust Resistant (1 meter for Upto 30 minutes, IP67)Face ID for Secure AuthenticationFast-charge CapableBrand Warranty of 1 Year",iPhone,52900,3.4,8489.0,Premium
Apple iPhone 14 Pro Max ,"128 GB ROM17.02 cm (6.7 inch) Super Retina XDR Display48MP + 12MP + 12MP | 12MP Front CameraA16 Bionic Chip, 6 Core Processor Processor1 Year Warranty for Phone and 6 Months Warranty for In-Box Accessories",iPhone,134900,2.0,170.0,Premium
Apple iPhone 5C ,8 GB ROM10.16 cm (4 inch) Retina Display8MP Rear Camera | 1.2MP Front CameraA6 Chip Processor1 Year Manufacturer Warranty,iPhone,14999,1.8,265.0,Economic
Apple iPhone 14 Pro ,"512 GB ROM15.49 cm (6.1 inch) Super Retina XDR Display48MP + 12MP + 12MP | 12MP Front CameraA16 Bionic Chip, 6 Core Processor Processor1 Year Warranty for Phone and 6 Months Warranty for In-Box Accessories",iPhone,149900,2.5,153.0,Premium
Apple iPhone XS Max ,512 GB ROM16.51 cm (6.5 inch) Super Retina HD Display12MP + 12MP | 7MP Front CameraA12 Bionic Chip Processor1 Year Limited Warranty for Products and Accessories,iPhone,144900,3.6,146.0,Premium
Apple iPhone XS ,512 GB ROM14.73 cm (5.8 inch) Super Retina HD Display12MP + 12MP | 7MP Front CameraA12 Bionic Chip Processor1 Year Limited Warranty for Products and Accessories,iPhone,134900,2.1,865.0,Premium
Apple iPhone 6s Plus ,128 GB ROM13.97 cm (5.5 inch) Retina HD Display12MP Rear Camera | 5MP Front CameraA9 Chip with 64-bit Architecture and M9 Motion Co-processorBrand Warranty of 1 Year,iPhone,92000,4.3,2359.0,Premium
Apple iPhone 7 ,128 GB ROM11.94 cm (4.7 inch) Retina HD Display12MP Rear Camera | 7MP Front CameraApple A10 Fusion 64-bit processor and Embedded M10 Motion Co-processorBrand Warranty of 1 Year,iPhone,34900,3.3,9140.0,Mid-range
Apple iPhone 5C ,8 GB ROM10.16 cm (4 inch) Retina Display8MP Rear Camera | 1.2MP Front CameraA6 Chip Processor1 Year Manufacturer Warranty,iPhone,37500,2.1,265.0,Mid-range
Apple iPhone 16 Pro Max ,"512 GB ROM17.53 cm (6.9 inch) Super Retina XDR Display48MP + 48MP + 12MP | 12MP Front CameraA18 Pro Chip, 6 Core Processor Processor1 Year Warranty for Phone and 6 Months Warranty for In-Box Accessories",iPhone,164900,1.7,6.0,Premium
Apple iPhone 16 Pro ,"1 TB ROM16.0 cm (6.3 inch) Super Retina XDR Display48MP + 48MP + 12MP | 12MP Front CameraA18 Pro Chip, 6 Core Processor Processor1 Year Warranty for Phone and 6 Months Warranty for In-Box Accessories",iPhone,169900,3.3,7.0,Premium
Apple iPhone 14 ,"256 GB ROM15.49 cm (6.1 inch) Super Retina XDR Display12MP + 12MP | 12MP Front CameraA15 Bionic Chip, 6 Core Processor Processor1 Year Warranty for Phone and 6 Months Warranty for In-Box Accessories",iPhone,60999,4.3,11648.0,Premium
SAMSUNG 183 L Direct Cool Single Door 3 Star Refrigerator  with Digital Inverter,"Digital Inverter CompressorBuilt-in Stabilizer1 year comprehensive warranty on the product, 20 years on compressor by the brand.",Fridge,15490,1.8,1113.0,Economic
Godrej 244 L Frost Free Double Door 3 Star Convertible Refrigerator  with Fully Convertible Refrigerat...,Inverter CompressorBuilt-in Stabilizer1 Year Comprehensive Warranty on Product and 10 Years Warranty on Compressor,Fridge,24990,2.1,48.0,Mid-range
realme TechLife 180 L Direct Cool Single Door 3 Star Refrigerator,Reciprocating CompressorBuilt-in Stabilizer1 Year Warranty on Product and 10 Years Warranty on Compressor,Fridge,12690,2.4,214.0,Economic
Haier 445 L Frost Free Double Door Bottom Mount 2 Star Convertible Refrigerator  with Convertible 14-i...,Normal CompressorBuilt-in Stabilizer2 Years Warranty on Product and 10 Years Warranty on Compressor,Fridge,51990,1.0,2.0,Mid-range
Voltas Beko 183 L Direct Cool Single Door 5 Star Refrigerator,Reciprocating CompressorBuilt-in Stabilizer1 Year Comprehensive Warranty on Product and 10 Years Compressor Warranty,Fridge,16490,4.6,225.0,Economic
Liebherr 191 L Direct Cool Single Door 3 Star Refrigerator,ReciprocatingBuilt-in Stabilizer1 Year Comprehensive Warranty on Product and 20 Years Warranty on Compressor,Fridge,16090,3.5,19.0,Economic
Whirlpool 259 L Frost Free Double Door 2 Star Refrigerator,InverterBuilt-in Stabilizer1 Year Warranty on Product and 10 Years Warranty on Compressor,Fridge,26490,3.6,8.0,Mid-range
SAMSUNG 215 L Direct Cool Single Door 4 Star Refrigerator with Base Drawer  with Digi-Touch Cool Digit...,"Digital Inverter CompressorBuilt-in Stabilizer1 year comprehensive warranty on product, 20 years on compressor, For all Refrigerators with Digital Inverter Compressors, sold on or after 1st Dec 2022 (All Refrigerator apart from Non-Digital Inverter Technology Direct Cool Models) the Warranty period on the Digital Inverter Compressor shall be revised from 10 years to 20 years.",Fridge,19490,4.6,109.0,Economic
Whirlpool 235 L Frost Free Double Door 2 Star Refrigerator,Reciprocating CompressorBuilt-in Stabilizer1 Year Comprehensive Warranty on Product and 9 Years Warranty on Compressor,Fridge,22890,4.8,155.0,Mid-range
LG 185 L Direct Cool Single Door 3 Star Refrigerator with Base Drawer  with Moist 'N' Fresh,Conventional CompressorBuilt-in Stabilizer1 Year Warranty on Product and 10 Years Warranty on Compressor from LG,Fridge,16490,4.0,5.0,Economic
Godrej 272 L Frost Free Double Door 2 Star Refrigerator  with Wood Finish and Advanced Inverter Techno...,Inverter CompressorBuilt-in Stabilizer1 Year Warranty on Product and 10 Years Warranty on Compressor from Godrej,Fridge,31490,1.8,47.0,Mid-range
"CANDY 190 L Direct Cool Single Door 5 Star Refrigerator  with Jumbo Fruit and vegetable Box , Stabiliz...",Inverter CompressorBuilt-in Stabilizer1 Year Warranty on Product and 10 Years on Compressor,Fridge,14190,4.0,198.0,Economic
SAMSUNG 465 L Frost Free Double Door 1 Star Refrigerator,Digital Inverter CompressorBuilt-in Stabilizer1 Year Comprehensive Warranty on Product and 10 Years Warrranty on Compressor,Fridge,47290,4.7,0.0,Mid-range
Haier 190 L Direct Cool Single Door 5 Star Refrigerator with Base Drawer  with Large Storage Space 1 H...,Normal CompressorBuilt-in Stabilizer1 Year Warranty on Product and 10 Years Warranty on Compressor,Fridge,18290,3.3,1071.0,Economic
MarQ by Flipkart 208 L Direct Cool Single Door 3 Star Refrigerator,Inverter CompressorBuilt-in Stabilizer1 Year Warranty on Product and 10 Years Warranty on Compressor,Fridge,14490,3.4,18.0,Economic
Haier 602 L Frost Free Side by Side 3 Star Convertible Refrigerator  with 100% Convertible Fridge Spac...,Inverter CompressorBuilt-in Stabilizer1 Year Comprehensive Warranty on Product and  10 Years Warranty on Compressor,Fridge,74990,2.2,0.0,Premium
Whirlpool 207 L Direct Cool Single Door 3 Star Refrigerator,IntelliSense Inverter CompressorBuilt-in Stabilizer1 Year on Product and 10 Years on Compressor from Whirlpool,Fridge,17870,3.2,836.0,Economic
Whirlpool 330 L Frost Free Triple Door Refrigerator,Reciprocating CompressorBuilt-in Stabilizer1 Year on Product and 10 Years on Compressor From Whirlpool,Fridge,35799,4.9,698.0,Mid-range
Whirlpool 235 L Frost Free Double Door 3 Star Refrigerator,Reciprocating CompressorBuilt-in Stabilizer1 Year Comprehensive Warranty and 9 Years Warranty on Compressor,Fridge,25240,2.4,60.0,Mid-range
Whirlpool 260 L Frost Free Triple Door Refrigerator,Digital CompressorBuilt-in Stabilizer1 Year Comprehensive Warranty on Product and 10 Years on Compressor,Fridge,28667,2.3,7.0,Mid-range
CANDY 205 L Direct Cool Single Door 3 Star Refrigerator,Reciprocatory CompressorBuilt-in Stabilizer1 Year Warranty on Product and 10 Years on Compressor,Fridge,15290,3.4,1270.0,Economic
Electrolux 524 L Frost Free Multi-Door Refrigerator  with Inverter with TasteLockAuto Technology Ultim...,Inverter1 Year Standard Warranty on Product and 9 Years Additional Warranty on Compressor (Refrigerant or Gas is Chargeable),Fridge,78990,4.3,0.0,Premium
Lloyd 240 L Frost Free Double Door 2 Star Refrigerator,Inverter CompressorBuilt-in Stabilizer1 Year Comprehensive Warranty on Product and 10 Years Warranty on Compressor,Fridge,24875,4.7,0.0,Mid-range
SAMSUNG 301 L Frost Free Double Door 2 Star Convertible Refrigerator,Digital Inverter CompressorBuilt-in Stabilizer1 Year Comprehensive Warranty on Product and 10 Years Warranty on Compressor,Fridge,39300,1.3,0.0,Mid-range
Voltas Beko by A Tata Product 340 L Frost Free French Door Bottom Mount 2 Star Refrigerator,"Inverter CompressorBuilt-in Stabilizer2 year comprehensive, additional 08 year on compressor",Fridge,28340,2.4,0.0,Mid-range
Lloyd 310 L Frost Free Double Door 2 Star Refrigerator,Fixed speedBuilt-in Stabilizer1 Year Domestic Warranty on Product and Additional 9 Years on Compressor,Fridge,26990,1.1,4.0,Mid-range
Godrej 233 L Frost Free Double Door 2 Star Convertible Refrigerator,Inverter CompressorBuilt-in Stabilizer1 Year Comprehensive Warranty on Product and  10 Years Warranty on Compressor,Fridge,21990,2.9,0.0,Mid-range
Lloyd 310 L Frost Free Multi-Door 2 Star Refrigerator,Inverter CompressorBuilt-in Stabilizer1 Year Domestic Warranty on Product and Additional 9 Years on Compressor,Fridge,24990,2.7,1.0,Mid-range
SAMSUNG 301 L Frost Free Double Door 2 Star Convertible Refrigerator,Digital Inverter CompressorBuilt-in Stabilizer1 Year Comprehensive Warranty on Product and 10 Years Warrranty on Compressor,Fridge,53990,3.5,0.0,Premium
SAMSUNG 236 L Frost Free Double Door 3 Star Refrigerator,Digital Inverter CompressorBuilt-in Stabilizer1 Year Comprehensive Warranty on Product and 20 Years Warranty on Compressor,Fridge,31300,1.5,0.0,Mid-range
SAMSUNG 236 L Frost Free Double Door 2 Star Refrigerator with Base Drawer,Digital Inverter CompressorBuilt-in Stabilizer1 Year Comprehensive Warranty on Product and 20 Years Warranty on Compressor,Fridge,30800,1.3,1.0,Mid-range
Godrej 192 L Direct Cool Single Door 3 Star Refrigerator,ReciprocatingBuilt-in Stabilizer10 Years Compressor Warranty; 1 Year Comprehensive Warranty.,Fridge,16013,2.6,0.0,Economic
Whirlpool 192 L Direct Cool Single Door 3 Star Refrigerator,Normal CompressorBuilt-in Stabilizer1 Year on Product and 10 Years on Compressor from Whirlpool,Fridge,16650,3.1,836.0,Economic
Whirlpool 260 L Frost Free Triple Door Refrigerator,Normal CompressorBuilt-in Stabilizer1 Year on the Product and 10 Years on the Compressor From Whirlpool,Fridge,28999,4.0,30.0,Mid-range
Whirlpool 353 L Frost Free Double Door 3 Star Convertible Refrigerator,Inverter CompressorBuilt-in Stabilizer1 Year Warranty on Product and 10 Years on Compressor,Fridge,43190,3.1,4.0,Mid-range
SAMSUNG 314 L Frost Free Double Door 2 Star Refrigerator  with Curd Maestro,"Digital Inverter CompressorBuilt-in Stabilizer1 year comprehensive warranty on product, 20 years on compressor, For all Refrigerators with Digital Inverter Compressors, sold on or after 1st Dec 2022 (All Refrigerator apart from Non-Digital Inverter Technology Direct Cool Models) the Warranty period on the Digital Inverter Compressor shall be revised from 10 years to 20 years.",Fridge,39200,1.2,12.0,Mid-range
LG 215 L Direct Cool Single Door 3 Star Refrigerator  with Fast Ice Making,Reciprocating CompressorBuilt-in Stabilizer1 Year Warranty on Product and 10 Years Warranty on Compressor From LG,Fridge,24999,5.0,14.0,Mid-range
LG 185 L Direct Cool Single Door 4 Star Refrigerator  with Smart Inverter Compressor,Smart Inverter CompressorBuilt-in Stabilizer1 Year Warranty on Product and 10 Years Warranty on Compressor,Fridge,15490,1.7,0.0,Economic
LG 185 L Direct Cool Single Door 3 Star Refrigerator  with Fast Ice Making,Conventional CompressorBuilt-in Stabilizer1 Year Warranty on Product and 10 Years Warranty on Compressor from LG,Fridge,18899,1.0,0.0,Economic
Haier 237 L Frost Free Double Door 2 Star Refrigerator,Normal CompressorBuilt-in Stabilizer1 Year Warranty on Product and 10 Years Warranty on Compressor,Fridge,25089,4.7,1.0,Mid-range
Godrej 233 L Frost Free Double Door 2 Star Refrigerator,Inverter CompressorBuilt-in Stabilizer1 Year Comprehensive Warranty and 10 Years Compressor Warranty,Fridge,24994,1.6,0.0,Mid-range
SAMSUNG 189 L Direct Cool Single Door 4 Star Refrigerator,"Digital Inverter CompressorBuilt-in Stabilizer1 year comprehensive warranty on product, 20 years on compressor, For all Refrigerators with Digital Inverter Compressors, sold on or after 1st Dec 2022 (All Refrigerator apart from Non-Digital Inverter Technology Direct Cool Models) the Warranty period on the Digital Inverter Compressor shall be revised from 10 years to 20 years.",Fridge,19700,3.1,10.0,Mid-range
"Godrej 670 L Frost Free Multi-Door Refrigerator  with Four Door, Triple Zones with Convertible Mode, A...",Inverter CompressorBuilt-in Stabilizer1 Year Comprehensive Warranty on Product and 10 Years Warranty on Compressor,Fridge,94999,2.2,0.0,Premium
Whirlpool 184 L Direct Cool Single Door 3 Star Refrigerator,Non InverterBuilt-in Stabilizer1 Year Warranty on Product and 10 Years Warranty on Compressor,Fridge,15540,4.1,13.0,Economic
Whirlpool 200 L Direct Cool Single Door 4 Star Refrigerator with Base Drawer,IntelliSense Inverter CompressorBuilt-in Stabilizer1 Year on Product and 10 Years on the Compressor from Whirlpool,Fridge,17690,1.7,154.0,Economic
Kelvinator 187 L Direct Cool Single Door 2 Star Refrigerator,Normal1 Year on Product and 10 Years on Compressor,Fridge,15399,2.8,0.0,Economic
LG 594 L Frost Free Side by Side Refrigerator  with Four Door,Inverter Linear Compressor1 Year on Product and 10 Years on Compressor From LG,Fridge,91990,2.1,6.0,Premium
Lloyd by Havells 240 L Frost Free Double Door 3 Star Refrigerator,Fixed SpeedBuilt-in Stabilizer1 Year Warranty on product and 9 year warranty on Compressor,Fridge,24990,3.8,4.0,Mid-range
BOSCH 508 L Frost Free Double Door 2 Star Convertible Refrigerator,VarioInverter CompressorBuilt-in Stabilizer1 Year Comprehensive Warranty on Product and 10 Years Warranty on Compressor,Fridge,94990,2.3,0.0,Premium
SAMSUNG 198 L Direct Cool Single Door 4 Star Refrigerator,"Digital Inverter CompressorBuilt-in Stabilizer1 year comprehensive warranty on product, 20 years on compressor, For all Refrigerators with Digital Inverter Compressors, sold on or after 1st Dec 2022 (All Refrigerator apart from Non-Digital Inverter Technology Direct Cool Models) the Warranty period on the Digital Inverter Compressor shall be revised from 10 years to 20 years.",Fridge,16990,2.2,128.0,Economic
SAMSUNG 198 L Direct Cool Single Door 5 Star Refrigerator with Base Drawer,"Digital Inverter CompressorBuilt-in Stabilizer1 year comprehensive warranty on product, 20 years on compressor, For all Refrigerators with Digital Inverter Compressors, sold on or after 1st Dec 2022 (All Refrigerator apart from Non-Digital Inverter Technology Direct Cool Models) the Warranty period on the Digital Inverter Compressor shall be revised from 10 years to 20 years.",Fridge,17990,1.1,258.0,Economic
ACTIVA 1 L Instant Water Geyser ,Instant Geyser1 L1 YEAR WARRANTY ON COMPONENTS AND 5 YEAR WARRANTY ON GEYSER INNER TANK,geyser,1499,1.4,63.0,Economic
Candes 15 L Storage Water Geyser ,"Storage Geyser15 L5 Years Warranty on Inner Container & 1 Year Warranty on Components including On-Site & Off-Site, Domestic & International Warranty",geyser,4079,4.6,2646.0,Economic
GRINISH 1 L Instant Water Geyser ,Instant Geyser1 L1 Year Manufacturer Warranty,geyser,1350,3.7,9.0,Economic
Thomson 5 L Instant Water Geyser ,Instant Geyser5 L2 Years Warranty,geyser,2599,2.4,309.0,Economic
ACTIVA 25 L Storage Water Geyser ,"Storage Geyser25 L5 Year Warranty On Inner Tank, 1 Year On Components",geyser,3799,4.0,1546.0,Economic
HAVELLS 25 L Storage Water Geyser with Flaxi Pipe and FreeInstallation ,"Storage Geyser25 L7 Years Warranty on Inner Container, 4 Years Warranty on Heating Element, 2 Years Comprehensive Warranty",geyser,15200,2.2,355.0,Economic
Crompton 25 L Storage Water Geyser ,"Storage Geyser25 LTank: 7 years, Heating Element: 2 years, Product: 2 years",geyser,7349,4.6,1414.0,Economic
Hindware Smart Appliances 15 L Storage Water Geyser ,"Storage Geyser15 L7 Years on Tank, 4 Years on Heating Element and 2 Years Comprehensive",geyser,5099,3.8,250.0,Economic
RR 25 L Storage Water Geyser ,"Storage Geyser25 L2 Year on Product, 3 Year on Heating Element, 5 Year on Tank",geyser,5599,2.9,2.0,Economic
Racold 6 L Instant Water Geyser ,Instant Geyser6 L5 Years on Tank ; 2 Years on Product; 2 Years on Heating Element,geyser,6888,1.3,4.0,Economic
Candes 3 L Storage Water Geyser ,"Storage Geyser3 L5 Years Warranty on Inner Container & 1 Year Warranty on Components including On-Site & Off-Site, Domestic & International Warranty",geyser,2539,3.0,2337.0,Economic
HAVELLS 15 L Storage Water Geyser ,"Storage Geyser15 L7 Years Warranty on Inner Container, 4 Years Warranty on Heating Element, 2 Years Comprehensive Warranty",geyser,14260,4.5,47.0,Economic
RR 15 L Storage Water Geyser ,"Storage Geyser15 L2 Year on Product, 3 Year on Heating Element, 6 Year on Tank",geyser,6199,1.3,2.0,Economic
Indo 25 L Storage Water Geyser ,"Storage Geyser25 L2 Years On product, 3 years on Heating Element and 5 Years Warranty on Inner Tank",geyser,5299,1.4,0.0,Economic
Hindware Smart Appliances 25 L Storage Water Geyser ,"Storage Geyser25 L2 Years Overall, 2 Years on Heating Element, 5 Years on Tank",geyser,5699,3.5,57.0,Economic
AO Smith 10 L Storage Water Geyser ,"Storage Geyser10 L7 Years Warranty on Tank, 4 Years Extended Warranty and 2 Years Comprehensive Warranty",geyser,8999,4.4,210.0,Economic
ACTIVA 15 L Storage Water Geyser ,Storage Geyser15 L2,geyser,4199,2.4,304.0,Economic
Venus 3 L Instant Water Geyser ,"Instant Geyser3 L5 years on inner tank, 2 years on heating element and 2 years on product",geyser,2486,1.7,3.0,Economic
V-Guard 6 L Gas Water Geyser ,Gas Geyser6 L2 Year Manufacturer Warranty,geyser,5699,4.9,197.0,Economic
Hindware 10 L Storage Water Geyser ,"Storage Geyser10 L2 Years Overall, 2 Years on Heating Element, 5 Years on Tank",geyser,4999,1.6,0.0,Economic
Kenstar 10 L Storage Water Geyser ,"Storage Geyser10 L5 Years on Tank, 2 Years on Heating Element, 2 Years on Product",geyser,4990,4.8,0.0,Economic
V-Guard 25 L Storage Water Geyser with Free Installation & Flexi Pipes ,"Storage Geyser25 L2 Year on Product, 4 Year on Heating Element, 7 Year on Inner Tank",geyser,11599,3.2,0.0,Economic
STANDARD 15 L Storage Water Geyser ,Storage Geyser15 L7 years on tank and 2 years on product,geyser,5999,3.6,6.0,Economic
Hindware Tankless Instant Water Geyser ,Instant Geyser0 L2 Years Warranty,geyser,1549,4.7,0.0,Economic
BAJAJ 10 L Storage Water Geyser ,"Storage Geyser10 L10 years warranty on tank, 3 years warranty on element and 2 years warranty on product",geyser,7699,4.7,0.0,Economic
Crompton 25 L Storage Water Geyser ,Storage Geyser25 L2 years of maufacture warranty,geyser,8499,2.7,972.0,Economic
Crompton 10 L Storage Water Geyser ,"Storage Geyser10 LTank: 7 years, Heating Element: 3 years, Product: 2 years",geyser,8049,1.1,160.0,Economic
Hindware Smart Appliances 25 L Storage Water Geyser ,"Storage Geyser25 L7 Years on Tank, 2 Years on Element and 2 years comprehensive",geyser,7299,1.7,348.0,Economic
Racold 3 L Instant Water Geyser ,"Instant Geyser3 L2 Years on Product, 2 Years on Heating Element and 5 Years on Tank",geyser,3089,3.2,292.0,Economic
Crompton 5 L Instant Water Geyser ,"Instant Geyser5 L2 Years Warranty on Product, 2 Years Warranty on Heating Element, 5 Years Warranty on Tank",geyser,2999,3.4,2487.0,Economic
GRINISH 1 L Instant Water Geyser ,Instant Geyser1 L1 Year Manufacturer Warranty,geyser,1049,1.6,8.0,Economic
V-Guard 3 L Instant Water Geyser ,Instant Geyser3 LNA,geyser,4749,3.8,0.0,Economic
Racold 15 L Storage Water Geyser ,"Storage Geyser15 L2 Years on Product, 4 Years on Heating Element and 7 Years on Tank",geyser,9749,4.7,183.0,Economic
HAVELLS 25 L Storage Water Geyser with Flexi Pipe and Free Installation ,"Storage Geyser25 L5 year warranty on Inner Container, 2 year comprehensive Warranty",geyser,7999,4.1,296.0,Economic
V-Guard 15 L Storage Water Geyser ,"Storage Geyser15 L2 Years on Product, 3 Years on Heating Element and 7 Years on Inner Tank",geyser,8648,1.1,60.0,Economic
Venus 6 L Storage Water Geyser ,"Storage Geyser6 LGuarantee -7 Years on Inner Tank, 3 Years on Heating Element & 2 Years on Product",geyser,5957,4.4,6.0,Economic
Racold 25 L Storage Water Geyser with Flexi Pipe and Free Installation ,"Storage Geyser25 L2 Years on Product, 4 Years on Heating Element and 7 Years on Tank",geyser,12799,2.0,21.0,Economic
HAVELLS 25 L Storage Water Geyser ,"Storage Geyser25 L5 year warranty on Inner Container, 2 year comprehensive Warranty",geyser,9749,3.1,12.0,Economic
BAJAJ 25 L Storage Water Geyser ,Storage Geyser25 L2 Year Warranty on Product 2 Year Warranty on Heating Element & 5 Year Warranty on Inner Tank,geyser,7499,2.0,0.0,Economic
Venus 15 L Storage Water Geyser ,Storage Geyser15 L7 Years on Heater Tank & 3 Years on Heating Element & 2 Years on Product,geyser,10749,2.4,19.0,Economic
Unicorn 3 L Instant Water Geyser ,Instant Geyser3 L1 Year Limited Domestic Brand Warranty on Product & 5 Years on Inner Tank/Container.,geyser,2299,3.1,0.0,Economic
BLOSSOM 8 L Gas Water Geyser ,Gas Geyser8 LA PRODUCTS HAVE A WARRANTY AGAINST MANUFACTURING DEFECTS FOR THE PERIOD OF 1 YEAR FROM THE DATE OF PURCHASE.,geyser,7225,3.8,0.0,Economic
voltas 10 L Storage Water Geyser ,"Storage Geyser10 L7 Years Warranty on Tank, 3 Years Warranty on Heating Element and 2 Years Warranty on Product",geyser,6200,4.1,0.0,Economic
HAVELLS 6 L Storage Water Geyser ,Storage Geyser6 L7 year warranty on inner container ; 4 year warranty on heating element ; 2 year comprehensive Warranty,geyser,7550,1.3,0.0,Economic
CG 25 L Storage Water Geyser ,Storage Geyser25 L5 Year Inner Tank Warranty 2 Year Product Warranty,geyser,5899,4.3,0.0,Economic
BAJAJ 10 L Storage Water Geyser ,Storage Geyser10 LWarranty : 2 years on product,geyser,8300,4.1,149.0,Economic
Crompton 15 L Storage Water Geyser ,"Storage Geyser15 LTank - 5 years, Element - 2 years, Product - 2 years",geyser,6499,1.7,1.0,Economic
Power Guard 25 L Storage Water Geyser ,Storage Geyser25 L7 Years  Warranty on Tank and 2 Years Domestic Warranty on the Product from the Date of Purchase,geyser,4599,3.8,1.0,Economic
Crompton 25 L Storage Water Geyser ,"Storage Geyser25 L5 Years on Tank, 2 Years on Element, 2 Years on Product",geyser,7999,5.0,4.0,Economic
V-Guard 5 L Instant Water Geyser ,Instant Geyser5 L5 YEARS REPLACEMENT,geyser,4799,1.8,0.0,Economic
Racold 25 L Storage Water Geyser ,"Storage Geyser25 L2 Years on Product, 4 Years on Heating Element and 7 Years on Tank",geyser,12499,4.3,31.0,Economic
Hindware Smart Appliances 15 L Storage Water Geyser ,"Storage Geyser15 L2 Years Compehensive, 3 Years on Heating Element, 7 Years on Tank",geyser,5699,1.2,1168.0,Economic
Racold 15 L Storage Water Geyser with Flexi Pipe and Free Installation ,"Storage Geyser15 L2 Years on Product, 3 Years on Heating Element and 7 Years on Tank",geyser,7699,4.4,183.0,Economic
good choice 10 L Storage Water Geyser ,Storage Geyser10 L1 year manufacture warranty on geyser and 30 Month on inner tank,geyser,2939,3.6,12.0,Economic
V-Guard 15 L Storage Water Geyser ,Storage Geyser15 L2-year product warranty and a 3-year warranty on heating element and 7 years warranty for the inner tank,geyser,6799,3.5,0.0,Economic
ACTIVA 25 L Storage Water Geyser ,"Storage Geyser25 L5 Year Warranty On Inner Tank, 1 Year On Components",geyser,4399,1.5,38.0,Economic
HAVELLS 6 L Storage Water Geyser ,"Storage Geyser6 L7 year warranty on Inner Container, 2 year comprehensive Warranty",geyser,7975,3.1,152.0,Economic
Candes 15 L Storage Water Geyser ,"Storage Geyser15 L1 Year Warranty on Components & 4 Years Warranty on Inner Container  including On-Site & Off-Site, Domestic & International Warranty",geyser,4079,4.2,1378.0,Economic
Crompton 15 L Storage Water Geyser ,"Storage Geyser15 L7 years in tank, 2 years on element and 2 years on product.",geyser,12599,1.8,2.0,Economic
Crompton 25 L Storage Water Geyser ,Storage Geyser25 L2 Years Warranty,geyser,10686,1.2,7.0,Economic
Venus 6 L Storage Water Geyser ,"Storage Geyser6 L7 years on inner tank, 2 years on heating element and 2 years on product",geyser,7325,1.0,0.0,Economic
IVAS 25 L Storage Water Geyser ,"Storage Geyser25 L5 years warranty on the tank, 2 years warranty on the element, and 2 years warranty on the product.",geyser,6499,1.1,0.0,Economic
Venus 3 L Instant Water Geyser ,"Instant Geyser3 LGuarantee -5 Years on Inner Tank, 2 Years on Heating Element & 2 Years on Product",geyser,4575,4.7,0.0,Economic
Orient Electric 15 L Storage Water Geyser ,"Storage Geyser15 L7 Years on Tank, 3 Years on Element, 2 Years on Product",geyser,6699,4.9,4.0,Economic
Lazer 15 L Storage Water Geyser ,Storage Geyser15 L7 Years Warranty on Inner Tank & 4 Years on Electrical components  And 2 Years  on Product,geyser,5999,2.6,2.0,Economic
ASUS Vivobook Go 15 OLED AMD Ryzen 3 Quad Core 7320U ,AMD Ryzen 3 Quad Core Processor8 GB LPDDR5 RAMWindows 11 Operating System512 GB SSD39.62 cm (15.6 Inch) Display1 Year Onsite Warranty,laptops,36990,2.3,292.0,Mid-range
Lenovo LOQ AMD Ryzen 5 Quad Core 7235HS ,AMD Ryzen 5 Quad Core Processor24 GB DDR5 RAMWindows 11 Operating System512 GB SSD39.62 cm (15.6 Inch) Display1Yr Warranty and 1 Yr Accidental Damage Protection,laptops,65690,2.5,14.0,Premium
Lenovo IdeaPad Slim 5 Intel Core i5 12th Gen 12450H ,Intel Core i5 Processor (12th Gen)16 GB LPDDR5 RAMWindows 11 Operating System512 GB SSD35.56 cm (14 Inch) Display1Yr Warranty + 1 Yr Premium Care and 1 Yr Accidental Damage Protection,laptops,59841,1.7,20.0,Premium
ASUS Vivobook 15 Intel Core i3 12th Gen 1215U ,Intel Core i3 Processor (12th Gen)8 GB DDR4 RAMWindows 11 Operating System512 GB SSD39.62 cm (15.6 Inch) Display1 Year Onsite Warranty,laptops,31990,2.5,476.0,Mid-range
Lenovo IdeaPad Pro 5 2.8K OLED AI PC Intel Core Ultra 9 185H ,Intel Core Ultra 9 Processor32 GB LPDDR5X RAMWindows 11 Operating System1 TB SSD35.56 cm (14 Inch) Display1Yr Warranty + 1 Yr Premium Care and 1 Yr Accidental Damage Protection,laptops,104790,1.0,10.0,Premium
Lenovo IdeaPad Slim 3 Intel Core i5 12th Gen 12450H ,Intel Core i5 Processor (12th Gen)16 GB LPDDR5 RAMWindows 11 Operating System512 GB SSD35.56 cm (14 Inch) Display1Yr Warranty and 1 Yr Accidental Damage Protection,laptops,49190,1.6,32.0,Mid-range
Infinix Y1 Plus Neo Intel Celeron Quad Core 11th Gen N5100 ,Intel Celeron Quad Core Processor (11th Gen)4 GB LPDDR4X RAMWindows 11 Operating System128 GB SSD39.62 cm (15.6 Inch) Display1 Year Onsite Warranty,laptops,17990,1.2,219.0,Economic
ASUS Vivobook 15 Intel Core i3 12th Gen 1215U ,Intel Core i3 Processor (12th Gen)8 GB DDR4 RAMWindows 11 Operating System512 GB SSD39.62 cm (15.6 Inch) Display1 Year Onsite Warranty,laptops,31990,1.5,476.0,Mid-range
MSI Modern 14 Intel Core i3 12th Gen 1215U ,Intel Core i3 Processor (12th Gen)8 GB DDR4 RAMWindows 11 Operating System512 GB SSD35.56 cm (14 Inch) Display1 Year Onsite Warranty,laptops,28990,1.3,113.0,Mid-range
CHUWI Intel Celeron Quad Core 12th Gen N100 ,"Intel Celeron Quad Core Processor (12th Gen)8 GB LPDDR5 RAM64 bit Windows 11 Home Operating System256 GB SSD35.81 cm (14.1 inch) DisplayWPS Office, Operating System Software1 Year Onsite Warranty",laptops,17990,4.6,40.0,Economic
HP Victus Intel Core i7 12th Gen 12650H ,Intel Core i7 Processor (12th Gen)16 GB DDR4 RAMWindows 11 Operating System1 TB SSD39.62 cm (15.6 Inch) Display1 Year Onsite Warranty,laptops,81990,2.2,0.0,Premium
ASUS X1504ZA Intel Core i3 12th Gen 12th Gen Intel Core i3,Intel Core i3 Processor (12th Gen)8 GB DDR4 RAM64 bit Windows 11 Operating System512 GB SSD39.62 cm (15.6 inch) DisplayMS OFFICE1 YEAR INTERNATIONAL,laptops,31890,3.6,71.0,Mid-range
HP FQ Series Intel Core i3 12th Gen 1215U ,Intel Core i3 Processor (12th Gen)8 GB DDR4 RAM64 bit Windows 11 Operating System1 TB SSD39.62 cm (15.6 Inch) DisplayMicrosoft Office Home & Student '20211 Year Onsite Warranty,laptops,39990,3.3,2.0,Mid-range
HP Victus AMD Ryzen 5 Hexa Core 5600H ,AMD Ryzen 5 Hexa Core Processor8 GB DDR4 RAMWindows 11 Operating System512 GB SSD39.62 cm (15.6 Inch) Display1 Year Onsite Warranty,laptops,51490,3.5,129.0,Premium
MICROSOFT Laptop Go 3 Intel Core i5 12th Gen 1235U ,Intel Core i5 Processor (12th Gen)8 GB LPDDR5 RAMWindows 11 Operating System256 GB SSD31.5 cm (12.4 Inch) Touchscreen Display1 Year Onsite Warranty,laptops,69990,1.7,3.0,Premium
HP Omen AMD Ryzen 7 Octa Core 7840HS ,AMD Ryzen 7 Octa Core Processor16 GB DDR5 RAMWindows 11 Operating System1 TB SSD40.89 cm (16.1 Inch) Display1 Year Onsite Warranty,laptops,102990,4.6,10.0,Premium
Acer Predator Neo Intel Core i5 13th Gen 13500HX ,Intel Core i5 Processor (13th Gen)16 GB DDR5 RAMWindows 11 Operating System512 GB SSD40.64 cm (16 Inch) Display1 Year International Travelers Warranty (ITW),laptops,92990,3.7,66.0,Premium
MSI Thin A15 AMD Ryzen 5 Hexa Core 7535HS ,AMD Ryzen 5 Hexa Core Processor16 GB DDR5 RAMWindows 11 Operating System512 GB SSD39.62 cm (15.6 Inch) Display2 Year Onsite Warranty,laptops,52990,1.7,0.0,Premium
ASUS Vivobook 15 Intel Core i5 13th Gen 1335U ,Intel Core i5 Processor (13th Gen)16 GB DDR4 RAMWindows 11 Operating System512 GB SSD39.62 cm (15.6 Inch) Display1 Year Onsite Warranty,laptops,51990,4.6,0.0,Mid-range
HP Victus Intel Core i5 12th Gen 12450H ,Intel Core i5 Processor (12th Gen)16 GB DDR4 RAMWindows 11 Operating System512 GB SSD39.62 cm (15.6 inch) Display1 Year Onsite Warranty,laptops,65990,4.2,13.0,Premium
Lenovo IdeaPad Slim 1 AMD Ryzen 5 Quad Core 7520U ,AMD Ryzen 5 Quad Core Processor8 GB LPDDR5 RAMWindows 11 Operating System512 GB SSD39.62 cm (15.6 inch) DisplayMicrosoft Office Home & Student 20211 Year Carry-in Warranty,laptops,33990,2.4,31.0,Mid-range
ZEBRONICS Pro Series Z Intel Core i5 12th Gen 1235U ,Intel Core i5 Processor (12th Gen)8 GB DDR4 RAMWindows 11 Operating System512 GB SSD39.62 cm (15.6 inch) Display1 Year Carry-in Warranty,laptops,29990,2.3,94.0,Mid-range
Lenovo V15 Intel Core i3 12th Gen 1215U ,Intel Core i3 Processor (12th Gen)8 GB DDR4 RAMWindows 11 Operating System512 GB SSD39.62 cm (15.6 Inch) Display1 Year Onsite Warranty,laptops,30990,2.1,20.0,Mid-range
Lenovo LOQ Intel Core i7 13th Gen 13620H ,Intel Core i7 Processor (13th Gen)16 GB DDR5 RAMWindows 11 Operating System512 GB SSD39.62 cm (15.6 Inch) DisplayMicrosoft Office Home & Student 20211Yr Warranty and 1 Yr Accidental Damage Protection,laptops,96390,2.5,47.0,Premium
Acer TravelMate P2 Intel Core i7 11th Gen 1165G7 ,Intel Core i7 Processor (11th Gen)16 GB DDR4 RAMWindows 11 Operating System1 TB SSD35.56 cm (14 inch) Display1 Year Onsite Warranty,laptops,47990,4.2,38.0,Mid-range
HP Backlit Intel Core i5 12th Gen 1235U ,Intel Core i5 Processor (12th Gen)8 GB DDR4 RAM64 bit Windows 11 Operating System512 GB SSD39.62 cm (15.6 Inch) Display1 Year Onsite Warranty,laptops,46990,3.5,196.0,Mid-range
ASUS TUF Gaming A15 with 90WHr Battery AMD Ryzen 7 Octa Core 7735HS ,AMD Ryzen 7 Octa Core Processor16 GB DDR5 RAMWindows 11 Operating System512 GB SSD39.62 cm (15.6 Inch) Display1 Year Onsite Warranty,laptops,89990,4.4,10.0,Premium
Lenovo IdeaPad 5 2,AMD Ryzen 7 Octa Core Processor16 GB LPDDR5X RAMWindows 11 Operating System512 GB SSD35.56 cm (14 inch) Touchscreen DisplayOffice Home & Student 20211 Year Carry-in Warranty,laptops,77690,3.4,0.0,Premium
HP Laptop Intel Core i5 12th Gen 1235U ,Intel Core i5 Processor (12th Gen)8 GB DDR4 RAM64 bit Windows 11 Operating System512 GB SSD39.62 cm (15.6 inch) Display1 Year Onsite Warranty,laptops,49990,4.6,4.0,Mid-range
MSI Thin 15 Intel Core i7 13th Gen 13620H ,Intel Core i7 Processor (13th Gen)16 GB DDR4 RAMWindows 11 Operating System1 TB SSD39.62 cm (15.6 Inch) Display2 Year Onsite Warranty,laptops,82990,4.2,0.0,Premium
MSI Thin 15 Intel Core i5 13th Gen 13420H ,Intel Core i5 Processor (13th Gen)16 GB DDR4 RAMWindows 11 Operating System1 TB SSD39.62 cm (15.6 Inch) Display2 Year Onsite Warranty,laptops,74990,4.7,0.0,Premium
Infinix Y3 Max Series Intel Core i3 12th Gen 1215U ,Intel Core i3 Processor (12th Gen)16 GB LPDDR4X RAMWindows 11 Operating System256 GB SSD40.64 cm (16 Inch) Display1 Year Onsite Warranty,laptops,27990,1.3,12.0,Mid-range
SAMSUNG Galaxy Book4 Intel Core i5 13th Gen 1335U ,Intel Core i5 Processor (13th Gen)8 GB LPDDR4X RAMWindows 11 Operating System512 GB SSD39.62 cm (15.6 Inch) Display1 Year Manufacturer Warranty for Laptop and 6 Months for In-Box Accessories,laptops,56990,4.7,164.0,Premium
SAMSUNG Galaxy Book4 Intel Core 7 150U ,Intel Core 7 Processor16 GB LPDDR4X RAMWindows 11 Operating System512 GB SSD39.62 cm (15.6 Inch) Display1 Year Manufacturer Warranty for Laptop and 6 Months for In-Box Accessories,laptops,79999,4.9,3.0,Premium
Lenovo V15 G2 Intel Core i3 11th Gen 1115G4 ,Intel Core i3 Processor (11th Gen)8 GB DDR4 RAM64 bit Windows 11 Operating System512 GB SSD39.62 cm (15.6 Inch) DisplayNo1 Year Onsite Warranty + 1 Year Accidental Damage Protection Add On,laptops,32318,2.0,23.0,Mid-range
HP Victus AMD Ryzen 5 Hexa Core 5600H ,AMD Ryzen 5 Hexa Core Processor16 GB DDR4 RAMWindows 11 Operating System512 GB SSD39.62 cm (15.6 Inch) Display1 Year Onsite Warranty,laptops,62990,3.0,80.0,Premium
MSI Modern 15 Intel Core i7 12th Gen 1255U ,Intel Core i7 Processor (12th Gen)16 GB DDR4 RAMWindows 11 Operating System512 GB SSD39.62 cm (15.6 inch) Display1 Year Warranty Term,laptops,50990,2.6,0.0,Premium
DELL Intel Core i3 13th Gen 1305U ,Intel Core i3 Processor (13th Gen)8 GB DDR4 RAMWindows 11 Operating System512 GB SSD39.62 cm (15.6 Inch) Display1 Year Onsite warranty,laptops,37990,4.5,2.0,Mid-range
HP 15s AMD Ryzen 3 Dual Core 3250U ,"AMD Ryzen 3 Dual Core Processor8 GB DDR4 RAM64 bit Windows 11 Operating System256 GB SSD39.62 cm (15.6 mm) DisplayMicrosoft Office 2021 Home and Student, HP Documentation, HP BIOS recovery, HP Smart1 Year Onsite Warranty",laptops,27390,2.8,364.0,Mid-range
Lenovo ThinkPad E15 Intel Core i5 11th Gen 1135G7 ,Intel Core i5 Processor (11th Gen)8 GB DDR4 RAM64 bit Windows 10 Operating System512 GB SSD39.62 cm (15.6 Inch) DisplayMicrosoft Office Home & Student 20191 Year Onsite Warranty,laptops,66000,3.8,2.0,Premium
SAMSUNG Galaxy Book4 Pro Evo AI PC Intel Core Ultra 5 125H ,Intel Core Ultra 5 Processor16 GB LPDDR5X RAM64 bit Windows 11 Operating System512 GB SSD35.56 cm (14 inch) Touchscreen DisplayMS Office Home and Student 20211 Year Manufacturer Warranty for Laptop and 6 Months for In-Box Accessories,laptops,116990,3.2,3.0,Premium
HP G9 AMD Ryzen 3 Dual Core 3250U ,AMD Ryzen 3 Dual Core Processor8 GB DDR4 RAMDOS Operating System512 GB SSD39.62 cm (15.6 Inch) Display1 Year Carry-in Warranty,laptops,27999,1.6,12.0,Mid-range
"ASUS Vivobook S 15 OLED Powered Copilot + , AI PC Qualcomm Snapdragon X Plus ",Qualcomm Snapdragon X Plus Processor16 GB LPDDR5X RAMWindows 11 Operating System1 TB SSD39.62 cm (15.6 Inch) Display1 Year Onsite Warranty,laptops,104990,3.6,0.0,Premium
MICROSOFT Surface Laptop (7th Edition) AI PC Qualcomm Snapdragon X Plus ,Qualcomm Snapdragon X Plus Processor16 GB LPDDR5X RAMWindows 11 Operating System512 GB SSD35.05 cm (13.8 Inch) Touchscreen Display1 Year Onsite Warranty,laptops,131990,2.4,0.0,Premium
MSI Thin 15 Intel Core i5 12th Gen 12450H ,Intel Core i5 Processor (12th Gen)8 GB DDR4 RAMWindows 11 Operating System512 GB SSD39.62 cm (15.6 Inch) Display2 Year Onsite Warranty,laptops,44990,2.0,63.0,Mid-range
Acer Aspire 3 Intel Core i3 12th Gen 1215U ,Intel Core i3 Processor (12th Gen)8 GB DDR4 RAMWindows 11 Operating System512 GB SSD39.62 cm (15.6 inch) Display1 Year Onsite Warranty,laptops,30990,4.4,57.0,Mid-range
DELL Inspiron Intel Core i3 11th Gen 1115G4 ,Intel Core i3 Processor (11th Gen)8 GB DDR4 RAM64 bit Windows 11 Operating System1 TB HDD|256 GB SSD39.62 cm (15.6 Inch) Display1 Year Onsite Warranty,laptops,39400,1.3,41.0,Mid-range
ASUS VivoBook K15 OLED AMD Ryzen 5 Hexa Core AMD R5,AMD Ryzen 5 Hexa Core Processor8 GB DDR4 RAM64 bit Windows 11 Operating System1 TB HDD|256 GB SSD39.62 cm (15.6 inch) DisplayOffice Home and Student 20211 Year Onsite Warranty,laptops,53990,1.6,231.0,Premium
HP 14s Intel Core i3 11th Gen 1115G4 ,Intel Core i3 Processor (11th Gen)8 GB DDR4 RAM64 bit Windows 11 Operating System512 GB SSD35.56 cm (14 inch) DisplayMicrosoft Office Home & Student 20211 Year Onsite Warranty,laptops,43990,1.6,944.0,Mid-range
Lenovo IdeaPad Slim 3 Intel Core i3 12th Gen 1215U ,Intel Core i3 Processor (12th Gen)8 GB DDR4 RAMWindows 11 Operating System256 GB SSD39.62 cm (15.6 Inch) Display1 Year Carry-in Warranty,laptops,30990,2.3,65.0,Mid-range
MICROSOFT Surface Laptop (7th Edition) AI PC Qualcomm Snapdragon X Elite ,Qualcomm Snapdragon X Elite Processor16 GB LPDDR5X RAMWindows 11 Operating System1 TB SSD35.05 cm (13.8 Inch) Touchscreen Display1 Year Onsite Warranty,laptops,170990,4.2,0.0,Premium
ASUS Vivobook Go 15 Intel Celeron Dual Core N4020 ,Intel Celeron Dual Core Processor8 GB DDR4 RAMWindows 11 Operating System256 GB SSD39.62 cm (15.6 Inch) Display1 Year Onsite Warranty,laptops,27990,4.7,225.0,Mid-range
HP Intel Core i3 11th Gen ,Intel Core i3 Processor (11th Gen)8 GB DDR4 RAMWindows 11 Operating System512 GB SSD39.62 cm (15.6 inch) Display1 YEAR,laptops,34990,3.3,1.0,Mid-range
HP Pavilion Intel Core i5 12th Gen 1235U ,"Intel Core i5 Processor (12th Gen)16 GB DDR4 RAM64 bit Windows 11 Operating System512 GB SSD35.56 cm (14 inch) DisplayMicrosoft Office Home & Student 2021, HP Documentation, HP BIOS recovery, HP Smart1 Year Onsite Warranty",laptops,57990,2.8,134.0,Premium
Acer Aspire 5 15 Intel Core i3 13th Gen 1305U ,Intel Core i3 Processor (13th Gen)8 GB LPDDR5 RAMWindows 11 Operating System512 GB SSD39.62 cm (15.6 inch) Display1 Year International Travelers Warranty (ITW),laptops,38990,3.4,1.0,Mid-range
DELL Intel Core i3 11th Gen ,Intel Core i3 Processor (11th Gen)8 GB DDR4 RAMWindows 10 Operating System256 GB SSD35.56 cm (14 inch) Display1 year domestic,laptops,33990,2.1,4.0,Mid-range
ASUS AMD Ryzen 5 Quad Core ,AMD Ryzen 5 Quad Core Processor16 GB DDR4 RAMWindows 11 Operating System512 GB SSD35.56 cm (14 inch) Display1 Year Warranty,laptops,42990,4.9,0.0,Mid-range
HP 15q Intel Core i5 7th Gen 7200U ,"Intel Core i5 Processor (7th Gen)8 GB DDR4 RAM64 bit Windows 10 Operating System1 TB HDD39.62 cm (15.6 inch) DisplayHP Audio Switch, HP Support Assistant, Microsoft Office Home and Student 20161 Year Onsite Warranty",laptops,41990,1.5,228.0,Mid-range
HP Intel Core N N200 ,Intel Core N Processor8 GB LPDDR5 RAMChrome Operating System35.56 cm (14 Inch) Touchscreen Display1 Year Onsite Warranty,laptops,38990,1.9,0.0,Mid-range
Infinix X1 Slim Series Intel Core i5 10th Gen 1035G1 ,Intel Core i5 Processor (10th Gen)16 GB LPDDR4X RAM64 bit Windows 11 Operating System512 GB SSD35.56 cm (14 Inch) DisplayNA1 Year Onsite Warranty,laptops,47701,4.0,124.0,Mid-range
ASUS Vivobook 16 Intel Core i5 12th Gen 12500H ,Intel Core i5 Processor (12th Gen)16 GB DDR4 RAMWindows 11 Operating System512 GB SSD40.64 cm (16 Inch) Display1 Year Onsite Warranty,laptops,52990,4.8,0.0,Mid-range
HP 14s Intel Core i3 11th Gen ,"Intel Core i3 Processor (11th Gen)8 GB DDR4 RAM64 bit Windows 11 Operating System256 GB SSD35.56 cm (14 inch) DisplayMicrosoft Office Home & Student 2019, HP Documentation, HP SSRM, HP Smart, HP Support Assistant1 Year Onsite Warranty",laptops,33990,2.8,196.0,Mid-range
HP 15s AMD Athlon Dual Core 3050U ,AMD Athlon Dual Core Processor8 GB DDR4 RAMWindows 11 Operating System512 GB SSD39.62 cm (15.6 Inch) Display1 Year Onsite Warranty,laptops,31690,1.9,293.0,Mid-range
HP Intel Core 3 100U ,Intel Core 3 Processor8 GB DDR4 RAMWindows 11 Operating System512 GB SSD39.62 cm (15.6 inch) Display1 Year Onsite Warranty,laptops,46990,4.9,0.0,Mid-range
Lenovo Legion Pro 5 AMD Ryzen 9 16 Core 7945HX ,AMD Ryzen 9 16 Core Processor32 GB DDR5 RAMWindows 11 Operating System1 TB SSD40.64 cm (16 Inch) Display1 Year Onsite Warranty,laptops,201190,1.4,0.0,Premium
Apple MacBook Pro Apple M3 Max ,"Apple M3 Max Processor36 GB Unified Memory RAMMac OS Operating System1 TB SSD40.64 cm (16 Inch) DisplayBuilt-in Apps- App Store, Books, Calendar, Contacts, FaceTime, Find My, Freeform, GarageBand, Home, iMovie, Keynote, Mail, Maps, Messages, Music, Notes, Numbers, Pages, Photo Booth, Photos, Podcasts, Preview, QuickTime Player, Reminders, Safari, Shortcuts, Siri, Stocks, Time Machine, TV, Voice Memos1 Year Limited Warranty",laptops,328990,2.6,0.0,Premium
HP Victus Intel Core i5 12th Gen 12450H ,Intel Core i5 Processor (12th Gen)16 GB DDR4 RAMWindows 11 Operating System512 GB SSD39.62 cm (15.6 inch) Display1 Year Onsite warranty,laptops,63990,2.3,7.0,Premium
MICROSOFT Surface Laptop (7th Edition) AI PC Qualcomm Snapdragon X Elite ,Qualcomm Snapdragon X Elite Processor16 GB LPDDR5X RAMWindows 11 Operating System256 GB SSD38.1 cm (15 Inch) Touchscreen Display1 Year Onsite Warranty,laptops,139990,2.0,0.0,Premium
HP Backlit Intel Core i5 12th Gen 1235U ,Intel Core i5 Processor (12th Gen)8 GB DDR4 RAM64 bit Windows 11 Operating System512 GB SSD39.62 cm (15.6 Inch) Display1 Year Onsite Warranty,laptops,46990,1.5,196.0,Mid-range
Acer Nitro V AMD Ryzen 5 Hexa Core 7535HS ,AMD Ryzen 5 Hexa Core Processor16 GB DDR5 RAMWindows 11 Operating System512 GB SSD39.62 cm (15.6 Inch) Display1 Year International Travelers Warranty (ITW),laptops,56990,1.2,5.0,Premium
Whirlpool 9 kg,1400 rpm Max Speed5 Star Rating4 Years Comprehensive warranty on Product 10 Years on wash motor 4 Years on Spin motor,washing machine,13990,5.0,1340.0,Economic
Thomson 9 kg,1400 RPM Max Speed2 Years Warranty on Product and 5 Years Warranty on Motor,washing machine,9290,2.9,1149.0,Economic
ONIDA 9 kg,"780 rpm Max Speed1 Year Comprehensive Warranty on Product, 7 Years Warranty on Motor",washing machine,6490,1.7,3033.0,Economic
MOTOROLA 8.5 kg,1350 rpm Max Speed5 Star Rating2 Years Warranty on Product and 5 Years Warranty on Wash Motor,washing machine,9690,4.6,292.0,Economic
LG 8 kg,1350 RPM Max Speed5 Star Rating2 Years Comprehensive and 5 Years on Motor From LG,washing machine,13999,3.7,173.0,Economic
Midea 6 kg,1000 rpm Max Speed5 Star RatingWith In-Built Heater2 Years Warranty on Product and 10 Years on motor,washing machine,17990,1.9,76.0,Economic
Whirlpool 7.5 kg,740 rpm Max Speed5 Star RatingWith In-Built Heater2 Years Comprehensive Warranty on Product and 10 Years Additional Warranty on Motor and Prime Mover,washing machine,17080,1.5,177.0,Economic
MOTOROLA 7.5 kg,1350 rpm Max Speed5 Star Rating2 Year Comprehensive Warranty on Product and 5 Years Warranty on Motor.,washing machine,8290,4.9,292.0,Economic
Haier 7 kg,"1300 RPM Max Speed5 Star Rating2 Years Comprehensive Warranty on Product, 5 Years Warranty on Wash Motor & Spin Motor from Haier",washing machine,9990,4.9,99.0,Economic
Thomson 7.5 kg,720 rpm Max Speed2 Years Warranty on Product and 5 Years on Motor,washing machine,13990,1.8,67.0,Economic
Midea 6.5 kg,1350 rpm Max Speed2 Years Warranty on Product and 5 Years Warranty on Wash Motor,washing machine,6790,4.2,4.0,Economic
Whirlpool 9 kg,1400 rpm Max Speed5 Star Rating2 Years Comprehensive Warranty on Product and 10 Years Warranty on Wash Motor and Prime Mover,washing machine,14449,5.0,13.0,Economic
Whirlpool 7.5 kg,740 rpm Max Speed5 Star RatingWith In-Built Heater2 Years Comprehensive Warranty on Product and 8 Years Additional Warranty on Motor and Prime Mover,washing machine,17999,4.1,1437.0,Economic
BOSCH 7 kg,680 rpm Max Speed5 Star Rating2 Years Comprehensive Warranty on Product and 10 Years Warranty on Motor from Bosch,washing machine,21095,2.3,0.0,Mid-range
LG 6 kg,1000 rpm Max Speed5 Star RatingWith In-Built Heater2 Years Comprehensive Warranty on Product and 10 Years on Motor,washing machine,24990,4.7,86.0,Mid-range
Whirlpool 8 kg,"1400 RPM Max Speed5 Star Rating2 Years Comprehensive Warranty and 5 Years Warranty on Wash Motor, Spin motor and Prime Mover from Whirlpool",washing machine,12490,3.6,13.0,Economic
Voltas Beko by A Tata Product 6.5 kg,1200 rpm Max Speed5 Star RatingWith In-Built Heater3 Years Comprehensive Warranty on Product and 12 Years Warranty on Motor,washing machine,23990,3.7,97.0,Mid-range
BOSCH 7 kg,680 rpm Max Speed5 Star Rating2 Years Warranty on Product and 10 Years on Motor,washing machine,18490,4.0,121.0,Economic
Lloyd by Havells 8 kg,1300 rpm Max Speed5 Star Rating2 Years Comprehensive Warranty on Product and 5 Years Warranty on Wash Motor,washing machine,10990,2.9,101.0,Economic
SAMSUNG 8 kg,"700 rpm Max Speed5 Star Rating2 years comprehensive warranty on the product, 20 years warranty on the DIT Motor",washing machine,23190,2.6,11.0,Mid-range
Whirlpool 8 kg,"1400 rpm Max Speed2 Years Comprehensive Warranty and 5 Years Warranty on Wash Motor, Spin motor and Prime Mover from Whirlpool",washing machine,12049,5.0,641.0,Economic
MarQ by Flipkart 8.5 kg,700 rpm Max Speed2 Years Comprehensive Warranty and 5 Years Warranty on Motor from MarQ,washing machine,21490,1.7,207.0,Mid-range
ONIDA 7.5 kg,"1350 rpm Max Speed5 Star Rating2 Years Comprehensive Warranty on Product, 7 Years Warranty on Motor",washing machine,9490,2.1,925.0,Economic
SAMSUNG 6.5 kg,"680 rpm Max Speed3 Star RatingFor all Fully Automatic Washing Machines with Digital Inverter Motors, sold on or after 1st Dec 2022 (All Fully Automatic Front Load Washing Machine and Top Load Washing Machine) the Warranty period on the Digital Inverter Motor shall be revised from 10 years to 20 years and Comprehensive Product Warranty shall be revised from 3 years to 2 years.",washing machine,14790,1.3,4605.0,Economic
Voltas Beko by A Tata Product 9 kg,700 rpm Max Speed5 Star Rating3 Years Comprehensive and Additional 9 Years On Motor from Voltas Beko,washing machine,19749,4.5,3.0,Economic
Haier 6.5 kg,"1300 RPM Max Speed2 Years Comprehensive Warranty on Product, 5 Years Warranty on Wash Motor & Spin Motor from Haier",washing machine,9990,3.7,78.0,Economic
SAMSUNG 8 kg,"700 RPM Max Speed5 Star Rating3 Years warranty on product, 12 Years warranty on Digital Inverter Motor",washing machine,21490,3.4,8.0,Mid-range
Lloyd by Havells 8.5 kg,"1300 rpm Max Speed5 Star Rating2 Years Warranty on Product, 5 Years Warranty on Motor",washing machine,14990,1.6,163.0,Economic
SAMSUNG 8/6 kg,"1400 rpm Max SpeedWith Wi-Fi Connectivity2 years comprehensive warranty on the product, 20 years warranty on the DIT Motor",washing machine,51990,2.4,30.0,Premium
Haier 8.5 kg,"1300 RPM Max Speed5 Star Rating2 years on the product, 5 years on the motor",washing machine,13999,4.8,7.0,Economic
Whirlpool 9.5 kg,1400 RPM Max Speed5 Star Rating2 Years Comprehensive Warranty on Product and 10 Years on Wash Motor and Prime Mover from Whirlpool,washing machine,16149,4.2,0.0,Economic
Whirlpool 7.5 kg,"1400 RPM Max Speed5 Star Rating2 Years Comprehensive Warranty and 5 Years Warranty on Wash Motor, Spin motor and Prime Mover from Whirlpool",washing machine,10590,1.1,1.0,Economic
IFB 6 kg,"1000 rpm Max Speed5 Star RatingWith In-Built Heater4 Years Warranty on Product, 10 Years on Motor and 10 Years on Spare Part Support",washing machine,21490,1.3,7.0,Mid-range
IFB 9 kg,"720 RPM Max Speed5 Star RatingWith In-Built Heater4 Years Comprehensive Warranty, 10 Years Warranty on Motor and 10 Years Warranty on Spares Support.",washing machine,33180,2.3,0.0,Mid-range
Godrej 7 kg,1200 rpm Max SpeedWith In-Built Heater2 Years Warranty on Product and 10 Years on Motor,washing machine,27990,2.9,1.0,Mid-range
White Westinghouse (Trademark by Electrolux) 7.5 kg,"1300 rpm Max Speed1 Year Comprehensive Warranty on Product, 5 Years Warranty on Motor",washing machine,5290,3.8,5.0,Economic
Lloyd by Havells 7 kg,600 rpm Max Speed2 Years Comprehensive Warranty and 5 Years on Motor from Lloyd,washing machine,10849,4.4,2.0,Economic
SAMSUNG 9 kg,1400 rpm Max Speed5 Star RatingWith In-Built Heater2 Years Warranty on Product and 20 Years Warranty on Digital Inverter Motor,washing machine,37420,4.6,0.0,Mid-range
LG 8 kg,700 rpm Max Speed5 Star Rating2 Years Comprehensive and 10 Years on Motor from LG,washing machine,27783,3.9,227.0,Mid-range
Lloyd by Havells 8 kg,"1300 RPM Max Speed5 Star Rating2 years on product, 5 years on motor",washing machine,13994,5.0,5.0,Economic
Voltas Beko by A Tata Product 7.5 kg,1350 RPM Max Speed5 Star Rating2 years comprehensive + additional 3 years on wash and spin motor,washing machine,11950,3.5,0.0,Economic
Lloyd by Havells 8 kg,750 rpm Max Speed5 Star Rating2 Years Warranty on Product and 5 Years on Motor,washing machine,13961,1.3,0.0,Economic
MOTOROLA 8 kg,1400 rpm Max Speed5 Star RatingWith In-Built Heater2 Year Comprehensive Warranty and 10 Years Warranty on Wash Motor from MOTOROLA,washing machine,21990,4.2,144.0,Mid-range
Godrej 7.2 kg,340 RPM Max Speed5 Year Warranty on Wash Motor and 2 year Warranty on Entire Washing Machine,washing machine,11299,4.6,1.0,Economic
Haier 7.5 kg,800 RPM Max Speed5 Star RatingWith In-Built Heater5 Years Comprehensive Warranty on Product and 12 Years Warranty on Motor from Haier,washing machine,23490,3.6,2377.0,Mid-range
SAMSUNG 8 kg,"1400 rpm Max Speed5 Star RatingWith In-Built HeaterWith Wi-Fi Connectivity2 years comprehensive warranty on the product, 20 years warranty on the DIT Motor",washing machine,37990,5.0,1.0,Mid-range
LG 7 kg,700 RPM Max Speed5 Star Rating2 Years Comprehensive Warranty and 10 Years Warranty on Motor from LG,washing machine,21981,1.7,0.0,Mid-range
Lloyd by Havells 8 kg,"1300 RPM Max Speed5 Star Rating2 years on product, 5 years on motor",washing machine,13985,1.6,0.0,Economic
BOSCH 8 kg,1200 RPM Max Speed5 Star RatingWith In-Built Heater2 Years on Product and 12 Years on Motor from Bosch,washing machine,37420,1.3,2.0,Mid-range
LG 10 kg,1400 RPM Max SpeedWith In-Built Heater2 Years Warranty on Product and 10 Years on Motor,washing machine,49800,1.9,0.0,Mid-range
DMR 6.5 kg,700 RPM Max Speed1 Year Free Spare Supply Warranty,washing machine,8000,2.7,5.0,Economic
Godrej 7 kg,700 rpm Max Speed1 Year Comprehensive Warranty and 10 Years Warranty on Motor from Godrej,washing machine,15249,2.2,441.0,Economic
SAMSUNG 9 kg,"1400 rpm Max Speed5 Star RatingWith In-Built HeaterWith Wi-Fi Connectivity2 years comprehensive warranty on the product, 20 years warranty on the DIT Motor",washing machine,40990,1.3,1011.0,Mid-range
IFB 9 kg,"1400 RPM Max Speed5 Star RatingWith In-Built HeaterWith Wi-Fi Connectivity4 Years Comprehensive Warranty on Product, 10 Years Warranty on Motor, 10 Years Spares Support",washing machine,42790,3.7,0.0,Mid-range
Godrej 7 kg,720 RPM Max Speed5 Star Rating2 Years Complete,washing machine,17090,4.4,0.0,Economic
Whirlpool 8 kg,1400 RPM Max Speed5 Star RatingWith In-Built Heater10 Years Warranty on Motor,washing machine,39159,1.9,0.0,Mid-range
Sharp 9 kg,700 rpm Max Speed5 Star Rating2 Years Warranty on Product and 10 Years Warranty on Motor,washing machine,19990,1.3,0.0,Mid-range
SAMSUNG 7.5 Kg,"1300 rpm Max Speed5 Star Rating2 years on product, 2 years on motor (T&C Apply)",washing machine,14990,3.7,1.0,Economic
Kelvinator 8 kg,1450 RPM Max Speed5 Star Rating1 Years Warranty on Product,washing machine,12990,4.4,0.0,Economic
TOSHIBA 7 kg,1200 rpm Max SpeedWith In-Built Heater2 Years Warranty on Product and 10 Years on Motor,washing machine,29900,2.2,0.0,Mid-range
TOSHIBA 7.5 kg,1200 rpm Max SpeedWith In-Built Heater2 Years Warranty on Product and 10 Years on Motor,washing machine,48990,3.5,0.0,Premium
SAMSUNG 12 kg,"1400 RPM Max Speed5 Star RatingWith Wi-Fi Connectivity2 years comprehensive warranty on the product, 20 years warranty on the DIT Motor",washing machine,56000,1.1,78.0,Premium
