Product_Name,Product_Description,Product_Type,Price,Ratings,No_of_reviews,Predicted_Category
vivo T3 5G ,8 GB RAM | 128 GB ROM16.94 cm (6.67 inch) Full HD+ Display50MP + 2MP | 16MP Front Camera5000 mAh BatteryDimensity 7200 Processor1 Year Manufacturer Warranty for Device and 6 Months Manufacturer Warranty for Inbox Accessories,Android mobile,18499,4.9,4064.0,Economic
vivo T3 Lite 5G ,4 GB RAM | 128 GB ROM | Expandable Upto 1 TB16.66 cm (6.56 inch) Display50MP + 2MP | 8MP Front Camera5000 mAh BatteryDimensity 6300 Processor1 Year Manufacturer Warranty for Device and 6 Months Manufacturer Warranty for Inbox Accessories,Android mobile,10499,2.6,840.0,Economic
Infinix GT 20 Pro ,12 GB RAM | 256 GB ROM17.22 cm (6.78 inch) Full HD+ Display108MP (OIS) + 2MP + 2MP | 32MP Front Camera5000 mAh BatteryDimensity 8200 Ultimate Processor1 Year Warranty,Android mobile,24999,2.4,296.0,Mid-range
Infinix Note 40X 5G ,8 GB RAM | 256 GB ROM | Expandable Upto 1 TB17.22 cm (6.78 inch) Full HD+ Display108MP + 2MP + AI Lens | 8MP Front Camera5000 mAh Lithium-ion Polymer BatteryDimensity 6300 Processor1 Year Warranty on Handset and 6 Months Warranty on Accessories,Android mobile,13999,2.2,73.0,Economic
Motorola Edge 50 Neo ,8 GB RAM | 256 GB ROM16.26 cm (6.4 inch) Super HD Display50MP + 13MP + 10MP | 32MP Front Camera4310 mAh BatteryDimensity 7300 Processor1 Year Warranty on Handset and 6 Months Warranty on Accessories,Android mobile,23999,3.1,346.0,Mid-range
Infinix Hot 50 5G ,8 GB RAM | 128 GB ROM | Expandable Upto 1 TB17.02 cm (6.7 inch) HD+ Display48MP + Depth Sensor | 8MP Front Camera5000 mAh Lithium-ion Polymer BatteryDimensity 6300 Processor1 Year Warranty on Handset and 6 Months Warranty on Accessories,Android mobile,10999,2.8,102.0,Economic
Tecno Spark Go 1 ,4 GB RAM | 64 GB ROM | Expandable Upto 1 TB16.94 cm (6.67 inch) HD+ Display13MP Rear Camera | 8MP Front Camera5000 mAh BatteryUnisoc T616 Ocra Core Processor1 year Manufacturer Warranty,Android mobile,7499,4.4,34.0,Economic
POCO M6 Plus 5G ,6 GB RAM | 128 GB ROM | Expandable Upto 1 TB17.25 cm (6.79 inch) Full HD+ Display108MP + 2MP | 13MP Front Camera5030 mAh BatterySnapdragon 4 Gen2 AE Processor1 Year Manufacturer Warranty for Phone and 6 Months Warranty for In the Box Accessories,Android mobile,11499,1.3,480.0,Economic
REDMI Note 13 Pro 5G ,8 GB RAM | 128 GB ROM16.94 cm (6.67 inch) Display200MP (OIS) + 8MP + 2MP | 16MP Front Camera5100 mAh Battery7s Gen 2 Mobile Platform 5G Processor1 Year Manufacturer Warranty for Phone and 6 Months Warranty for In the Box Accessories,Android mobile,22999,3.7,1791.0,Mid-range
SAMSUNG Galaxy A14 5G ,6 GB RAM | 128 GB ROM | Expandable Upto 1 TB16.76 cm (6.6 inch) Full HD+ Display50MP + 2MP + 2MP | 13MP Front Camera5000 mAh Lithium Ion BatteryExynos 1330 Processor1 Year Manufacturer Warranty for Device and 6 Months Manufacturer Warranty for In-Box Accessories,Android mobile,10999,1.2,1060.0,Economic
realme 12 Pro+ 5G ,8 GB RAM | 256 GB ROM17.02 cm (6.7 inch) Full HD+ Display50MP + 8MP + 64MP | 32MP Front Camera5000 mAh BatterySnapdragon 7s Gen 2 Processor1 Year Manufacturer Warranty for Device and 6 Months Manufacturer Warranty for Inbox Accessories,Android mobile,31999,4.5,2656.0,Mid-range
SAMSUNG Galaxy A14 5G ,6 GB RAM | 128 GB ROM | Expandable Upto 1 TB16.76 cm (6.6 inch) Full HD+ Display50MP + 2MP + 2MP | 13MP Front Camera5000 mAh Lithium Ion BatteryExynos 1330 Processor1 Year Manufacturer Warranty for Device and 6 Months Manufacturer Warranty for In-Box Accessories,Android mobile,10999,3.6,1060.0,Economic
Nothing Phone ,8 GB RAM | 128 GB ROM17.02 cm (6.7 inch) Full HD+ Display50MP (OIS) + 50MP | 32MP Front Camera5000 mAh BatteryDimensity 7200 Pro Processor1 Year Manufacturing Warranty,Android mobile,22999,4.3,5294.0,Mid-range
REDMI 13C 5G ,8 GB RAM | 256 GB ROM | Expandable Upto 1 TB17.12 cm (6.74 inch) HD+ Display50MP Rear Camera | 5MP Front Camera5000 mAh BatteryMediatek Dimensity 6100+ Processor1 Year Manufacturer Warranty for Phone and 6 Months Warranty for In the Box Accessories,Android mobile,13499,1.3,312.0,Economic
REDMI Note 13 5G ,6 GB RAM | 128 GB ROM | Expandable Upto 1 TB16.94 cm (6.67 inch) Full HD+ Display108MP + 2MP | 16MP Front Camera5000 mAh BatteryDimensity 6080 Processor1 Year Manufacturer Warranty for Phone and 6 Months Warranty for In the Box Accessories,Android mobile,14483,2.4,1056.0,Economic
realme NARZO N63 ,4 GB RAM | 64 GB ROM17.12 cm (6.74 inch) Display50MP Rear Camera5000 mAh Battery1 year manufacture warranty,Android mobile,7690,4.8,31.0,Economic
OnePlus Nord CE4 lite 5G ,8 GB RAM | 128 GB ROM16.94 cm (6.67 inch) Display50MP Rear Camera5500 mAh Battery1 year,Android mobile,18165,2.9,135.0,Economic
Infinix HOT 12 Play ,4 GB RAM | 64 GB ROM | Expandable Upto 256 GB17.32 cm (6.82 inch) HD+ Display13MP + Depth Lens | 8MP Front Camera6000 mAh Li-ion Polymer BatteryUnisoc T610 Processor1 Year on Handset And 6 Months on Accessories,Android mobile,5849,3.4,8456.0,Economic
SAMSUNG galaxy M15 5G ,8 GB RAM | 128 GB ROM16.51 cm (6.5 inch) Display50MP Rear Camera6000 mAh BatteryMediaTek ProcessorDomestic Warranty Of 1 Year For Handset And 6 Month For Accessories.,Android mobile,14299,3.2,1.0,Economic
POCO C65 ,8 GB RAM | 256 GB ROM | Expandable Upto 1 TB17.12 cm (6.74 inch) HD+ Display50MP + AI Lens + 2MP | 8MP Front Camera5000 mAh BatteryHelio G85 Processor1 Year Manufacturer Warranty for Phone and 6 Months Warranty for in the Box Accessories,Android mobile,9499,1.2,633.0,Economic
realme 13 Pro 5G ,12 GB RAM | 512 GB ROM17.02 cm (6.7 inch) Full HD+ Display50MP + 8MP + 2MP | 32MP Front Camera5200 mAh BatterySnapdragon 7s Gen2 Processor1 Year Manufacturer Warranty for Device and 6 Months Manufacturer Warranty for Inbox Accessories,Android mobile,29999,3.9,21.0,Mid-range
POCO F6 5G ,12 GB RAM | 256 GB ROM16.94 cm (6.67 inch) Display50MP (OIS) + 8MP | 20MP Front Camera5000 mAh Battery8s Gen3 Processor1 Year Manufacturer Warranty for Phone and 6 Months Warranty for In the Box Accessories,Android mobile,25999,3.7,341.0,Mid-range
realme 13 Pro 5G ,8 GB RAM | 128 GB ROM17.02 cm (6.7 inch) Full HD+ Display50MP + 8MP + 2MP | 32MP Front Camera5200 mAh BatterySnapdragon 7s Gen2 Processor1 Year Manufacturer Warranty for Device and 6 Months Manufacturer Warranty for Inbox Accessories,Android mobile,24999,2.7,232.0,Mid-range
realme Narzo N63 4G ,4 GB RAM | 64 GB ROM17.12 cm (6.74 inch) Display50MP Rear Camera5000 mAh BatteryDomestic Warranty  1 year for handset and 6 months for accessories.,Android mobile,7812,4.3,53.0,Economic
realme 70 TURBO 5G ,8 GB RAM | 128 GB ROM16.94 cm (6.67 inch) Full HD+ Display50MP Rear Camera5000 mAh BatterySegment's Fastest Dimensity 7300 Energy 5G Chipset Processor12 Months Brand warranty,Android mobile,17118,4.1,2.0,Economic
Motorola g31 ,4 GB RAM | 64 GB ROM | Expandable Upto 1 TB16.26 cm (6.4 inch) Full HD+ Display50MP + 8MP + 2MP | 13MP Front Camera5000 mAh LiPo BatteryMediatek Helio G85 Processor1 Year on Handset and 6 Months on Accessories,Android mobile,8399,3.9,4449.0,Economic
OPPO Reno 12 Pro 5G ,12 GB RAM | 256 GB ROM | Expandable Upto 1 TB17.02 cm (6.7 inch) Full HD+ Display50MP + 8MP + 50MP | 50MP Front Camera5000 mAh BatteryDimensity 7300 Energy Processor1 Year Manufacturer Warranty for Device and 6 Months Manufacturer Warranty for Inbox Accessories,Android mobile,36999,1.4,165.0,Mid-range
SAMSUNG Galaxy A15 5G ,6 GB RAM | 128 GB ROM | Expandable Upto 1 TB16.51 cm (6.5 inch) Full HD+ Display50MP + 5MP + 2MP | 13MP Front Camera5000 mAh BatteryDimensity 6100+ Processor1 Year Manufacturer Warranty for Device and 6 Months for In-Box Accessories,Android mobile,17999,3.3,37.0,Economic
vivo T2 Pro 5G ,8 GB RAM | 256 GB ROM17.22 cm (6.78 inch) Full HD+ Display64MP + 2MP | 16MP Front Camera4600 mAh BatteryDimensity 7200 Processor1 Year Manufacturer Warranty for Phone and 6 Months Warranty for In the Box Accessories,Android mobile,23999,4.1,9035.0,Mid-range
realme C51 ,4 GB RAM | 64 GB ROM | Expandable Upto 2 TB17.12 cm (6.74 inch) HD Display50MP + 0.08MP | 5MP Front Camera5000 mAh BatteryT612 Processor1 Year Manufacturer Warranty for Phone and 6 Months Warranty for In the Box Accessories,Android mobile,6299,4.6,3744.0,Economic
vivo Y18 ,4 GB RAM | 128 GB ROM | Expandable Upto 1 TB16.66 cm (6.56 inch) Display50MP + 0.08MP | 8MP Front Camera5000 mAh BatteryHelios G85 Processor1 Year Manufacturer Warranty for Device and 6 Months Manufacturer Warranty for Inbox Accessories,Android mobile,9499,2.1,35.0,Economic
SAMSUNG Galaxy M14 5G ,6 GB RAM | 128 GB ROM16.76 cm (6.6 inch) Display50MP Rear Camera6000 mAh Battery1 year,Android mobile,15998,1.2,1578.0,Economic
vivo T2x 5G ,6 GB RAM | 128 GB ROM16.71 cm (6.58 inch) Full HD+ Display50MP + 2MP | 8MP Front Camera5000 mAh BatteryMediatek Dimensity 6020 Processor1 Year of Device & 6 Months for Inbox Accessories,Android mobile,12999,4.2,23617.0,Economic
Infinix Zero 40 5G ,12 GB RAM | 256 GB ROM17.22 cm (6.78 inch) Full HD+ Display108MP + 50MP + 2MP | 50MP Front Camera5000 mAh Lithium-ion Polymer BatteryDimensity 8200 Ultimate Processor1 Year Warranty on Handset and 6 Months Warranty on Accessories,Android mobile,27999,4.2,39.0,Mid-range
realme C55 ,4 GB RAM | 64 GB ROM | Expandable Upto 1 TB17.07 cm (6.72 inch) Full HD+ Display64MP + 2MP | 8MP Front Camera5000 mAh BatteryHelio G88 Processor1 Year Manufacturer Warranty for Phone and 6 Months Warranty for In the Box Accessories,Android mobile,7699,3.7,6275.0,Economic
OnePlus Nord 4 5G ,8 GB RAM | 256 GB ROM17.12 cm (6.74 inch) Display50MP Rear Camera5500 mAh Battery1 Year,Android mobile,30510,4.3,9.0,Mid-range
LAVA O2 ,8 GB RAM | 128 GB ROM16.51 cm (6.5 inch) Display50MP Rear Camera5000 mAh Battery1 Year Manufacturer Warranty for Phone and 6 Months Warranty for In the Box Accessories,Android mobile,7999,2.3,16.0,Economic
IQOO Z9 LITE 5G ,6 GB RAM | 128 GB ROM16.66 cm (6.56 inch) Display50MP Rear Camera5000 mAh Battery1 YEAR,Android mobile,12049,2.7,26.0,Economic
POCO M6 5G ,6 GB RAM | 128 GB ROM | Expandable Upto 1 TB17.12 cm (6.74 inch) HD+ Display50MP Rear Camera | 5MP Front Camera5000 mAh BatteryMediatek Dimensity 6100+ Processor1 Year Manufacturer Warranty for Phone and 6 Months Warranty for In the Box Accessories,Android mobile,9799,4.5,1785.0,Economic
OnePlus Nord 4 5G ,12 GB RAM | 256 GB ROM17.12 cm (6.74 inch) Display50MP Rear Camera5500 mAh Battery1 Year,Android mobile,35199,1.6,1.0,Mid-range
REDMI A3X ,4 GB RAM | 128 GB ROM | Expandable Upto 1 TB17.04 cm (6.71 inch) HD+ Display8MP Rear Camera | 5MP Front Camera5000 mAh Battery1 Year Manufacturer Warranty for Phone and 6 Months Warranty for In the Box Accessories,Android mobile,7999,1.8,2.0,Economic
REDMI A3X ,4 GB RAM | 128 GB ROM | Expandable Upto 1 TB17.04 cm (6.71 inch) HD+ Display8MP Rear Camera | 5MP Front Camera5000 mAh Battery1 Year Manufacturer Warranty for Phone and 6 Months Warranty for In the Box Accessories,Android mobile,7999,3.8,2.0,Economic
OnePlus 11R 5G ,8 GB RAM | 128 GB ROM17.02 cm (6.7 inch) Display50MP Rear Camera5000 mAh BatteryDomestic warranty of 12 months on phone & 6 months on accessories,Android mobile,31400,2.3,655.0,Mid-range
Xiaomi 14 CIVI ,12 GB RAM | 512 GB ROM16.64 cm (6.55 inch) Display50MP Rear Camera | 32MP + 32MP Dual Front Camera4700 mAh Battery8s Gen 3 Mobile Platform Processor1 Year Manufacturer Warranty for Phone and 6 Months Warranty for In the Box Accessories,Android mobile,46999,1.7,37.0,Mid-range
Infinix Note 11 ,6 GB RAM | 128 GB ROM | Expandable Upto 512 GB17.02 cm (6.7 inch) Full HD+ AMOLED Display50 MP + 2 MP Depth Lens + AI Lens | 16MP Front Camera5000 mAh Li-ion Polymer BatteryMediatek Helio G88 Processor1 Year on Handset and 6 Months on Accessories,Android mobile,14499,1.4,1302.0,Economic
OnePlus Nord 3 5G ,8 GB RAM | 128 GB ROM17.12 cm (6.74 inch) Display50MP Rear Camera5000 mAh BatteryDomestic 1 Year of Device & 6 Months for In-Box Accessories,Android mobile,21990,4.7,1112.0,Economic
OPPO Reno 12 5G ,8 GB RAM | 256 GB ROM | Expandable Upto 1 TB17.02 cm (6.7 inch) Full HD+ Display50MP + 8MP + 2MP | 32MP Front Camera5000 mAh BatteryDimensity 7300 Energy Processor1 Year Manufacturer Warranty for Device and 6 Months Manufacturer Warranty for Inbox Accessories,Android mobile,32999,2.6,17.0,Mid-range
OPPO Reno 12 5G ,8 GB RAM | 256 GB ROM | Expandable Upto 1 TB17.02 cm (6.7 inch) Full HD+ Display50MP + 8MP + 2MP | 32MP Front Camera5000 mAh BatteryDimensity 7300 Energy Processor1 Year Manufacturer Warranty for Device and 6 Months Manufacturer Warranty for Inbox Accessories,Android mobile,32999,2.1,17.0,Mid-range
OnePlus 12 ,16 GB RAM | 512 GB ROM17.32 cm (6.82 inch) Display64MP Rear Camera5400 mAh Battery1 Year Brand Warranty,Android mobile,61999,2.0,101.0,Premium
realme P1 5G ,6 GB RAM | 128 GB ROM | Expandable Upto 2 TB16.94 cm (6.67 inch) Full HD+ Display50MP + 2MP | 16MP Front Camera5000 mAh BatteryDimensity 7050 Processor1 Year Manufacturer Warranty for Device and 6 Months Manufacturer Warranty for Inbox Accessories,Android mobile,13999,1.3,2631.0,Economic
OPPO A3x 5G ,4 GB RAM | 64 GB ROM | Expandable Upto 2 TB16.94 cm (6.67 inch) HD+ Display8MP Rear Camera | 5MP Front Camera5100 mAh BatteryDimensity 6300 Processor1 Year Manufacturer Warranty for Device and 6 Months Manufacturer Warranty for Inbox Accessories,Android mobile,12499,4.7,29.0,Economic
POCO C65 ,8 GB RAM | 256 GB ROM | Expandable Upto 1 TB17.12 cm (6.74 inch) HD+ Display50MP + AI Lens + 2MP | 8MP Front Camera5000 mAh BatteryHelio G85 Processor1 Year Manufacturer Warranty for Phone and 6 Months Warranty for in the Box Accessories,Android mobile,9499,2.7,633.0,Economic
OPPO A3 Pro 5G ,8 GB RAM | 256 GB ROM | Expandable Upto 1 TB16.94 cm (6.67 inch) Display50MP + 2MP | 8MP Front Camera5100 mAh BatteryDimensity 6300 5G Mobile Platform Processor1 Year Manufacturer Warranty for Device and 6 Months Manufacturer Warranty for Inbox Accessories,Android mobile,19999,4.3,43.0,Economic
realme 12 5G ,8 GB RAM | 128 GB ROM | Expandable Upto 2 TB17.07 cm (6.72 inch) Full HD+ Display108MP + 2MP | 8MP Front Camera5000 mAh BatteryDimensity 6100+ Processor1 Year Manufacturer Warranty for Device and 6 Months Manufacturer Warranty for Inbox Accessories,Android mobile,17999,4.3,119.0,Economic
POCO M6 5G ,4 GB RAM | 128 GB ROM | Expandable Upto 1 TB17.12 cm (6.74 inch) HD+ Display50MP Rear Camera | 5MP Front Camera5000 mAh BatteryMediatek Dimensity 6100+ Processor1 Year Manufacturer Warranty for Phone and 6 Months Warranty for In the Box Accessories,Android mobile,9249,2.3,3297.0,Economic
Xiaomi 11T Pro 5G Hyperphone ,8 GB RAM | 128 GB ROM16.94 cm (6.67 inch) Display108MP Rear Camera5000 mAh Battery1 Year,Android mobile,23999,1.3,88.0,Mid-range
OnePlus 12 ,12 GB RAM | 256 GB ROM17.32 cm (6.82 inch) Full HD+ AMOLED Display50MP Rear Camera5400 mAh BatteryQualcomm SM8650-AB Snapdragon 8 Gen 3 (4 nm) Processor1 Year manufacturer warranty for device and 1 year manufacturer warranty for in-box accessories including batteries from the date of purchase,Android mobile,56999,1.1,78.0,Mid-range
realme 13 5G ,8 GB RAM | 256 GB ROM | Expandable Upto 2 TB17.07 cm (6.72 inch) Full HD+ Display50MP + 2MP | 16MP Front Camera5000 mAh BatteryDimensity 6300 Processor1 Year Manufacturer Warranty for Device and 6 Months Manufacturer Warranty for Inbox Accessories,Android mobile,19999,3.1,21.0,Economic
Xiaomi 14 CIVI ,12 GB RAM | 512 GB ROM16.64 cm (6.55 inch) Display50MP Rear Camera | 32MP + 32MP Dual Front Camera4700 mAh Battery8s Gen 3 Mobile Platform Processor1 Year Manufacturer Warranty for Phone and 6 Months Warranty for In the Box Accessories,Android mobile,45999,3.3,37.0,Mid-range
Xiaomi 14 CIVI ,12 GB RAM | 512 GB ROM16.64 cm (6.55 inch) Display50MP Rear Camera | 32MP + 32MP Dual Front Camera4700 mAh Battery8s Gen 3 Mobile Platform Processor1 Year Manufacturer Warranty for Phone and 6 Months Warranty for In the Box Accessories,Android mobile,45999,3.9,37.0,Mid-range
realme Narzo N53 ,"8 GB RAM | 128 GB ROM17.12 cm (6.74 inch) HD+ Display50MP Rear Camera5000 mAh BatteryAndroid 13, Realme UI T ProcessorDomestic 1 Year on Handset and 6 Months on Accessories",Android mobile,10980,2.0,100.0,Economic
OPPO A59 5G ,6 GB RAM | 128 GB ROM | Expandable Upto 1 TB16.66 cm (6.56 inch) HD+ Display13MP + 2MP | 8MP Front Camera5000 mAh BatteryDimensity 6020 Processor1 Year Manufacturer Warranty for Phone and 6 Months Warranty for In the Box Accessories,Android mobile,14999,3.5,125.0,Economic
SAMSUNG Galaxy M04 ,4 GB RAM | 64 GB ROM16.51 cm (6.5 inch) HD+ Display13MP + 2MP | 5MP Front Camera5000 mAh BatteryMediaTek Helio P35 Processor1 year manufacturer warranty for device and 6 months manufacturer warranty for in-box accessories including batteries from the date of purchase,Android mobile,8999,2.0,688.0,Economic
OnePlus Nord CE 3 Lite 5G ,8 GB RAM | 128 GB ROM17.07 cm (6.72 inch) Display108MP Rear Camera5000 mAh BatteryDomestic Warranty of 12 months on phone & 6 months on accessories,Android mobile,15836,4.0,6406.0,Economic
vivo Y200 5G ,8 GB RAM | 256 GB ROM16.94 cm (6.67 inch) Full HD+ AMOLED Display64MP + 2MP | 16MP Front Camera4800 mAh Battery4 Gen 1 Processor1 Year Manufacturer Warranty for Device and 6 Months Manufacturer Warranty for Inbox Accessories,Android mobile,21970,3.2,204.0,Mid-range
Google Pixel 7 ,8 GB RAM | 128 GB ROM16.0 cm (6.3 inch) Full HD+ Display50MP + 12MP | 10.8MP Front Camera4270 mAh BatteryGoogle Tensor G2 Processor1 Year warranty,Android mobile,36999,3.7,1894.0,Mid-range
POCO M6 Pro 5G ,6 GB RAM | 128 GB ROM | Expandable Upto 1 TB17.25 cm (6.79 inch) Full HD+ Display50MP + 2MP | 8MP Front Camera5000 mAh BatterySnapdragon 4 Gen 2 Processor1 Year Manufacturer Warranty for Phone and 6 Months Warranty for In the Box Accessories,Android mobile,12999,3.5,8307.0,Economic
vivo X80 Pro ,12 GB RAM | 256 GB ROM17.22 cm (6.78 inch) Quad HD Display50MP + 48MP + 12MP + 8MP | 32MP Front Camera4700 mAh Lithium BatteryQualcomm Snapdragon 8 Gen 1 Mobile Platform Processor1 Year on Handset and 6 Months on Accessories,Android mobile,79999,4.0,189.0,Premium
REDMI Note 13 Pro 5G ,8 GB RAM | 128 GB ROM16.94 cm (6.67 inch) Display200MP (OIS) + 8MP + 2MP | 16MP Front Camera5100 mAh Battery7s Gen 2 Mobile Platform 5G Processor1 Year Manufacturer Warranty for Phone and 6 Months Warranty for In the Box Accessories,Android mobile,19149,4.5,1791.0,Economic
SAMSUNG Galaxy A04 ,4 GB RAM | 64 GB ROM | Expandable Upto 1 TB16.51 cm (6.5 inch) HD+ Display50MP + 2MP | 5MP Front Camera5000 mAh Lithium Ion BatteryMediatek Helio P35 Processor1 Year Manufacturer Warranty for Device and 6 Months Manufacturer Warranty for In-Box Accessories,Android mobile,8499,5.0,6.0,Economic
Apple iPhone 15 Pro ,"128 GB ROM15.49 cm (6.1 inch) Super Retina XDR Display48MP + 12MP + 12MP | 12MP Front CameraA17 Pro Chip, 6 Core Processor Processor1 Year Warranty for Phone and 6 Months Warranty for In-Box Accessories",iPhone,105999,1.5,109.0,Premium
Apple iPhone 15 Plus ,"256 GB ROM17.02 cm (6.7 inch) Super Retina XDR Display48MP + 12MP | 12MP Front CameraA16 Bionic Chip, 6 Core Processor Processor1 Year Warranty for Phone and 6 Months Warranty for In-Box Accessories",iPhone,75999,1.6,1307.0,Premium
Apple iPhone 15 Pro ,"256 GB ROM15.49 cm (6.1 inch) Super Retina XDR Display48MP + 12MP + 12MP | 12MP Front CameraA17 Pro Chip, 6 Core Processor Processor1 Year Warranty for Phone and 6 Months Warranty for In-Box Accessories",iPhone,115999,4.9,109.0,Premium
Apple iPhone 16 Pro ,"1 TB ROM16.0 cm (6.3 inch) Super Retina XDR Display48MP + 48MP + 12MP | 12MP Front CameraA18 Pro Chip, 6 Core Processor Processor1 Year Warranty for Phone and 6 Months Warranty for In-Box Accessories",iPhone,169900,1.5,7.0,Premium
Apple iPhone 13 ,128 GB ROM15.49 cm (6.1 inch) Super Retina XDR Display12MP + 12MP | 12MP Front CameraA15 Bionic Chip ProcessorBrand Warranty for 1 Year,iPhone,49900,2.9,13737.0,Mid-range
Apple iPhone 12 Pro ,"128 GB ROM15.49 cm (6.1 inch) Super Retina XDR Display12MP + 12MP + 12MP | 12MP Front CameraA14 Bionic Chip with Next Generation Neural Engine ProcessorCeramic Shield | Industry-leading IP68 Water ResistanceAll Screen OLED DisplayLiDAR Scanner for Improved AR Experiences, Night Mode PortraitsBrand Warranty for 1 Year",iPhone,109900,2.2,99.0,Premium
Apple iPhone SE 3rd Gen ,"128 GB ROM11.94 cm (4.7 inch) Retina HD Display12MP Rear Camera | 7MP Front CameraA15 Bionic Chip, 6 Core Processor ProcessorBrand Warranty of 1 Year",iPhone,52600,4.7,138.0,Mid-range
Apple iPhone SE ,"256 GB ROM11.94 cm (4.7 inch) Retina HD Display12MP Rear Camera | 7MP Front CameraA13 Bionic Chip with 3rd Gen Neural Engine ProcessorWater and Dust Resistant (1 meter for Upto 30 minutes, IP67)Fast Charge CapableWireless charging (Works with Qi Chargers | Qi Chargers are Sold SeparatelyBrand Warranty of 1 Year",iPhone,54900,3.9,12015.0,Mid-range
Apple iPhone 11 Pro Max ,512 GB ROM16.51 cm (6.5 inch) Super Retina XDR Display12MP + 12MP + 12MP | 12MP Front CameraA13 Bionic Chip ProcessorBrand Warranty for 1 Year,iPhone,150800,1.8,99.0,Premium
Apple iPhone 12 ,"128 GB ROM15.49 cm (6.1 inch) Super Retina XDR Display12MP + 12MP | 12MP Front CameraA14 Bionic Chip with Next Generation Neural Engine ProcessorCeramic ShieldIndustry-leading IP68 Water ResistanceAll Screen OLED Display12MP TrueDepth Front Camera with Night Mode, 4K Dolby Vision HDR RecordingBrand Warranty for 1 Year",iPhone,54900,1.0,13924.0,Mid-range
Apple iPhone 13 Pro Max ,1 TB ROM17.02 cm (6.7 inch) Super Retina XDR Display12MP + 12MP + 12MP | 12MP Front CameraA15 Bionic Chip ProcessorBrand Warranty for 1 Year,iPhone,179900,4.0,195.0,Premium
Apple iPhone 11 Pro ,512 GB ROM14.73 cm (5.8 inch) Super Retina XDR Display12MP + 12MP + 12MP | 12MP Front CameraA13 Bionic Chip ProcessorBrand Warranty for 1 Year,iPhone,140300,1.3,623.0,Premium
Apple iPhone XR ,64 GB ROM15.49 cm (6.1 inch) Display12MP Rear Camera | 7MP Front CameraA12 Bionic Chip ProcessoriOS 13 CompatibleBrand Warranty of 1 Year,iPhone,47900,3.2,8489.0,Mid-range
Apple iPhone 6s ,64 GB ROM11.94 cm (4.7 inch) Retina HD Display12MP Rear Camera | 5MP Front CameraA9 Chip with 64-bit Architecture and M9 Motion Co-processorBrand Warranty of 1 Year,iPhone,72000,4.5,9180.0,Premium
Apple iPhone XR ,256 GB ROM15.49 cm (6.1 inch) Display12MP Rear Camera | 7MP Front CameraA12 Bionic Chip ProcessorBrand Warranty of 1 Year,iPhone,91900,2.4,8489.0,Premium
Apple iPhone 15 Plus ,"256 GB ROM17.02 cm (6.7 inch) Super Retina XDR Display48MP + 12MP | 12MP Front CameraA16 Bionic Chip, 6 Core Processor Processor1 Year Warranty for Phone and 6 Months Warranty for In-Box Accessories",iPhone,75999,3.2,1307.0,Premium
Apple iPhone 13 Pro Max ,256 GB ROM17.02 cm (6.7 inch) Super Retina XDR Display12MP + 12MP + 12MP | 12MP Front CameraA15 Bionic Chip ProcessorBrand Warranty for 1 Year,iPhone,139900,4.7,195.0,Premium
Apple iPhone 7 Plus ,32 GB ROM13.94 cm (5.488 inch) Retina HD Display12MP + 12MP | 7MP Front CameraApple A10 Fusion 64-bit processor and Embedded M10 Motion Co-processoriOS 13 CompatibleBrand Warranty of 1 Year,iPhone,37900,1.9,2978.0,Mid-range
Apple iPhone 15 ,"512 GB ROM15.49 cm (6.1 inch) Super Retina XDR Display48MP + 12MP | 12MP Front CameraA16 Bionic Chip, 6 Core Processor Processor1 Year Warranty for Phone and 6 Months Warranty for In-Box Accessories",iPhone,87999,4.3,5245.0,Premium
Apple iPhone 13 Pro ,1 TB ROM15.49 cm (6.1 inch) Super Retina XDR Display12MP + 12MP + 12MP | 12MP Front CameraA15 Bionic Chip ProcessorBrand Warranty for 1 Year,iPhone,169900,1.4,127.0,Premium
Apple iPhone 13 Pro ,1 TB ROM15.49 cm (6.1 inch) Super Retina XDR Display12MP + 12MP + 12MP | 12MP Front CameraA15 Bionic Chip ProcessorBrand Warranty for 1 Year,iPhone,169900,1.4,127.0,Premium
Apple iPhone XS Max ,256 GB ROM16.51 cm (6.5 inch) Super Retina HD Display12MP + 12MP | 7MP Front CameraA12 Bionic Chip ProcessoriOS 13 Compatible1 Year Limited Warranty for Products and Accessories,iPhone,124900,4.4,146.0,Premium
Apple iPhone 12 mini ,"64 GB ROM13.72 cm (5.4 inch) Super Retina XDR Display12MP + 12MP | 12MP Front CameraA14 Bionic Chip with Next Generation Neural Engine ProcessorCeramic ShieldIndustry-leading IP68 Water ResistanceAll Screen OLED Display12MP TrueDepth Front Camera with Night Mode, 4K Dolby Vision HDR RecordingBrand Warranty for 1 Year",iPhone,59900,3.6,10202.0,Premium
Apple iPhone 13 Pro ,128 GB ROM15.49 cm (6.1 inch) Super Retina XDR Display12MP + 12MP + 12MP | 12MP Front CameraA15 Bionic Chip ProcessorBrand Warranty for 1 Year,iPhone,119900,2.4,127.0,Premium
Apple IPhone 4 ,8 GB ROM8.89 cm (3.5 inch) NA Display5MP Rear Camera | 0.3MP Front Camera1 Year Manufacturer Warranty,iPhone,22900,1.4,183.0,Mid-range
Apple iPhone 14 Pro Max ,"128 GB ROM17.02 cm (6.7 inch) Super Retina XDR Display48MP + 12MP + 12MP | 12MP Front CameraA16 Bionic Chip, 6 Core Processor Processor1 Year Warranty for Phone and 6 Months Warranty for In-Box Accessories",iPhone,134900,3.4,170.0,Premium
Apple iPhone 16 Pro ,"128 GB ROM16.0 cm (6.3 inch) Super Retina XDR Display48MP + 48MP + 12MP | 12MP Front CameraA18 Pro Chip, 6 Core Processor Processor1 Year Warranty for Phone and 6 Months Warranty for In-Box Accessories",iPhone,119900,2.7,7.0,Premium
Apple iPhone 12 Pro ,"256 GB ROM15.49 cm (6.1 inch) Super Retina XDR Display12MP + 12MP + 12MP | 12MP Front CameraA14 Bionic Chip with Next Generation Neural Engine ProcessorCeramic Shield | Industry-leading IP68 Water ResistanceAll Screen OLED DisplayLiDAR Scanner for Improved AR Experiences, Night Mode PortraitsBrand Warranty for 1 Year",iPhone,119900,2.5,99.0,Premium
Apple iPhone 5C ,8 GB ROM10.16 cm (4 inch) Retina Display8MP Rear Camera | 1.2MP Front CameraA6 Chip Processor1 Year Manufacturer Warranty,iPhone,14999,2.3,265.0,Economic
Apple iPhone 12 ,"64 GB ROM15.49 cm (6.1 inch) Super Retina XDR Display12MP + 12MP | 12MP Front CameraA14 Bionic Chip with Next Generation Neural Engine ProcessorCeramic ShieldIndustry-leading IP68 Water ResistanceAll Screen OLED Display12MP TrueDepth Front Camera with Night Mode, 4K Dolby Vision HDR RecordingBrand Warranty for 1 Year",iPhone,49900,2.9,13924.0,Mid-range
Apple iPhone 16 ,"512 GB ROM15.49 cm (6.1 inch) Super Retina XDR Display48MP + 12MP | 12MP Front CameraA18 Chip, 6 Core Processor Processor1 Year Warranty for Phone and 6 Months Warranty for In-Box Accessories",iPhone,109900,2.5,29.0,Premium
Apple iPhone XR ,64 GB ROM15.49 cm (6.1 inch) Display12MP Rear Camera | 7MP Front CameraA12 Bionic Chip ProcessoriOS 13 CompatibleBrand Warranty of 1 Year,iPhone,47900,4.1,8489.0,Mid-range
"SAMSUNG 291 L Frost Free Double Door 2 Star Convertible Refrigerator  with Curd Maestro, Convertible 5...",Digital Inverter CompressorBuilt-in Stabilizer1 Year Comprehensive Warranty on Product and 20 Years Warranty on Compressor,Fridge,31990,4.9,69.0,Mid-range
Whirlpool 235 L Frost Free Double Door 3 Star Convertible Refrigerator  with 5-in-1 Convertible Modes,"Inverter CompressorBuilt-in Stabilizer1 Year Comprehensive Warranty on Product, 9 Years Warranty on Compressor",Fridge,26290,1.5,54.0,Mid-range
Godrej 183 L Direct Cool Single Door 2 Star Refrigerator  with Jumbo Vegetable Tray and Toughened Glas...,Fixed Speed CompressorBuilt-in Stabilizer1 Year Comprehensive Warranty on Product and 10 Years Warranty on Compressor,Fridge,12990,4.7,367.0,Economic
Whirlpool 308 L Frost Free Double Door 3 Star Convertible Refrigerator  with 3 Star Convertible,Inverter CompressorBuilt-in Stabilizer1 Year Comprehensive Warranty on Product And 9 Years Warranty on Compressor,Fridge,33990,2.9,54.0,Mid-range
Voltas Beko by A Tata Product 228 L Frost Free Double Door 3 Star Refrigerator,Pro Smart Inverter CompressorBuilt-in Stabilizer1 Year Comprehensive Warranty on Product and 10 Years Warranty on Compressor,Fridge,21990,2.3,135.0,Mid-range
Whirlpool 192 L Direct Cool Single Door 5 Star Refrigerator,InverterBuilt-in Stabilizer1 Year Warranty on Product and 10 Years Warranty on Compressor,Fridge,17990,3.6,91.0,Economic
"IFB 197 L Direct Cool Single Door 5 Star Refrigerator with Base Drawer  with Powered by E-Tech, with E...",Inverter CompressorBuilt-in Stabilizer1 Year Warranty on Product and 10 Years Compressor Warranty,Fridge,17490,2.5,41.0,Economic
Haier 175 L Direct Cool Single Door 2 Star Refrigerator  with DEFT TechnologyLarge Vegetable Box,Normal CompressorBuilt-in Stabilizer1 Year Warranty on Product and 10 Years Warranty on Compressor,Fridge,11790,2.9,490.0,Economic
Haier 240 L Frost Free Double Door Top Mount 2 Star Refrigerator  with Convertible 5 in 1Turbo Icing,Normal CompressorBuilt-in Stabilizer2 Years Warranty on Product and 10 Years Warranty on Compressor,Fridge,21790,3.8,299.0,Economic
Godrej 183 L Direct Cool Single Door 2 Star Refrigerator  with Jumbo Vegetable Tray and Toughened Glas...,Fixed Speed CompressorBuilt-in Stabilizer1 Year Comprehensive Warranty on Product and 10 Years Warranty on Compressor,Fridge,12990,4.9,367.0,Economic
CANDY 268 L Frost Free Double Door 2 Star Convertible Refrigerator  with 5 in 1 Convertible model,Reciprocatory CompressorBuilt-in Stabilizer1 Year Warranty on Product and 10 Years on Compressor,Fridge,21990,1.7,46.0,Mid-range
Whirlpool 215 L Frost Free Triple Door Refrigerator,Normal CompressorBuilt-in Stabilizer1 Year Warranty on Product and 10 Years on Compressor from Whirlpool,Fridge,26290,3.1,89.0,Mid-range
Haier 235 L Direct Cool Single Door 2 Star Refrigerator  with DEFT TechnologyLarge Vegetable Space,Normal CompressorBuilt-in Stabilizer2 Years Warranty on Product and 10 Years Warranty on Compressor,Fridge,18790,2.9,0.0,Economic
Whirlpool 231 L Frost Free Double Door 2 Star Refrigerator,Reciprocating CompressorBuilt-in Stabilizer1 Year Comprehensive Warranty on Product and 9 Years Warranty on Compressor,Fridge,23777,1.4,493.0,Mid-range
Hisense 688 L Frost Free Side by Side Inverter Technology Star Refrigerator,ReciprocatingBuilt-in Stabilizer1 Year Warranty on Product and 10 Years Warranty on Compressor,Fridge,61990,2.4,1.0,Premium
Whirlpool 235 L Frost Free Double Door 2 Star Convertible Refrigerator  with 10-in-1 Convertible Modes,Inverter CompressorBuilt-in Stabilizer1 Year Comprehensive Warranty on Product and 9 Years Warranty on Compressor,Fridge,24890,3.2,4.0,Mid-range
Whirlpool 207 L Direct Cool Single Door 3 Star Refrigerator with Base Drawer,Non Inverter CompressorBuilt-in Stabilizer1 Year on Product and 10 Years on Compressor from Whirlpool,Fridge,17849,4.7,358.0,Economic
Whirlpool 570 L Frost Free Side by Side Inverter Technology Star Refrigerator,Intellisense InverterBuilt-in Stabilizer1 Year Warranty on Product and 10 Years on Compressor from Whirlpool,Fridge,71990,2.6,101.0,Premium
Whirlpool 190 L Direct Cool Single Door 3 Star Refrigerator,Non Inverter1 Year on Product,Fridge,16999,2.7,2.0,Economic
Whirlpool 325 L Frost Free Double Door Bottom Mount 3 Star Convertible Refrigerator,Intellisense Inverter CompressorBuilt-in Stabilizer1 Year Warranty on Product and 10 Years on Compressor,Fridge,38490,3.7,5.0,Mid-range
SAMSUNG 236 L Frost Free Double Door 2 Star Refrigerator  with Digital Inverter,"Digital Inverter CompressorBuilt-in Stabilizer1 year comprehensive warranty on the product, 20 years on compressor by the brand.",Fridge,23190,2.6,974.0,Mid-range
Whirlpool 240 L Frost Free Multi-Door Refrigerator,Reciprocating CompressorBuilt-in Stabilizer1 Year Warranty on Product and 9 Years Warranty on Compressor,Fridge,25990,3.6,4083.0,Mid-range
Rockwell 91 L Direct Cool Single Door 1 Star Refrigerator,RecipcrtoraryBuilt-in Stabilizer1 Year Warranty on Product,Fridge,10122,4.3,0.0,Economic
Godrej 210 L Direct Cool Single Door 5 Star Refrigerator,Inverter CompressorBuilt-in Stabilizer1 Year Comprehensive Warranty on Product and 10 Years Warranty on Compressor,Fridge,16990,2.0,36.0,Economic
Whirlpool 235 L Frost Free Double Door 2 Star Refrigerator,InverterBuilt-in Stabilizer1 year Warranty & 10 years on Compressor,Fridge,25690,2.6,4.0,Mid-range
"IFB 197 L Direct Cool Single Door 5 Star Refrigerator  with Powered by E-Tech, with Extraordinary Stor...",Inverter CompressorBuilt-in Stabilizer1 Year Warranty on Product and 10 Years Warranty on Compressor,Fridge,15490,2.3,30.0,Economic
Godrej 268 L Direct Cool Single Door 3 Star Refrigerator  with Turbo Cooling Technology Ensuring Faste...,Inverter CompressorBuilt-in Stabilizer1 Year Comprehensive Warranty on Product and 10 Years Warranty on Compressor,Fridge,23200,1.8,314.0,Mid-range
SAMSUNG 551 L Frost Free Double Door 2 Star Refrigerator,Digital Inverter CompressorBuilt-in Stabilizer1 Year Warranty on Product and 10 Years Warranty on Compressor From Samsung,Fridge,71990,4.7,4.0,Premium
"SAMSUNG 385 L Frost Free Double Door 2 Star Convertible Refrigerator  with Digital Inverter, Convertib...","Digital Inverter CompressorBuilt-in Stabilizer1 year comprehensive warranty on the product, 20 years on compressor by the brand.",Fridge,43990,1.3,69.0,Mid-range
Haier 185 L Direct Cool Single Door 2 Star Refrigerator,Normal CompressorBuilt-in Stabilizer1 Year Warranty on Product and 10 Years Warranty on Compressor,Fridge,12490,1.3,490.0,Economic
Lloyd by Havells 225 L Direct Cool Single Door 3 Star Refrigerator,Inverter CompressorBuilt-in Stabilizer1 Year Domestic Warranty on Product and Additional 9 Years on Compressor,Fridge,16449,1.2,0.0,Economic
SAMSUNG 550 L Frost Free French Door Bottom Mount Convertible Refrigerator,"Digital Inverter CompressorBuilt-in Stabilizer1 year comprehensive warranty on product, 20 years on compressor, For all Refrigerators with Digital Inverter Compressors, sold on or after 1st Dec 2022 (All Refrigerator apart from Non-Digital Inverter Technology Direct Cool Models) the Warranty period on the Digital Inverter Compressor shall be revised from 10 years to 20 years.",Fridge,74990,4.6,0.0,Premium
Voltas Beko by A Tata Product 175 L Direct Cool Single Door 1 Star Refrigerator,Reciprocating CompressorBuilt-in Stabilizer2 year comprehensive + additional 08 year on compressor,Fridge,12990,3.4,3.0,Economic
BLACK+DECKER 285 L Frost Free Double Door 3 Star Refrigerator,"Inverter CompressorBuilt-in Stabilizer2 Years Comprehensive Warranty, 10 Years on Compressor",Fridge,25999,2.8,0.0,Mid-range
LG 185 L Direct Cool Single Door 5 Star Refrigerator with Base Drawer,Smart Inverter CompressorBuilt-in Stabilizer1 Year Warranty on Product and 10 Years on Compressor from LG,Fridge,20399,1.2,7.0,Mid-range
Haier 602 L Frost Free Side by Side 3 Star Convertible Refrigerator  with 100% Convertible Fridge Spac...,InverterBuilt-in Stabilizer1 Year Warranty on Product and 10 Years Warranty on Compressor,Fridge,84990,4.5,0.0,Premium
Liebherr 240 L Frost Free Double Door 2 Star Refrigerator,"NextGen 8 Step Inverter CompressorBuilt-in Stabilizer1-year comprehensive warranty (additional 2 years warranty upon registration completed within 15 days of purchase) and 10 Years Warranty on Compressor. Registration can be done via the QR Code on the product or by contacting our customer care team via email.
Offer Period: 13 Oct'2023-31 Dec' 2023",Fridge,24990,1.4,1.0,Mid-range
Lloyd by Havells 178 L Direct Cool Single Door 3 Star Refrigerator,Fixed speedBuilt-in Stabilizer1 Year Domestic Warranty on Product and Additional 9 Years on Compressor,Fridge,14985,1.5,488.0,Economic
Haier 185 L Direct Cool Single Door 2 Star Refrigerator  with Glass DoorDEFT TechnologyLarge Vegetable...,Normal CompressorBuilt-in Stabilizer1 Year Warranty on Product and 10 Years Warranty on Compressor,Fridge,16499,3.3,490.0,Economic
Godrej 240 L Direct Cool Single Door 4 Star Refrigerator with Base Drawer,Inverter CompressorBuilt-in Stabilizer1 Year Warranty on Product and 10 Years on Compressor from Godrej,Fridge,18990,3.5,109.0,Economic
LG 215 L Direct Cool Single Door 3 Star Refrigerator with Base Drawer,Smart Inverter CompressorBuilt-in Stabilizer1 Year Warranty on Product and 10 Years on Compressor From LG,Fridge,18654,1.6,1.0,Economic
LG 205 L Direct Cool Single Door 3 Star Refrigerator with Base Drawer,Reciprocating CompressorBuilt-in Stabilizer1 Year Warranty on Product and 10 Years Warranty on Compressor From LG,Fridge,18040,4.0,0.0,Economic
SAMSUNG 633 L Direct Cool Side by Side 3 Star Refrigerator,Digital Inverter CompressorBuilt-in Stabilizer1 Year Comprehensive Warranty on Product and 20 Years Warranty on Compressor,Fridge,115990,2.4,0.0,Premium
SAMSUNG 184 L Direct Cool Single Door 4 Star Refrigerator,Digital Inverter CompressorBuilt-in Stabilizer1 Year Comprehensive Warranty on Product and 20 Years Warranty on Compressor,Fridge,20999,4.9,0.0,Economic
Panasonic 296 L Frost Free Double Door 2 Star Refrigerator,Inverter CompressorBuilt-in Stabilizer1 Year Warranty on Product and 10 Years Warranty on Compressor from Panasonic,Fridge,28499,2.8,14.0,Mid-range
SAMSUNG 236 L Frost Free Double Door 2 Star Refrigerator,"DIGITAL INVERTER COMPRESSORBuilt-in Stabilizer1 year comprehensive warranty on product, 20 years on compressor, For all Refrigerators with Digital Inverter Compressors, sold on or after 1st Dec 2022 (All Refrigerator apart from Non-Digital Inverter Technology Direct Cool Models) the Warranty period on the Digital Inverter Compressor shall be revised from 10 years to 20 years.",Fridge,25890,1.0,0.0,Mid-range
Hitachi 403 L Frost Free Double Door 2 Star Refrigerator,InverterBuilt-in Stabilizer1 Year Manufacturer Warranty and 10 Years Warranty on Compressor from Hitachi,Fridge,43190,4.8,1.0,Mid-range
Godrej 223 L Frost Free Double Door 2 Star Refrigerator  with Advanced Inverter and 95%+ Food Surface ...,Inverter CompressorBuilt-in Stabilizer1 Year Comprehensive Warranty on Product and 10 Years Warranty on Compressor,Fridge,19980,1.5,336.0,Economic
SAMSUNG 501 L Frost Free Double Door 1 Star Convertible Refrigerator,Digital Inverter CompressorBuilt-in Stabilizer1 Year Comprehensive Warranty on Product and 10 Years Warrranty on Compressor,Fridge,65490,4.4,0.0,Premium
"LG 412 L Frost Free Double Door 1 Star Convertible Refrigerator  with Door Cooling+, Inverter Compress...",Smart Inverter CompressorBuilt-in Stabilizer1 Year Warranty on Product and 10 Years Warranty on Compressor From LG,Fridge,45490,4.6,3.0,Mid-range
Midea 544 L Frost Free French Door Bottom Mount Refrigerator  with Four Door,Reciprocatory CompressorBuilt-in Stabilizer1 Year on Product and 10 Years on Compressor from Midea,Fridge,72492,4.4,5.0,Premium
Panasonic 280 L Frost Free Double Door 2 Star Refrigerator,Digital Inverter CompressorBuilt-in Stabilizer1 Year on Product and 10 Years,Fridge,32499,1.9,0.0,Mid-range
SAMSUNG 635 L Direct Cool Side by Side 3 Star Refrigerator,Digital Inverter CompressorBuilt-in Stabilizer1 Year Comprehensive Warranty on Product and 20 Years Warranty on Compressor,Fridge,152990,4.6,0.0,Premium
Voltas Beko by A Tata Product 360 L Frost Free Double Door 2 Star Refrigerator,Pro Smart Inverter CompressorBuilt-in Stabilizer2 Years Comprehensive Warranty on Product and 12 Years Warranty on Compressor,Fridge,26990,4.3,135.0,Mid-range
Lloyd 310 L Frost Free Double Door Top Mount 3 Star Convertible Refrigerator  with with Inverter Techn...,InverterBuilt-in Stabilizer1 Year Warranty on Product and 10 Years Warranty on Compressor,Fridge,53490,3.3,0.0,Premium
Whirlpool 192 L Direct Cool Single Door 4 Star Refrigerator  with Laminar Airflow,Normal Compressor1 Year Comprehensive Warranty on Product and 9 Years Additional Warranty on Compressor,Fridge,16199,3.1,1051.0,Economic
Godrej 180 L Direct Cool Single Door 2 Star Refrigerator,Fixed Speed Compressor1 Year full warranty on fridge and 10 Years on compressor,Fridge,14900,3.2,0.0,Economic
Haier 185 L Direct Cool Single Door 2 Star Refrigerator  with DEFT TechnologyLarge Vegetable Box,Normal CompressorBuilt-in Stabilizer1 Year Warranty on Product and 10 Years Warranty on Compressor,Fridge,11990,4.7,490.0,Economic
Voltas Beko 183 L Direct Cool Single Door 4 Star Refrigerator with Base Drawer,Reciprocating CompressorBuilt-in Stabilizer1 Years Comprehensive Warranty on Product and Additional 10 Years on Compressor,Fridge,14190,3.0,49.0,Economic
Kenstar 15 L Storage Water Geyser ,"Storage Geyser15 L2 Years Comprehensive Warranty. 5 Years on Tank, 2 Years on Heating Element, 2 Years on Product",geyser,5099,4.8,378.0,Economic
Kenstar 25 L Storage Water Geyser ,"Storage Geyser25 L2 Years Comprehensive Warranty. 5 Years on Tank, 2 Years on Heating Element, 2 Years on Product",geyser,5299,3.0,378.0,Economic
Crompton 15 L Storage Water Geyser ,"Storage Geyser15 L7 years in tank, 2 years on element and 2 years on product.",geyser,7199,4.9,85.0,Economic
Hindware Smart Appliances 25 L Storage Water Geyser ,"Storage Geyser25 L2 Years Comprehensive, 2 Years on Heating Element, 5 Years on Tank",geyser,5699,4.1,681.0,Economic
CG 25 L Storage Water Geyser ,Storage Geyser25 L5 Year Inner Tank Warranty 2 Year Product Warranty,geyser,6099,1.9,38.0,Economic
Racold 15 L Storage Water Geyser with Flexi Pipe and Free Installation ,"Storage Geyser15 L2 Years on Product, 4 Years on Heating Element and 7 Years on Tank",geyser,9399,4.4,7.0,Economic
Indo 10 L Storage Water Geyser ,"Storage Geyser10 L2 Years On product, 3 years on Heating Element and 5 Years Warranty on Inner Tank",geyser,4084,1.3,0.0,Economic
HAVELLS 25 L Storage Water Geyser with Flexi Pipe and Free Installation ,"Storage Geyser25 L2 Years Comprehensive Warranty on Product, 7 Years on Inner Container and 4 Years on Heating Element",geyser,13499,1.6,3.0,Economic
V-Guard 6 L Gas Water Geyser ,Gas Geyser6 L2 Year Manufacturer Warranty,geyser,5883,4.7,114.0,Economic
BAJAJ 3 L Instant Water Geyser ,Instant Geyser3 L2 Year Manufacturer Warranty,geyser,3357,3.1,71.0,Economic
V-Guard 10 L Storage Water Geyser ,Storage Geyser10 LReplacement warranty 7 years for inner tank & 3 years for heating element,geyser,6665,3.8,0.0,Economic
Crompton 25 L Storage Water Geyser ,"Storage Geyser25 LTank 5 Years, Heating Element 2 Years, On Product 2 Years",geyser,6049,3.1,0.0,Economic
USHA 10 L Storage Water Geyser ,"Storage Geyser10 L2 Years on Product, 3 Years on Heating Element and 8 Years on Tank",geyser,6799,1.9,24.0,Economic
Stardom 15 L Storage Water Geyser ,Storage Geyser15 L1 year manufacture warranty on geyser and 30 Months on inner tank,geyser,3095,2.1,8.0,Economic
Crompton 3 L Instant Water Geyser ,"Instant Geyser3 LTank: 5 years, Heating Element: 2 years, Product: 2 years",geyser,2599,4.0,7.0,Economic
BAJAJ 15 L Storage Water Geyser ,Storage Geyser15 L2 Year Manufacturer Warranty,geyser,6499,1.3,11.0,Economic
HAVELLS 3 L Instant Water Geyser ,"Instant Geyser3 L5 year warranty on Inner Container, 2 year comprehensive Warranty",geyser,3679,4.2,0.0,Economic
Hindware 3 L Instant Water Geyser ,Instant Geyser3 L2 YEAR,geyser,2399,2.4,92.0,Economic
USHA 15 L Storage Water Geyser ,"Storage Geyser15 L2 Years on Product, 3 Years on Heating Element and 8 Years on Tank",geyser,9580,1.3,24.0,Economic
HAVELLS 15 L Storage Water Geyser ,"Storage Geyser15 L7 Years Warranty on Inner Container, 4 Years Warranty on Heating Element, 2 Years Comprehensive Warranty",geyser,8799,1.3,1.0,Economic
OMEN 6 L Gas Water Geyser ,Gas Geyser6 LCOMPANY WARRANTY 7876777444,geyser,3016,4.3,0.0,Economic
Blowhot 6 L Gas Water Geyser ,Gas Geyser6 L1 Year General Warranty & 2 Years Warranty On Heat Exchanger.,geyser,5990,2.9,59.0,Economic
Crompton 6 L Storage Water Geyser ,"Storage Geyser6 L2 Years Warranty on Product, 5 Years on Tank and 5 Years on Heating Element",geyser,6789,4.2,1.0,Economic
HAVELLS 6 L Gas Water Geyser ,Gas Geyser6 L2 Year Comprehensive Warranty,geyser,6509,1.5,22.0,Economic
Crompton 10 L Storage Water Geyser ,"Storage Geyser10 LTank - 5 years, Element - 2 years, Product - 2 years",geyser,6049,4.1,13.0,Economic
AO Smith 6 L Storage Water Geyser ,"Storage Geyser6 LWarranty : 7 Years on tank, 2+2 years extended warranty on Heating Element, 2 years on products",geyser,8490,4.4,0.0,Economic
ACTIVA 3 L Instant Water Geyser ,"Instant Geyser3 L5 Year Warranty On Inner Tank, 1 Year On Components",geyser,1699,2.9,1907.0,Economic
HAVELLS 5.5 L Gas Water Geyser ,Gas Geyser5.5 L2 years on site,geyser,6900,3.8,6.0,Economic
DIGISMART 25 L Storage Water Geyser ,Storage Geyser25 L1 YEAR MANUFACTURER WARRANTY,geyser,3899,2.3,50.0,Economic
Kenstar 5.5 L Instant Water Geyser ,"Instant Geyser5.5 L5 Years on Tank, 2 Years on Heating Element, 2 Years on Product",geyser,2799,4.7,308.0,Economic
Venus 15 L Storage Water Geyser ,"Storage Geyser15 L7 Years on Producst, 2 Years on Element, 2 Years on Product",geyser,7999,3.6,21.0,Economic
Haier 15 L Storage Water Geyser ,Storage Geyser15 L3 Years Warranty on Product and 7 Years Warranty on Tank,geyser,7499,2.0,31.0,Economic
HAVELLS 15 L Storage Water Geyser ,"Storage Geyser15 L7 Years Warranty on Inner Container, 4 Years Warranty on Heating Element, 2 Years Comprehensive Warranty",geyser,10549,1.9,140.0,Economic
BAJAJ 6 L Gas Water Geyser ,Gas Geyser6 L2 years manufacturing warranty,geyser,6990,2.7,1.0,Economic
Orient Electric 15 L Storage Water Geyser ,Storage Geyser15 L2 YEARS ON PRODUCT,geyser,6499,1.0,96.0,Economic
Crompton 10 L Storage Water Geyser ,"Storage Geyser10 LTank 5 Years, Heating Element 2 Years, On Product 2 Years",geyser,5700,3.9,11.0,Economic
V-Guard 3 L Instant Water Geyser ,Instant Geyser3 L2 year warranty,geyser,3240,3.6,1.0,Economic
STANDARD 25 L Storage Water Geyser ,Storage Geyser25 L7 years on tank and 2 years on product,geyser,8290,2.5,1.0,Economic
Crompton 10 L Storage Water Geyser ,"Storage Geyser10 L7 Years Inner Tank, 3 Years Element, 2 Years Product",geyser,6990,1.7,2.0,Economic
Venus 25 L Storage Water Geyser ,Storage Geyser25 L5 years manufacturer warranty,geyser,7040,4.4,395.0,Economic
Venus 3 L Instant Water Geyser ,Instant Geyser3 L7 Years on Heater Tank & 3 Years on Heating Element & 2 Years on Product,geyser,4361,3.5,3.0,Economic
FABER 25 L Storage Water Geyser ,"Storage Geyser25 L7 Years On Tank, 4 Years On Heating Element And 2 Years On Product",geyser,8450,1.4,0.0,Economic
USHA 3 L Instant Water Geyser ,Instant Geyser3 L2 Years Domestic Warranty,geyser,2949,4.7,0.0,Economic
Orient Electric 3 L Instant Water Geyser ,"Instant Geyser3 L5 years tank, 2 years overall",geyser,3099,4.1,1.0,Economic
Indo 10 L Storage Water Geyser ,Storage Geyser10 L2 Years Warranty,geyser,6849,4.2,352.0,Economic
Hindware Atlantic 15 L Storage Water Geyser ,Storage Geyser15 L2 YEARS ON HEATING ELEMENT,geyser,5500,4.5,0.0,Economic
Blowhot 25 L Storage Water Geyser ,"Storage Geyser25 L1 Year General Warranty (5 Years Storage Tank, 2 Years Heating Element, 1 Year Solenoid Valve)",geyser,8990,2.6,26.0,Economic
Polar 3 L Storage Water Geyser ,Storage Geyser3 Lna,geyser,2654,3.9,0.0,Economic
MARC 15 L Storage Water Geyser ,Storage Geyser15 LManufacturing Defffect only,geyser,4990,3.0,0.0,Economic
Capital 1 L Instant Water Geyser ,Instant Geyser1 LNA,geyser,1469,4.0,605.0,Economic
Sameer 25 L Storage Water Geyser ,Storage Geyser25 L5 Years Warranty on Inner Container & 1Year Warranty on Components including On-Site & Off-Site,geyser,5999,3.1,0.0,Economic
RENUMAX 1 L Instant Water Geyser ,Instant Geyser1 L1 Year Warranty Heating Element & Thermostat & 6 Month Warranty ON Product,geyser,949,3.0,1.0,Economic
Acer Aspire Lite Intel Core i3 12th Gen 1215U ,Intel Core i3 Processor (12th Gen)8 GB DDR4 RAM64 bit Windows 11 Home Operating System512 GB SSD39.62 cm (15.6 inch) Display1 year,laptops,29390,2.6,29.0,Mid-range
HP AMD Athlon Dual Core ,AMD Athlon Dual Core Processor8 GB LPDDR4 RAMWindows 11 Operating System256 GB SSD39.62 cm (15.6 inch) Display1 YEAR,laptops,22790,1.0,20.0,Mid-range
Acer Aspire Lite AMD Ryzen 7 Octa Core 5700U ,AMD Ryzen 7 Octa Core Processor16 GB DDR4 RAM64 bit Windows 11 Operating System512 GB SSD39.62 cm (15.6 Inch) Display1 Year Onsite Warranty,laptops,34990,2.8,3.0,Mid-range
Acer Nitro V Intel Core i5 13th Gen 13420H ,Intel Core i5 Processor (13th Gen)16 GB DDR5 RAMWindows 11 Operating System512 GB SSD39.62 cm (15.6 Inch) Display1 Year International Travelers Warranty (ITW),laptops,75990,2.1,16.0,Premium
Lenovo Chromebook MediaTek Kompanio 520 ,MediaTek Kompanio 520 Processor4 GB LPDDR4X RAMChrome Operating System35.56 cm (14 Inch) Display1 Year Carry-in Warranty,laptops,14990,1.9,17.0,Economic
HP AMD Athlon Dual Core 3050U ,AMD Athlon Dual Core Processor8 GB DDR4 RAM64 bit Windows 11 Operating System512 GB SSD39.62 cm (15.6 inch) Display1 Year Onsite Warranty,laptops,25100,2.5,130.0,Mid-range
Lenovo Intel Core i5 13th Gen 1355U ,Intel Core i5 Processor (13th Gen)16 GB DDR5 RAMWindows 11 Operating System512 GB SSD40.64 cm (16 Inch) Display1 Year Onsite warranty,laptops,57990,4.3,3.0,Premium
"ASUS Vivobook 16X for Creator, Intel Core i5 12th Gen 12500H ",Intel Core i5 Processor (12th Gen)8 GB DDR4 RAMWindows 11 Operating System512 GB SSD40.64 cm (16 Inch) Display1 Year Onsite Warranty,laptops,49990,1.6,3.0,Mid-range
MSI Modern 14 AMD Ryzen 7 Octa Core 7730U ,AMD Ryzen 7 Octa Core Processor16 GB DDR4 RAMWindows 11 Operating System512 GB SSD35.56 cm (14 Inch) Display1 Year Onsite Warranty,laptops,44990,2.5,3.0,Mid-range
ASUS Vivobook Go 14 AMD Ryzen 3 Quad Core 7320U ,AMD Ryzen 3 Quad Core Processor8 GB LPDDR5 RAMWindows 11 Operating System512 GB SSD35.56 cm (14 Inch) DisplayMicrosoft Office Home & Student 20211 Year Onsite Warranty,laptops,33990,2.4,483.0,Mid-range
SAMSUNG Galaxy Book4 Pro Evo AI PC Intel Core Ultra 5 125H ,Intel Core Ultra 5 Processor16 GB LPDDR5X RAM64 bit Windows 11 Operating System512 GB SSD35.56 cm (14 inch) Touchscreen DisplayMS Office Home and Student 20211 Year Manufacturer Warranty for Laptop and 6 Months for In-Box Accessories,laptops,116990,2.1,3.0,Premium
ASUS Vivobook S 15 OLED Intel EVO H,Intel Core i5 Processor (13th Gen)16 GB LPDDR5 RAMWindows 11 Operating System512 GB SSD39.62 cm (15.6 inch) Display1 Year Onsite Warranty,laptops,72990,1.4,3.0,Premium
ASUS TUF Gaming F15 with 90WHr Battery Intel Core i5 11th Gen 11400H ,Intel Core i5 Processor (11th Gen)16 GB DDR4 RAMWindows 11 Operating System512 GB SSD39.62 cm (15.6 Inch) Display1 Year Onsite Warranty,laptops,59990,2.1,284.0,Premium
Apple MacBook AIR Apple M2 ,"Apple M2 Processor8 GB Unified Memory RAMMac OS Operating System256 GB SSD34.54 cm (13.6 Inch) DisplayBuilt-in Apps: iMovie, Siri, GarageBand, Pages, Numbers, Photos, Keynote, Safari, Mail, FaceTime, Messages, Maps, Stocks, Home, Voice Memos, Notes, Calendar, Contacts, Reminders, Photo Booth, Preview, Books, App Store, Time Machine, TV, Music, Podcasts, Find My, QuickTime Player1 Year Limited WarraÂ­nty",laptops,77990,3.2,691.0,Premium
HP 250 G9 Intel Core i3 12th Gen 1215U ,Intel Core i3 Processor (12th Gen)8 GB DDR4 RAM64 bit Windows 11 Operating System512 GB SSD39.62 cm (15.6 inch) DisplayWindows1 year Domestic warranty,laptops,33499,4.8,2.0,Mid-range
ASUS Intel Core i7 12th Gen 12700H ,Intel Core i7 Processor (12th Gen)16 GB DDR4 RAMWindows 11 Operating System1 TB SSD39.62 cm (15.6 Inch) Display1 Year Onsite Warranty,laptops,86790,3.4,0.0,Premium
"ASUS TUF Gaming F15, 90WHrs Battery Intel Core i7 13th Gen 13620H ",Intel Core i7 Processor (13th Gen)16 GB DDR5 RAMWindows 11 Operating System512 GB SSD39.62 cm (15.6 Inch) Display1 Year Onsite warranty,laptops,99999,2.6,2.0,Premium
Apple MacBook Air Apple M3 ,"Apple M3 Processor8 GB Unified Memory RAMMac OS Operating System256 GB SSD33.02 cm (13 Inch) DisplayBuilt-in Apps: App Store, Books, Calendar, Contacts, FaceTime, Find My, Freeform, GarageBand, Home, iMovie, Keynote, Mail, Maps, Messages, Music, Notes, Numbers, Pages, Photo Booth, Photos, Podcasts, Preview, QuickTime Player, Reminders, Safari, Shortcuts, Siri, Stocks, Time Machine, TV, Voice Memos1 Year Onsite Warranty",laptops,104990,2.3,24.0,Premium
Lenovo V15 AMD Ryzen 7 Octa Core 7730U ,AMD Ryzen 7 Octa Core Processor16 GB DDR4 RAM64 bit Windows 11 Home Operating System512 GB SSD39.62 cm (15.6 inch) DisplayWindows 111 Year,laptops,39990,4.4,18.0,Mid-range
DELL Intel Core i3 12th Gen 1215U ,Intel Core i3 Processor (12th Gen)8 GB DDR4 RAMWindows 11 Operating System512 GB SSD35.0 cm (13.78 inch) Display1 Year Onsite Warranty,laptops,32490,4.5,13.0,Mid-range
"ASUS Vivobook 15, with Backlit Keyboard, Intel Core i5 12th Gen 1235U ",Intel Core i5 Processor (12th Gen)16 GB DDR4 RAMWindows 11 Operating System512 GB SSD39.62 cm (15.6 Inch) Display1 Year Onsite warranty,laptops,52990,2.7,3.0,Premium
HP Victus Intel Core i5 12th Gen 12450H ,Intel Core i5 Processor (12th Gen)16 GB DDR4 RAMWindows 11 Operating System512 GB SSD39.62 cm (15.6 Inch) Display1 Year Onsite Warranty,laptops,65990,4.2,13.0,Premium
MSI Thin 15 Intel Core i7 13th Gen 13620H ,Intel Core i7 Processor (13th Gen)16 GB DDR4 RAMWindows 11 Operating System512 GB SSD39.62 cm (15.6 Inch) Display2 Year Onsite Warranty,laptops,69990,2.3,1.0,Premium
Lenovo IdeaPad Flex 5 AMD Ryzen 7 Octa Core 5700U ,AMD Ryzen 7 Octa Core Processor16 GB LPDDR4X RAM64 bit Windows 11 Operating System512 GB SSD90.32 cm (35.56 cm) Touchscreen Display1Yr Warranty + 1 Yr Premium Care and 1 Yr Accidental Damage Protection,laptops,65490,3.1,3.0,Premium
Lenovo LOQ AMD Ryzen 7 Octa Core 7435HS ,AMD Ryzen 7 Octa Core Processor24 GB DDR5 RAMWindows 11 Operating System512 GB SSD39.62 cm (15.6 Inch) Display1Yr Warranty and 1 Yr Accidental Damage Protection,laptops,85490,4.3,37.0,Premium
DELL Inspiron 14 7430 Intel Core i7 13th Gen 1355U ,"Intel Core i7 Processor (13th Gen)16 GB LPDDR5 RAMWindows 11 Operating System1 TB SSD35.56 cm (14 inch) Touchscreen DisplayWindows 11, Office 21, Antivirus1 Year warranty",laptops,95890,3.4,0.0,Premium
ASUS Vivobook AMD Ryzen 5 Quad Core 7520U ,AMD Ryzen 5 Quad Core Processor8 GB LPDDR5 RAMWindows 11 Operating System512 GB SSD35.56 cm (14 Inch) Display1 Year Onsite Warranty,laptops,37990,1.5,0.0,Mid-range
ASUS ROG Strix G16 Intel Core i5 13th Gen 13450HX ,Intel Core i5 Processor (13th Gen)16 GB DDR5 RAMWindows 11 Operating System1 TB SSD40.64 cm (16 Inch) Display1 Year Onsite Warranty,laptops,97530,2.9,16.0,Premium
HP Envy x360 Intel Core i5 13th Gen 1335U ,Intel Core i5 Processor (13th Gen)16 GB LPDDR5 RAMWindows 11 Operating System512 GB SSD39.62 cm (15.6 inch) Touchscreen Display1 Year Onsite Warranty,laptops,85490,4.7,5.0,Premium
Infinix X3 Slim Intel Intel Core i3 12th Gen 1215U ,Intel Core i3 Processor (12th Gen)8 GB LPDDR4X RAMWindows 11 Operating System512 GB SSD35.56 cm (14 Inch) Display1 Year Onsite Warranty,laptops,27990,1.4,199.0,Mid-range
HP 15s Intel Core i5 11th Gen 1155G7 ,Intel Core i5 Processor (11th Gen)16 GB DDR4 RAM64 bit Windows 11 Operating System512 GB SSD39.62 cm (15.6 Inch) Display1 Year Onsite Warranty,laptops,51990,4.5,276.0,Mid-range
DELL Inspiron Intel Core i3 11th Gen 1115G4 ,Intel Core i3 Processor (11th Gen)8 GB DDR4 RAM64 bit Windows 11 Operating System1 TB HDD|256 GB SSD39.62 cm (15.6 inch) Display1 Year Onsite Warranty,laptops,40490,4.8,8.0,Mid-range
DELL Inspiron Intel Core i3 11th Gen ,Intel Core i3 Processor (11th Gen)8 GB DDR4 RAMWindows 11 Operating System512 GB SSD39.62 cm (15.6 inch) Display12 months,laptops,36990,1.6,0.0,Mid-range
ASUS ProArt PX13 OLED (2024) ,"AMD Ryzen AI 9 10 Core Processor24 GB LPDDR5X RAMWindows 11 Operating System1 TB SSD33.78 cm (13.3 Inch) Touchscreen DisplayMicrosoft Office Home & Student 2021, MuseTree, StoryCube, MyASUS, ProArt Creator Hub, ScreenXpert, GlideX, Three-Month Membership of Adobe Creative Cloud1 Year Onsite Warranty",laptops,179990,3.3,0.0,Premium
HP Victus Intel Core i5 12th Gen 12450H ,Intel Core i5 Processor (12th Gen)16 GB DDR4 RAMWindows 11 Operating System512 GB SSD39.62 cm (15.6 Inch) Display1 Year Onsite Warranty,laptops,68990,1.7,0.0,Premium
DELL Inspiron 3530 Intel Core i3 13th Gen 1305U ,"Intel Core i3 Processor (13th Gen)8 GB DDR4 RAM64 bit Windows 11 Operating System1 TB SSD39.62 cm (15.6 Inch) DisplayWindows 11, Microsoft Office, Antivirus Macafee 15 Months1 Year Onsite Hardware Service",laptops,47990,5.0,5.0,Mid-range
HP Spectre x360 OLED Eyesafe Evo Intel Core i7 13th Gen 1355U ,Intel Core i7 Processor (13th Gen)32 GB LPDDR4X RAM64 bit Windows 11 Operating System1 TB SSD34.29 cm (13.5 Inch) Touchscreen Display1 Year Onsite Warranty,laptops,150990,4.2,0.0,Premium
Lenovo IdeaPad 3 Intel Core i3 12th Gen 1215U ,Intel Core i3 Processor (12th Gen)8 GB DDR4 RAM64 bit Windows 11 Operating System512 GB SSD100.63 cm (39.62 cm) Display2 Year warranty,laptops,32990,1.9,87.0,Mid-range
DELL Vostro 3425 AMD Ryzen 5 Hexa Core 5500U ,AMD Ryzen 5 Hexa Core Processor8 GB DDR4 RAM64 bit Windows 11 Operating System512 GB SSD35.56 cm (14 Inch) Display1 Year Onsite Hardware Service,laptops,67999,3.4,5.0,Premium
Thomson Intel Celeron Dual Core N4020 ,Intel Celeron Dual Core Processor4 GB LPDDR4 RAM64 bit Windows 11 Operating System128 GB SSD39.62 cm (15.6 inch) Display1 Year Onsite Warranty,laptops,16990,4.7,4.0,Economic
HP Laptop AMD Ryzen 3 Quad Core 5300U ,AMD Ryzen 3 Quad Core Processor8 GB DDR4 RAMWindows 11 Operating System512 GB SSD39.62 cm (15.6 Inch) Display1 Year Onsite Warranty,laptops,34000,2.5,10.0,Mid-range
HP Victus AMD Ryzen 7 Octa Core 5800H ,AMD Ryzen 7 Octa Core Processor16 GB DDR4 RAM64 bit Windows 11 Operating System512 GB SSD39.62 cm (15.6 inch) Display1 Year Onsite Warranty,laptops,77900,4.1,1.0,Premium
HP Intel Core i7 12th Gen 1255U ,Intel Core i7 Processor (12th Gen)16 GB DDR4 RAM64 bit Windows 11 Operating System512 GB SSD39.62 cm (15.6 Inch) Display1 Year Onsite Warranty,laptops,104999,1.2,0.0,Premium
DELL Inspiron Intel Core i5 11th Gen 1135G7 ,Intel Core i5 Processor (11th Gen)8 GB DDR4 RAM64 bit Windows 11 Operating System512 GB SSD39.62 cm (15.6 inch) DisplayMicrosoft Office Home & Student 20211 Year Onsite Hardware Service,laptops,40990,1.4,35.0,Mid-range
DELL AMD Ryzen 5 Quad Core 7520U ,AMD Ryzen 5 Quad Core Processor8 GB LPDDR5 RAMWindows 11 Operating System512 GB SSD39.62 cm (15.6 Inch) Display1 Year Onsite Warranty,laptops,37990,4.7,0.0,Mid-range
ASUS Vivobook 15 Intel Core i3 13th Gen 1315U ,Intel Core i3 Processor (13th Gen)8 GB DDR4 RAMWindows 11 Operating System512 GB SSD39.62 cm (15.6 Inch) Display1 Year Onsite warranty,laptops,38790,1.8,27.0,Mid-range
ASUS Zenbook S 14 OLED Intel Core Ultra 7 ,Intel Core Ultra 7 Processor32 GB LPDDR5X RAMWindows 11 Operating System1 TB SSD35.56 cm (14 Inch) Touchscreen Display1 Year Onsite Warranty,laptops,182990,3.7,0.0,Premium
HP Pavilion x360 Intel Core i3 12th Gen 1215U ,Intel Core i3 Processor (12th Gen)8 GB DDR4 RAMWindows 11 Operating System512 GB SSD39.62 cm (15.6 Inch) Touchscreen Display1 Year Onsite Warranty,laptops,54990,2.8,1.0,Premium
MSI Katana 17 Intel Core i7 13th Gen 13620H ,Intel Core i7 Processor (13th Gen)16 GB DDR5 RAMWindows 11 Operating System1 TB SSD43.94 cm (17.3 Inch) Display2 Year Carry-in Warranty,laptops,92990,1.8,9.0,Premium
HP Envy x360 AMD Ryzen 5 Hexa Core 7530U ,AMD Ryzen 5 Hexa Core Processor16 GB LPDDR5 RAMWindows 11 Operating System512 GB SSD39.62 cm (15.6 inch) Touchscreen Display1 Year Onsite Warranty,laptops,80990,1.6,2.0,Premium
Lenovo AMD Ryzen 5 Quad Core R5,AMD Ryzen 5 Quad Core Processor8 GB DDR4 RAMWindows 11 Operating System512 GB SSD39.62 cm (15.6 inch) DisplayOffice Trial1 Year warranty,laptops,54990,1.8,26.0,Premium
Lenovo IdeaPad 3 Intel Intel Core i3 11th Gen 1115G4 ,Intel Core i3 Processor (11th Gen)8 GB DDR4 RAM64 bit Windows 11 Operating System256 GB SSD39.62 cm (15.6 inch) DisplayOffice Home and Student 20212 Years Warranty,laptops,34990,1.3,98.0,Mid-range
Acer Aspire Vero Intel Core i3 13th Gen 1315U ,Intel Core i3 Processor (13th Gen)16 GB LPDDR4X RAMWindows 11 Operating System512 GB SSD35.56 cm (14 Inch) Display1 Year Onsite Warranty,laptops,46990,2.0,1.0,Mid-range
ASUS Vivobook S 14 Intel EVO H,Intel Core i5 Processor (12th Gen)16 GB DDR4 RAMWindows 11 Operating System512 GB SSD35.56 cm (14 inch) Display1 Year Onsite Warranty,laptops,56990,2.0,203.0,Premium
Apple MacBook Air Apple M3 ,"Apple M3 Processor8 GB Unified Memory RAMMac OS Operating System256 GB SSD38.1 cm (15 Inch) DisplayBuilt-in Apps: App Store, Books, Calendar, Contacts, FaceTime, Find My, Freeform, GarageBand, Home, iMovie, Keynote, Mail, Maps, Messages, Music, Notes, Numbers, Pages, Photo Booth, Photos, Podcasts, Preview, QuickTime Player, Reminders, Safari, Shortcuts, Siri, Stocks, Time Machine, TV, Voice Memos1 Year Onsite Warranty",laptops,126890,3.9,24.0,Premium
Voltas Beko by A Tata Product 6.5 kg,700 rpm Max Speed5 Star Rating1 Year Comprehensive Warranty on Product and 8 Years Warranty on Motor,washing machine,12390,1.6,36.0,Economic
Panasonic 6.5 kg,1350 rpm Max Speed5 Star Rating2 Years Warranty on Product and 5 Years Warranty on Motor,washing machine,7990,3.9,491.0,Economic
Panasonic 6 kg,680 rpm Max Speed4 Star Rating2 Year  Comprehensive Warranty and 10 Years on Motor from Panasonic,washing machine,12490,2.2,1138.0,Economic
Thomson 8 kg,1400 RPM Max Speed5 Star Rating2 Years Comprehensive Warranty on Product and 5 Years Warranty on Motor,washing machine,8499,4.9,1149.0,Economic
realme TechLife 11 kg,700 rpm Max Speed5 Star RatingWith In-Built Heater2 Years Comprehensive Warranty on Product and 5 Years Warranty on Motor,washing machine,19490,3.6,97.0,Economic
realme TechLife 6.5 kg,700 rpm Max Speed5 Star Rating2 Years Comprehensive Warranty on Product and 5 Years on Motor,washing machine,10850,3.8,414.0,Economic
SAMSUNG 8 kg,"1400 rpm Max Speed5 Star RatingWith In-Built HeaterWith Wi-Fi Connectivity2 years comprehensive warranty on the product, 20 years warranty on the DIT Motor",washing machine,36990,4.2,1011.0,Mid-range
LG 7 kg,1350 RPM Max Speed5 Star Rating2 YEARS ON PRODUCT AND ADDITIONAL 3 YEARS ON WASH MOTOR,washing machine,11690,3.0,29.0,Economic
SAMSUNG 7 kg,"700 rpm Max Speed5 Star RatingWith In-Built Heater2 years comprehensive warranty on the product, 20 years warranty on the DIT Motor",washing machine,22490,4.1,1182.0,Mid-range
Whirlpool 9 kg,1200 RPM Max Speed5 Star RatingWith In-Built Heater2 Years Warranty on Product and 8 Years Warranty on Motor,washing machine,37990,3.0,35.0,Mid-range
Godrej 9 kg,1400 rpm Max Speed5 Star RatingWith In-Built Heater4 Years Comprehensive Warranty on Product and 10 Years Warranty on Motor,washing machine,37990,2.1,19.0,Mid-range
ONIDA 6.5 kg,1300 rpm Max Speed5 Star Rating2 Years Comprehensive Warranty on Product and 5 Years Warranty on Wash Motor,washing machine,7990,3.6,925.0,Economic
Panasonic 7 kg,1400 rpm Max Speed5 Star RatingWith In-Built Heater2 Years Warranty on Product and 10 Years Warranty on Motor,washing machine,26490,4.9,3.0,Mid-range
Godrej 8 kg,1200 rpm Max Speed5 Star RatingWith In-Built Heater2 Years Comprehensive Warranty on Product and 10 Years Warranty on Motor,washing machine,30990,3.9,19.0,Mid-range
MarQ by Flipkart 6 kg,1350 RPM Max Speed5 Star Rating2 Years Comprehensive and 5 Years on Wash Motor from MarQ by Flipkart,washing machine,6790,3.6,5142.0,Economic
LG 9/5 kg,1200 rpm Max SpeedWith In-Built HeaterWith Wi-Fi Connectivity2 Years Comprehensive Warranty on Product and 10 Years Warranty on Motor,washing machine,49990,3.9,21.0,Mid-range
IFB 7 kg,"720 rpm Max Speed5 Star RatingWith In-Built Heater4 Years Warranty on Product, 10 Years Warranty on Spare Parts Support and 10 Years Warranty on Motor",washing machine,23350,3.7,7.0,Mid-range
SAMSUNG 8.5 kg,"1300 RPM Max Speed5 Star Rating2 Years Warranty on Product, 5 Years Warranty on Motor",washing machine,14809,2.2,4.0,Economic
LG 7.5 kg,700 rpm Max Speed5 Star Rating2 Years Comprehensive Warranty and 10 Years Warranty on Motor from LG,washing machine,19999,1.1,61.0,Economic
SAMSUNG 8 kg,"700 rpm Max Speed5 Star Rating2 years comprehensive warranty on the product, 20 years warranty on the DIT Motor",washing machine,23190,3.4,4973.0,Mid-range
realme TechLife 11 kg,700 rpm Max Speed5 Star Rating2 Years Comprehensive Warranty on Product and 5 Years Warranty on Motor,washing machine,17990,3.3,2364.0,Economic
Sansui 6.5 kg,1300 rpm Max Speed5 Star Rating2 Years Comprehensive Warranty On Product and 5 Years on Wash Motor,washing machine,7690,3.4,1379.0,Economic
BOSCH 9 kg,680 rpm Max Speed5 Star Rating2 Years Warranty on Product and 10 Years Warranty on Motor,washing machine,28990,1.1,121.0,Mid-range
ONIDA 7 kg,750 RPM Max Speed5 Star Rating2 Years Comprehensive Warranty 5 Years Warranty on Wash Motor from Onida,washing machine,15890,1.1,4571.0,Economic
Voltas Beko by A Tata Product 7 kg,1300 rpm Max Speed5 Star Rating2 Years Warranty on Product and 3 Years on Motor,washing machine,11119,2.3,65.0,Economic
IFB 8.5/6.5 kg,"1400 rpm Max Speed5 Star RatingWith In-Built HeaterWith Wi-Fi Connectivity4 Years Complete Machine warranty, 10 Years Motor Warranty and 10 Years Spare Part Support from IFB",washing machine,55990,3.6,5.0,Premium
Voltas Beko by A Tata Product 8 kg,600 RPM Max Speed5 Star Rating2 Years Comprehensive Warranty and 5 Years on Motor from Lloyd,washing machine,10569,1.4,1.0,Economic
Godrej 8.5 kg,1440 rpm Max Speed5 Star Rating2 Years Comprehensive Warranty on Product and 5 Years Warranty on Motor,washing machine,15590,1.1,16.0,Economic
BLACK+DECKER 6 kg,"1000 rpm Max Speed5 Star RatingWith In-Built Heater2 Years Comprehensive Warranty on Product, 5 Years Warranty on PCB and 10 Years Warranty on Motor",washing machine,16999,2.9,5.0,Economic
SAMSUNG 7 kg,"1300 rpm Max Speed5 Star Rating2 years on product, 2 years on motor (T&C Apply)",washing machine,12239,4.3,82.0,Economic
0,1400 rpm Max Speed5 Star RatingWith In-Built HeaterWith Wi-Fi Connectivity5 Years Warranty on Product and 12 Years Warranty on Motor,washing machine,59990,4.1,97.0,Premium
IFB 6 kg,"800 rpm Max Speed5 Star Rating4 Years Comprehensive Warranty, 10 Years Motor Warranty, 10 Years Spares Support",washing machine,23953,1.4,72.0,Mid-range
Whirlpool 8 kg,740 rpm Max Speed5 Star RatingWith In-Built Heater1 Year Comprehensive Warranty on Product and 10 Years Warranty on Motor,washing machine,18990,4.6,0.0,Economic
LG 8.5 kg,1300 rpm Max Speed5 Star Rating2 Years Comprehensive and 5 Years on Motor from LG,washing machine,15039,4.0,659.0,Economic
Haier 7.5 kg,1300 RPM Max Speed5 Star Rating2 Years Comprehensive Warranty on Product and 5 Years Warranty on Motor from Haier,washing machine,13264,2.0,78.0,Economic
Voltas Beko by A Tata Product 6 kg,1000 rpm Max Speed5 Star RatingWith In-Built Heater3 Years Comprehensive Warranty on Product and 12 Years Warranty on Motor,washing machine,21490,2.1,97.0,Mid-range
Haier 8 kg,780 rpm Max Speed5 Star RatingWith In-Built Heater5 Years Comprehensive Warranty and 12 Years Motor Warranty,washing machine,25620,3.9,2377.0,Mid-range
Intex 6.5 kg,700 rpm Max Speed5 Star Rating2 Years Comprehensive Warranty on Product and 5 Years Warranty on Motor,washing machine,10290,5.0,315.0,Economic
Acer 7.5 kg,700 rpm Max Speed5 Star Rating2 Years Comprehensive Warranty on Product and 10 Years Warranty on Motor,washing machine,18490,2.1,154.0,Economic
ONIDA 8.5 kg,1300 rpm Max Speed5 Star Rating1 Year Warranty on Product and 10 Years Warranty on Wash Motor,washing machine,10890,4.9,925.0,Economic
Voltas Beko by A Tata Product 6 kg,700 rpm Max Speed2 Years Comprehensive Warranty on Product and 10 Years Warranty on Motor,washing machine,14890,4.5,0.0,Economic
Haier 9 kg,1400 RPM Max SpeedWith In-Built Heater1 year warranty,washing machine,39990,2.4,0.0,Mid-range
Whirlpool 10 kg,740 RPM Max Speed5 Star RatingWith In-Built Heater3 Years Comprehensive Warranty and 10 Years Warranty on Motor and Prime Mover from Whirlpool,washing machine,28999,4.1,0.0,Mid-range
BOSCH 8 kg,1200 rpm Max Speed5 Star RatingWith In-Built Heater3 Years on Product and 12 Years on Motor from Bosch,washing machine,41999,1.7,1116.0,Mid-range
LG 9 kg,779 RPM Max Speed5 Star Rating1 y Manufacturer Warranty,washing machine,31490,2.6,4.0,Mid-range
LG 8 kg,"1300 rpm Max Speed5 Star Rating2 Years Comprehensive Warranty on product, 5 Years Warranty on Motor",washing machine,13990,4.7,323.0,Economic
Whirlpool 7 kg,740 rpm Max Speed5 Star RatingWith In-Built Heater2 Years Comprehensive Warranty on Product and 10 Years Additional Warranty on Motor,washing machine,16899,2.3,0.0,Economic
Whirlpool 9 kg,1400 RPM Max Speed5 Star Rating(2 + 8) Years Warranty. 2 Years Comprehensive Warranty and 8 Years Extended Warranty on Wash Motor and Prime Mover.,washing machine,17565,4.6,2.0,Economic
DMR 3/1.5 kg,240 RPM Max Speed2 Year Free Spare Parts Supply Warranty,washing machine,5799,1.6,4.0,Economic
Godrej 9 kg,1440 rpm Max Speed5 Star Rating2 Years Comprehensive Warranty and 5 Years on Wash Motor from Godrej,washing machine,13996,4.2,8.0,Economic
SAMSUNG 8 kg,"1400 rpm Max Speed5 Star RatingWith In-Built Heater2 years comprehensive warranty on the product, 20 years warranty on the DIT Motor",washing machine,29990,4.0,1011.0,Mid-range
Lloyd 6.5 kg,1300 RPM Max Speed1 year warranty,washing machine,10800,3.5,0.0,Economic
LG 11 kg,1400 RPM Max Speed5 Star RatingWith In-Built HeaterWith Wi-Fi Connectivity1 Year Warranty on Product and 10 Years Warranty on Motor,washing machine,50890,4.9,0.0,Mid-range
Haier 6.5 kg,0 RPM Max Speed2 Years Warranty on Product and 10 Years on Motor,washing machine,16050,3.5,0.0,Economic
BOSCH 6.5 kg,680 rpm Max Speed2 years comprehensive Warranty and 10 years warrantyon Motor Warranty from Bosch,washing machine,19990,2.7,228.0,Economic
Whirlpool 8.5 kg,1400 RPM Max Speed5 Star Rating2 year complete warrenty for washing machine.,washing machine,14350,3.9,3.0,Economic
Voltas Beko 8 kg,1300 rpm Max Speed5 Star Rating2 Years Comprehensive Warranty on Product and 5 Years Additional Warranty on Motor,washing machine,12849,2.3,0.0,Economic
Lloyd by Havells 7.5 kg,"1300 rpm Max Speed5 Star Rating2 Years Warranty on Product, 5 Years Warranty on Motor",washing machine,12999,2.3,0.0,Economic
SAMSUNG 7.5 kg,"740 rpm Max Speed2 years on product, 2 years on motor (T&C Apply)",washing machine,12727,1.1,13.0,Economic
Haier 6.5 kg,"800 RPM Max Speed5 Star Rating1 Year Comprehensive Warranty on Product, 10 Years Warranty on Motor",washing machine,16467,3.6,2.0,Economic
NU 8 kg,700 rpm Max Speed5 Star Rating2 Years Comprehensive Warranty on Product and 10 Years Warranty on Motor,washing machine,16790,2.0,0.0,Economic
SAMSUNG 7 kg,"1200 RPM Max Speed5 Star RatingWith Wi-Fi Connectivity2 years comprehensive warranty on the product, 20 years warranty on the DIT Motor",washing machine,37900,5.0,0.0,Mid-range
Motorola 6.5 kg,1000 rpm Max Speed5 Star RatingWith In-Built Heater2 Years Comprehensive and 10 Years on Motor From Motorola,washing machine,23990,1.3,945.0,Mid-range
LG 7 kg,1200 rpm Max Speed5 Star RatingWith In-Built Heater2 Years Comprehensive Warranty on Product and 10 Years Warranty on Motor,washing machine,37990,4.8,22.0,Mid-range
