Product_Name,Product_Description,Product_Type,Price,Ratings,No_of_reviews,Predicted_Category
Motorola G85 5G ,8 GB RAM | 128 GB ROM16.94 cm (6.67 inch) Full HD+ Display50MP + 8MP | 32MP Front Camera5000 mAh Battery6s Gen 3 Processor1 Year on Handset and 6 Months on Accessories,Android mobile,16999,2.6,3091.0,Economic
POCO X5 Pro 5G ,8 GB RAM | 256 GB ROM16.94 cm (6.67 inch) Full HD+ Display108MP + 8MP + 2MP | 16MP Front Camera5000 mAh BatteryQualcomm Snapdragon 778G Processor1 Year Manufacturer Warranty for Phone and 6 Months Warranty for in the Box Accessories,Android mobile,13599,1.5,4158.0,Economic
Infinix HOT 40i ,8 GB RAM | 256 GB ROM | Expandable Upto 2 TB16.76 cm (6.6 inch) HD+ Display50MP + AI Lens | 32MP Front Camera5000 mAh BatteryUnisoc T606 Processor1 Year on Handset and 6 Months on Accessories,Android mobile,8999,3.0,1020.0,Economic
Motorola G85 5G ,12 GB RAM | 256 GB ROM16.94 cm (6.67 inch) Full HD+ Display50MP + 8MP | 32MP Front Camera5000 mAh Battery6s Gen 3 Processor1 Year on Handset and 6 Months on Accessories,Android mobile,18999,1.4,1153.0,Economic
Tecno Pova 6 Neo ,8 GB RAM | 256 GB ROM | Expandable Upto 1 TB16.94 cm (6.67 inch) Display108MP Rear Camera5000 mAh BatteryMediatek Dimensity 6300 Processor1 year manufacturer Warranty,Android mobile,13999,1.5,6.0,Economic
REDMI 13 5G ,8 GB RAM | 128 GB ROM | Expandable Upto 1 TB17.25 cm (6.79 inch) Full HD+ Display108MP + 2MP | 13MP Front Camera5030 mAh Lithium Polymer Battery4 Gen 2 AE Processor1 Year Manufacturer Warranty for Phone and 6 Months Warranty for In the Box Accessories,Android mobile,14999,4.3,50.0,Economic
Motorola g04s ,4 GB RAM | 64 GB ROM | Expandable Upto 1 TB16.76 cm (6.6 inch) HD+ Display50MP Rear Camera | 5MP Front Camera5000 mAh BatteryT606 Processor1 Year on Handset and 6 Months on Accessories,Android mobile,6999,1.4,1165.0,Economic
SAMSUNG Galaxy M35 5G ,6 GB RAM | 128 GB ROM16.76 cm (6.6 inch) Display50MP Rear Camera6000 mAh Battery1 YEAR,Android mobile,15260,3.4,33.0,Economic
POCO M6 Plus 5G ,6 GB RAM | 128 GB ROM | Expandable Upto 1 TB17.25 cm (6.79 inch) Full HD+ Display108MP + 2MP | 13MP Front Camera5030 mAh BatterySnapdragon 4 Gen2 AE Processor1 Year Manufacturer Warranty for Phone and 6 Months Warranty for In the Box Accessories,Android mobile,11499,1.8,480.0,Economic
REDMI 13C 5G ,6 GB RAM | 128 GB ROM | Expandable Upto 1 TB17.12 cm (6.74 inch) HD+ Display50MP Rear Camera | 5MP Front Camera5000 mAh BatteryMediatek Dimensity 6100+ Processor1 Year Manufacturer Warranty for Phone and 6 Months Warranty for In the Box Accessories,Android mobile,11499,3.3,594.0,Economic
REDMI Note 13 5G ,6 GB RAM | 128 GB ROM16.94 cm (6.67 inch) Display108MP Rear Camera5000 mAh Battery1 Year Brand Warranty,Android mobile,14760,4.4,1056.0,Economic
realme 12 Pro+ 5G ,8 GB RAM | 128 GB ROM17.02 cm (6.7 inch) Full HD+ Display50MP + 8MP + 64MP | 32MP Front Camera5000 mAh BatterySnapdragon 7s Gen 2 Processor1 Year Manufacturer Warranty for Device and 6 Months Manufacturer Warranty for Inbox Accessories,Android mobile,29999,2.2,2656.0,Mid-range
Google Pixel 7a ,8 GB RAM | 128 GB ROM15.49 cm (6.1 inch) Full HD+ Display64MP (OIS) + 13MP | 13MP Front Camera4300 mAh BatteryTensor G2 Processor1 Year Domestic Warranty,Android mobile,31999,1.7,2213.0,Mid-range
realme P1 Pro 5G ,8 GB RAM | 128 GB ROM17.02 cm (6.7 inch) Full HD+ Display50MP + 8MP | 16MP Front Camera5000 mAh Battery6 Gen 1 Processor1 Year Manufacturer Warranty for Device and 6 Months Manufacturer Warranty for Inbox Accessories,Android mobile,19999,2.7,1377.0,Economic
Nothing Phone ,8 GB RAM | 256 GB ROM17.02 cm (6.7 inch) Full HD+ Display50MP (OIS) + 50MP | 32MP Front Camera5000 mAh BatteryDimensity 7200 Pro Processor1 Year Manufacturing Warranty,Android mobile,24999,3.0,5294.0,Mid-range
Nothing Phone ,8 GB RAM | 128 GB ROM17.02 cm (6.7 inch) Full HD+ Display50MP (OIS) + 50MP | 32MP Front Camera5000 mAh BatteryDimensity 7200 Pro Processor1 Year Manufacturing Warranty,Android mobile,22999,4.4,5294.0,Economic
realme 12x 5G ,6 GB RAM | 128 GB ROM | Expandable Upto 2 TB17.07 cm (6.72 inch) Full HD+ Display50MP + 2MP | 8MP Front Camera5000 mAh BatteryDimensity 6100+ Processor1 Year Manufacturer Warranty for Device and 6 Months Manufacturer Warranty for Inbox Accessories,Android mobile,12499,4.6,3309.0,Economic
Nothing Phone ,8 GB RAM | 256 GB ROM17.02 cm (6.7 inch) Full HD+ Display50MP (OIS) + 50MP | 32MP Front Camera5000 mAh BatteryDimensity 7200 Pro Processor1 Year Manufacturing Warranty,Android mobile,24999,4.8,5294.0,Mid-range
realme NARZO 70X 5G ,"8 GB RAM | 128 GB ROM17.07 cm (6.72 inch) Display50MP Rear Camera5000 mAh BatteryDimensity 6100 Plus, Octa Core Processor1 Year Domestic Warranty for Phone and 6 Months Warranty for In-Box Accessories",Android mobile,12940,4.1,31.0,Economic
realme 12 Pro 5G ,8 GB RAM | 128 GB ROM17.02 cm (6.7 inch) Full HD+ Display50MP + 8MP + 32MP | 16MP Front Camera5000 mAh BatterySnapdragon 6 Gen 1 Processor1 Year Manufacturer Warranty for Device and 6 Months Manufacturer Warranty for Inbox Accessories,Android mobile,22999,2.4,2515.0,Mid-range
realme 12 Pro 5G ,8 GB RAM | 256 GB ROM17.02 cm (6.7 inch) Full HD+ Display50MP + 8MP + 32MP | 16MP Front Camera5000 mAh BatterySnapdragon 6 Gen 1 Processor1 Year Manufacturer Warranty for Device and 6 Months Manufacturer Warranty for Inbox Accessories,Android mobile,26999,4.5,2515.0,Mid-range
IQOO Z9 Lite 5G ,6 GB RAM | 128 GB ROM16.66 cm (6.56 inch) Display50MP Rear Camera5000 mAh Battery1 YEAR,Android mobile,11198,2.7,26.0,Economic
REDMI 13 5G ,6 GB RAM | 128 GB ROM | Expandable Upto 1 TB17.25 cm (6.79 inch) Full HD+ Display108MP + 2MP | 13MP Front Camera5030 mAh Lithium Polymer Battery4 Gen 2 AE Processor1 Year Manufacturer Warranty for Phone and 6 Months Warranty for In the Box Accessories,Android mobile,13499,2.2,269.0,Economic
Motorola G34 5G ,8 GB RAM | 128 GB ROM16.51 cm (6.5 inch) HD+ Display50MP + 2MP | 16MP Front Camera5000 mAh BatterySnapdragon 695 5G Processor1 Year on Handset and 6 Months on Accessories,Android mobile,11999,3.6,9449.0,Economic
vivo Y18i ,4 GB RAM | 64 GB ROM | Expandable Upto 1 TB16.66 cm (6.56 Inch) Display13MP + 0.08MP | 5MP Front Camera5000 mAh BatteryUNISCO T616 Processor1 Year Manufacturer Warranty for Phone and 6 Months Warranty for In the Box Accessories,Android mobile,7995,4.0,18.0,Economic
POCO X6 Pro 5G ,12 GB RAM | 512 GB ROM16.94 cm (6.67 inch) Display64MP + 8MP + 2MP | 16MP Front Camera5000 mAh BatteryDimensity D8300 Ultra Processor1 Year Manufacturer Warranty for Phone and 6 Months Warranty for In the Box Accessories,Android mobile,23999,4.0,1420.0,Mid-range
Google Pixel 9 Pro XL ,16 GB RAM | 256 GB ROM17.27 cm (6.8 inch) Display50MP + 48MP + 48MP | 42MP Front Camera5060 mAh BatteryGoogle Tensor G4 Processor1 Year Domestic Warranty,Android mobile,124999,2.5,27.0,Premium
OnePlus Nord CE4 ,8 GB RAM | 256 GB ROM17.02 cm (6.7 inch) Display50MP Rear Camera5500 mAh BatteryOxygenOS 14.0 ProcessorDomestic Warranty 1 Year For Handset And 6 month For Accessories.,Android mobile,24710,2.3,819.0,Mid-range
Google Pixel 9 Pro XL ,16 GB RAM | 256 GB ROM17.27 cm (6.8 inch) Display50MP + 48MP + 48MP | 42MP Front Camera5060 mAh BatteryGoogle Tensor G4 Processor1 Year Domestic Warranty,Android mobile,124999,2.8,27.0,Premium
realme GT 6 ,8 GB RAM | 256 GB ROM17.22 cm (6.78 inch) Full HD+ Display50MP + 8MP + 50MP | 32MP Front Camera5500 mAh Battery8s Gen 3 Mobile Platform Processor1 Year Manufacturer Warranty for Device and 6 Months Manufacturer Warranty for Inbox Accessories,Android mobile,40999,3.0,140.0,Mid-range
realme 13 Pro 5G ,8 GB RAM | 256 GB ROM17.02 cm (6.7 inch) Full HD+ Display50MP + 8MP + 2MP | 32MP Front Camera5200 mAh BatterySnapdragon 7s Gen2 Processor1 Year Manufacturer Warranty for Device and 6 Months Manufacturer Warranty for Inbox Accessories,Android mobile,26999,3.2,232.0,Mid-range
POCO X6 5G ,8 GB RAM | 256 GB ROM16.94 cm (6.67 inch) Display64MP + 8MP + 2MP | 16MP Front Camera5100 mAh Battery7s Gen 2 Mobile Platform 5G Processor1 Year Manufacturer Warranty for Phone and 6 Months Warranty for In the Box Accessories,Android mobile,16999,3.6,2100.0,Economic
REDMI Note 13 5G ,8 GB RAM | 256 GB ROM16.94 cm (6.67 inch) Display108MP Rear Camera5000 mAh Battery1 Year Brand Warranty,Android mobile,16338,4.1,503.0,Economic
vivo V40 5G ,8 GB RAM | 128 GB ROM17.22 cm (6.78 inch) Full HD+ Display50MP + 50MP | 50MP Front Camera5500 mAh BatterySnapdragon 7 Gen 3 Processor1 Year Warranty on Handset and 6 Months Warranty on Accessories,Android mobile,34999,3.8,410.0,Mid-range
IQOO Z9X ,8 GB RAM | 128 GB ROM17.07 cm (6.72 inch) Display50MP Rear Camera6000 mAh Battery1 year manufacturer warranty for device and 6 months manufacturer warranty for in-box accessories,Android mobile,16295,2.7,26.0,Economic
realme 13 Pro 5G ,8 GB RAM | 128 GB ROM17.02 cm (6.7 inch) Full HD+ Display50MP + 8MP + 2MP | 32MP Front Camera5200 mAh BatterySnapdragon 7s Gen2 Processor1 Year Manufacturer Warranty for Device and 6 Months Manufacturer Warranty for Inbox Accessories,Android mobile,24999,2.3,232.0,Mid-range
vivo V40 5G ,12 GB RAM | 512 GB ROM17.22 cm (6.78 inch) Full HD+ Display50MP + 50MP | 50MP Front Camera5500 mAh BatterySnapdragon 7 Gen 3 Processor1 Year Warranty on Handset and 6 Months Warranty on Accessories,Android mobile,41999,3.2,40.0,Mid-range
OnePlus 12R ,"8 GB RAM | 256 GB ROM17.22 cm (6.78 inch) Display50MP Rear Camera5500 mAh Battery1 Year Warranty
1 year manufacturer warranty for device and 1 year manufacturer warranty for in-box accessories including batteries from the date of purchase",Android mobile,36958,1.6,386.0,Mid-range
OnePlus Nord CE4 ,8 GB RAM | 128 GB ROM17.02 cm (6.7 inch) Display50MP Rear Camera5500 mAh BatteryOxygenOS 14.0 ProcessorDomestic Warranty 1 Year For Handset And 6 month For Accessories.,Android mobile,22885,4.0,819.0,Mid-range
REDMI 12 ,6 GB RAM | 128 GB ROM | Expandable Upto 1 TB17.25 cm (6.79 inch) Full HD+ Display50MP + 8MP + 2MP | 8MP Front Camera5000 mAh BatteryHelio G88 Processor1 Year Manufacturer Warranty for Phone and 6 Months Warranty for in the Box Accessories,Android mobile,7999,4.6,3758.0,Economic
itel P55T ,4 GB RAM | 128 GB ROM | Expandable Upto 1 TB16.66 cm (6.56 inch) Display50MP Rear Camera | 8MP Front Camera6000 mAh Battery1 Year Manufacturer Warranty,Android mobile,6890,3.5,18.0,Economic
SAMSUNG Galaxy F15 5G ,6 GB RAM | 128 GB ROM | Expandable Upto 1 TB16.51 cm (6.5 inch) Full HD+ Display50MP + 5MP + 2MP | 13MP Front Camera6000 mAh Lithium ion BatteryMediaTek Dimensity 6100+ Processor1 Year Manufacturer Warranty for Device and 6 Months Manufacturer Warranty for In-Box Accessories,Android mobile,14999,4.8,2095.0,Economic
SAMSUNG Galaxy S23 FE ,8 GB RAM | 256 GB ROM16.26 cm (6.4 inch) Full HD+ Display50MP + 12MP | 10MP Front Camera4500 mAh BatterySamsung Exynos 2200 Processor1 Year Manufacturer Warranty for Device and 6 Months for In-Box Accessories,Android mobile,32999,4.3,1969.0,Mid-range
Infinix Hot 12 Pro ,6 GB RAM | 64 GB ROM | Expandable Upto 256 GB16.76 cm (6.6 inch) HD+ Display50 MP + Depth Lens | 8MP Front Camera5000 mAh Lithium-ion Polymer BatteryUnisoc T616 Processor1 Year on Handset and 6 Months on Accessories,Android mobile,10999,2.9,711.0,Economic
SAMSUNG Galaxy A14 5G ,4 GB RAM | 64 GB ROM | Expandable Upto 1 TB16.76 cm (6.6 inch) Full HD+ Display50MP + 2MP + 2MP | 13MP Front Camera5000 mAh Lithium Ion BatteryExynos 1330 Processor1 Year Manufacturer Warranty for Device and 6 Months Manufacturer Warranty for In-Box Accessories,Android mobile,8999,2.4,611.0,Economic
vivo T2x 5G ,4 GB RAM | 128 GB ROM16.71 cm (6.58 inch) Full HD+ Display50MP + 2MP | 8MP Front Camera5000 mAh BatteryMediatek Dimensity 6020 Processor1 Year of Device & 6 Months for Inbox Accessories,Android mobile,12450,4.8,9361.0,Economic
IQOO Z9 LITE 5G ,4 GB RAM | 128 GB ROM16.66 cm (6.56 inch) Display50MP Rear Camera5000 mAh Battery1 YEAR,Android mobile,10548,2.2,37.0,Economic
OPPO F25 Pro 5G ,8 GB RAM | 128 GB ROM | Expandable Upto 2 TB17.02 cm (6.7 inch) Full HD+ Display64MP + 8MP + 2MP | 32MP Front Camera5000 mAh BatteryDimensity 7050 Processor1 Year Manufacturer Warranty for Device and 6 Months Manufacturer Warranty for Inbox Accessories,Android mobile,19999,2.1,372.0,Economic
REDMI Note 13 5G ,6 GB RAM | 128 GB ROM | Expandable Upto 1 TB16.94 cm (6.67 inch) Full HD+ Display108MP + 2MP | 16MP Front Camera5000 mAh BatteryDimensity 6080 Processor1 Year Manufacturer Warranty for Phone and 6 Months Warranty for In the Box Accessories,Android mobile,15999,1.8,1056.0,Economic
realme NARZO N65 5G ,4 GB RAM | 128 GB ROM16.94 cm (6.67 inch) Display50MP Rear Camera5000 mAh Battery1 Year,Android mobile,12490,2.8,18.0,Economic
Samsung Galaxy S21 FE 5G with Snapdragon 888 ,8 GB RAM | 256 GB ROM16.26 cm (6.4 inch) Full HD+ Display12MP + 12MP + 8MP (OIS) | 32MP Front Camera4500 mAh Lithium-ion BatterySnapdragon 888 Processor1 Year Manufacturer Warranty for Device and 6 Months Manufacturer Warranty for In-Box Accessories,Android mobile,27980,2.9,13964.0,Mid-range
vivo V40 Pro 5G ,12 GB RAM | 512 GB ROM17.22 cm (6.78 inch) Full HD+ Display50MP + 50MP + 50MP | 50MP Front Camera5500 mAh BatteryDimensity 9200+ Processor1 Year Warranty on Handset and 6 Months Warranty on Accessories,Android mobile,55999,2.1,48.0,Premium
realme P1 5G ,8 GB RAM | 256 GB ROM | Expandable Upto 2 TB16.94 cm (6.67 inch) Full HD+ Display50MP + 2MP | 16MP Front Camera5000 mAh BatteryDimensity 7050 Processor1 Year Manufacturer Warranty for Device and 6 Months Manufacturer Warranty for Inbox Accessories,Android mobile,18999,3.5,1323.0,Economic
OnePlus Nord 2T 5G ,8 GB RAM | 128 GB ROM17.02 cm (6.7 inch) Display50MP Rear Camera4500 mAh Battery12 Month,Android mobile,24360,3.3,1042.0,Mid-range
Motorola Edge 50 Pro 5G with 125W Charger ,12 GB RAM | 256 GB ROM17.02 cm (6.7 inch) Display50MP + 13MP + 10MP | 50MP Front Camera4500 mAh Battery7 Gen 3 Mobile Platform Processor1 Year on Handset and 6 Months on Accessories,Android mobile,29999,2.2,1588.0,Mid-range
OPPO F27 Pro+ ,8 GB RAM | 256 GB ROM17.02 cm (6.7 inch) Full HD+ Display64MP + 2MP | 8MP Front Camera5000 mAh BatteryDimensity 7050 Processor1 Year Manufacturer Warranty for Device and 6 Months Manufacturer Warranty for Inbox Accessories,Android mobile,29999,2.8,133.0,Mid-range
0,32 MB RAM | 32 MB ROM | Expandable Upto 32 GB6.1 cm (2.4 inch) Display0.3MP Rear Camera1200 mAh Battery1 Year Manufacture warranty,Android mobile,1269,3.4,16.0,Economic
OnePlus 11 5G ,8 GB RAM | 128 GB ROM17.02 cm (6.7 inch) Display50MP Rear Camera5000 mAh Batterydomestic warranty of 12 months on phone & 6 months on accessories,Android mobile,35183,1.2,96.0,Mid-range
Infinix HOT 30i ,8 GB RAM | 128 GB ROM | Expandable Upto 1 TB16.76 cm (6.6 inch) HD+ Display50MP + AI Lens | 5MP Front Camera5000 mAh BatteryG37 Processor1 Year on Handset and 6 Months on Accessories,Android mobile,9499,1.9,8371.0,Economic
Infinix HOT 30i ,4 GB RAM | 64 GB ROM | Expandable Upto 1 TB16.76 cm (6.6 inch) HD+ Display50MP + AI Lens | 5MP Front Camera5000 mAh BatteryG37 Processor1 Year on Handset and 6 Months on Accessories,Android mobile,8399,4.4,1593.0,Economic
Mi 11 Lite ,8 GB RAM | 128 GB ROM | Expandable Upto 512 GB16.64 cm (6.55 inch) Full HD+ Display64MP + 8MP + 5MP | 16MP Front Camera4250 mAh Li-Polymer BatteryQualcomm Snapdragon 732G Processor1 Year Manufacturer Warranty for Handset and 6 Months Warranty for In the Box Accessories,Android mobile,23999,2.4,637.0,Mid-range
REDMI A3 ,6 GB RAM | 128 GB ROM | Expandable Upto 1 TB17.04 cm (6.71 inch) HD+ Display8MP Rear Camera | 5MP Front Camera5000 mAh BatteryMediatek Helio G36 Processor1 Year Manufacturer Warranty for Phone and 6 Months Warranty for In the Box Accessories,Android mobile,8999,1.7,54.0,Economic
itel A70 ,4 GB RAM | 256 GB ROM15.24 cm (6 inch) Display13MP Rear Camera5000 mAh BatteryDomestic Warranty 1 Year For Handset And 6 Month For Accessories.,Android mobile,7279,2.2,10.0,Economic
REDMI 12 ,6 GB RAM | 128 GB ROM | Expandable Upto 1 TB17.25 cm (6.79 inch) Full HD+ Display50MP + 8MP + 2MP | 8MP Front Camera5000 mAh BatteryHelio G88 Processor1 Year Manufacturer Warranty for Phone and 6 Months Warranty for in the Box Accessories,Android mobile,8848,3.2,3758.0,Economic
realme Narzo N55 ,4 GB RAM | 64 GB ROM17.07 cm (6.72 inch) Display64MP Rear Camera5000 mAh Battery1 Year Domestic Warranty for Phone and 6 Months Warranty for In-Box Accessories,Android mobile,9999,2.5,158.0,Economic
SAMSUNG Galaxy S22 5G ,8 GB RAM | 128 GB ROM15.49 cm (6.1 inch) Full HD+ Display50MP + 12MP + 10MP | 10MP Front Camera3700 mAh Lithium-ion BatterySnapdragon 8 Gen 1 Processor1 Year Manufacturer Warranty for Device and 6 Months Manufacturer Warranty for In-Box Accessories,Android mobile,51099,4.6,1651.0,Premium
realme 10 Pro+ 5G ,6 GB RAM | 128 GB ROM17.02 cm (6.7 inch) Full HD+ Display108MP + 8MP + 2MP | 16MP Front Camera5000 mAh BatteryMediatek Dimensity 1080 5G Processor1 Year Manufacturer Warranty for Phone and 6 Months Warranty for In-Box Accessories,Android mobile,24999,1.6,2935.0,Mid-range
Apple iPhone 15 Plus ,"256 GB ROM17.02 cm (6.7 inch) Super Retina XDR Display48MP + 12MP | 12MP Front CameraA16 Bionic Chip, 6 Core Processor Processor1 Year Warranty for Phone and 6 Months Warranty for In-Box Accessories",iPhone,75999,1.3,1307.0,Premium
Apple iPhone 16 ,"256 GB ROM15.49 cm (6.1 inch) Super Retina XDR Display48MP + 12MP | 12MP Front CameraA18 Chip, 6 Core Processor Processor1 Year Warranty for Phone and 6 Months Warranty for In-Box Accessories",iPhone,89900,4.2,29.0,Premium
Apple iPhone 16 Plus ,"512 GB ROM17.02 cm (6.7 inch) Super Retina XDR Display48MP + 12MP | 12MP Front CameraA18 Chip, 6 Core Processor Processor1 Year Warranty for Phone and 6 Months Warranty for In-Box Accessories",iPhone,119900,2.5,23.0,Premium
Apple iPhone 14 Plus ,"512 GB ROM17.02 cm (6.7 inch) Super Retina XDR Display12MP + 12MP | 12MP Front CameraA15 Bionic Chip, 6 Core Processor Processor1 Year Warranty for Phone and 6 Months Warranty for In-Box Accessories",iPhone,76999,4.2,4658.0,Premium
Apple iPhone 16 Pro ,"1 TB ROM16.0 cm (6.3 inch) Super Retina XDR Display48MP + 48MP + 12MP | 12MP Front CameraA18 Pro Chip, 6 Core Processor Processor1 Year Warranty for Phone and 6 Months Warranty for In-Box Accessories",iPhone,169900,1.3,7.0,Premium
Apple iPhone 11 ,128 GB ROM15.49 cm (6.1 inch) Liquid Retina HD Display12MP + 12MP | 12MP Front CameraA13 Bionic Chip ProcessorBrand Warranty of 1 Year,iPhone,24999,2.6,11431.0,Mid-range
Apple iPhone 14 ,"128 GB ROM15.49 cm (6.1 inch) Super Retina XDR Display12MP + 12MP | 12MP Front CameraA15 Bionic Chip, 6 Core Processor Processor1 Year Warranty for Phone and 6 Months Warranty for In-Box Accessories",iPhone,50999,4.8,11648.0,Premium
Apple iPhone 12 ,"128 GB ROM15.49 cm (6.1 inch) Super Retina XDR Display12MP + 12MP | 12MP Front CameraA14 Bionic Chip with Next Generation Neural Engine ProcessorCeramic ShieldIndustry-leading IP68 Water ResistanceAll Screen OLED Display12MP TrueDepth Front Camera with Night Mode, 4K Dolby Vision HDR RecordingBrand Warranty for 1 Year",iPhone,54900,3.4,13924.0,Premium
Apple iPhone 14 ,"512 GB ROM15.49 cm (6.1 inch) Super Retina XDR Display12MP + 12MP | 12MP Front CameraA15 Bionic Chip, 6 Core Processor Processor1 Year Warranty for Phone and 6 Months Warranty for In-Box Accessories",iPhone,66999,2.7,11648.0,Premium
Apple iPhone 14 ,"256 GB ROM15.49 cm (6.1 inch) Super Retina XDR Display12MP + 12MP | 12MP Front CameraA15 Bionic Chip, 6 Core Processor Processor1 Year Warranty for Phone and 6 Months Warranty for In-Box Accessories",iPhone,60999,1.2,11648.0,Premium
Apple iPhone 14 ,"512 GB ROM15.49 cm (6.1 inch) Super Retina XDR Display12MP + 12MP | 12MP Front CameraA15 Bionic Chip, 6 Core Processor Processor1 Year Warranty for Phone and 6 Months Warranty for In-Box Accessories",iPhone,66999,3.0,11648.0,Premium
Apple iPhone 14 Pro Max ,"512 GB ROM17.02 cm (6.7 inch) Super Retina XDR Display48MP + 12MP + 12MP | 12MP Front CameraA16 Bionic Chip, 6 Core Processor Processor1 Year Warranty for Phone and 6 Months Warranty for In-Box Accessories",iPhone,164900,5.0,170.0,Premium
Apple iPhone 14 Pro ,"128 GB ROM15.49 cm (6.1 inch) Super Retina XDR Display48MP + 12MP + 12MP | 12MP Front CameraA16 Bionic Chip, 6 Core Processor Processor1 Year Warranty for Phone and 6 Months Warranty for In-Box Accessories",iPhone,119900,3.6,153.0,Premium
Apple iPhone 16 ,"128 GB ROM15.49 cm (6.1 inch) Super Retina XDR Display48MP + 12MP | 12MP Front CameraA18 Chip, 6 Core Processor Processor1 Year Warranty for Phone and 6 Months Warranty for In-Box Accessories",iPhone,79900,4.2,29.0,Premium
Apple iPhone XR ,64 GB ROM15.49 cm (6.1 inch) Display12MP Rear Camera | 7MP Front CameraA12 Bionic Chip ProcessoriOS 13 CompatibleBrand Warranty of 1 Year,iPhone,47900,1.1,8489.0,Mid-range
Apple iPhone 15 Pro ,"1 TB ROM15.49 cm (6.1 inch) Super Retina XDR Display48MP + 12MP + 12MP | 12MP Front CameraA17 Pro Chip, 6 Core Processor Processor1 Year Warranty for Phone and 6 Months Warranty for In-Box Accessories",iPhone,130999,3.5,109.0,Premium
Apple iPhone 12 ,"128 GB ROM15.49 cm (6.1 inch) Super Retina XDR Display12MP + 12MP | 12MP Front CameraA14 Bionic Chip with Next Generation Neural Engine ProcessorCeramic ShieldIndustry-leading IP68 Water ResistanceAll Screen OLED Display12MP TrueDepth Front Camera with Night Mode, 4K Dolby Vision HDR RecordingBrand Warranty for 1 Year",iPhone,54900,2.6,13924.0,Premium
Apple iPhone 12 mini ,"256 GB ROM13.72 cm (5.4 inch) Super Retina XDR Display12MP + 12MP | 12MP Front CameraA14 Bionic Chip with Next Generation Neural Engine ProcessorCeramic ShieldIndustry-leading IP68 Water ResistanceAll Screen OLED Display12MP TrueDepth Front Camera with Night Mode, 4K Dolby Vision HDR RecordingBrand Warranty for 1 Year",iPhone,74900,5.0,10202.0,Premium
Apple iPhone 15 Pro Max ,"1 TB ROM17.02 cm (6.7 inch) Super Retina XDR Display48MP + 12MP + 12MP | 12MP Front CameraA17 Pro Chip, 6 Core Processor Processor1 Year Warranty for Phone and 6 Months Warranty for In-Box Accessories",iPhone,140999,3.3,111.0,Premium
Apple iPhone 11 Pro ,512 GB ROM14.73 cm (5.8 inch) Super Retina XDR Display12MP + 12MP + 12MP | 12MP Front CameraA13 Bionic Chip ProcessorBrand Warranty for 1 Year,iPhone,140300,4.4,623.0,Premium
Apple iPhone 11 Pro Max ,256 GB ROM16.51 cm (6.5 inch) Super Retina XDR Display12MP + 12MP + 12MP | 12MP Front CameraA13 Bionic Chip ProcessorBrand Warranty for 1 Year,iPhone,131900,2.0,99.0,Premium
Apple iPhone 16 ,"128 GB ROM15.49 cm (6.1 inch) Super Retina XDR Display48MP + 12MP | 12MP Front CameraA18 Chip, 6 Core Processor Processor1 Year Warranty for Phone and 6 Months Warranty for In-Box Accessories",iPhone,79900,4.8,29.0,Premium
Apple iPhone 12 Pro Max ,"256 GB ROM17.02 cm (6.7 inch) Super Retina XDR Display12MP + 12MP + 12MP | 12MP Front CameraA14 Bionic Chip with Next Generation Neural Engine ProcessorCeramic Shield | Industry-leading IP68 Water ResistanceAll Screen OLED DisplayLiDAR Scanner for Improved AR Experiences, Night Mode PortraitsBrand Warranty for 1 Year",iPhone,129900,4.3,101.0,Premium
Apple iPhone 6s ,16 GB ROM11.94 cm (4.7 inch) Retina HD Display12MP Rear Camera | 5MP Front CameraA9 Chip with 64-bit Architecture and M9 Motion Co-processorBrand Warranty of 1 Year,iPhone,41999,4.2,9180.0,Premium
Apple iPhone 13 Pro Max ,512 GB ROM17.02 cm (6.7 inch) Super Retina XDR Display12MP + 12MP + 12MP | 12MP Front CameraA15 Bionic Chip ProcessorBrand Warranty for 1 Year,iPhone,159900,1.9,195.0,Premium
Apple iPhone 6 Plus ,16 GB ROM13.97 cm (5.5 inch) Retina HD Display8MP Rear Camera | 1.2MP Front CameraApple A8 64-bit processor and M8 Motion Co-processor1 Year for Mobile & 6 Months for Accessories,iPhone,40999,1.9,197.0,Mid-range
Apple iPhone 6 ,32 GB ROM11.94 cm (4.7 inch) Retina HD Display8MP Rear Camera | 1.2MP Front CameraApple A8 64-bit processor and M8 Motion Co-processorBrand Warranty of 1 Year,iPhone,30780,5.0,16120.0,Mid-range
Apple iPhone 14 Pro ,"128 GB ROM15.49 cm (6.1 inch) Super Retina XDR Display48MP + 12MP + 12MP | 12MP Front CameraA16 Bionic Chip, 6 Core Processor Processor1 Year Warranty for Phone and 6 Months Warranty for In-Box Accessories",iPhone,119900,4.9,153.0,Premium
Apple iPhone 12 Pro Max ,"512 GB ROM17.02 cm (6.7 inch) Super Retina XDR Display12MP + 12MP + 12MP | 12MP Front CameraA14 Bionic Chip with Next Generation Neural Engine ProcessorCeramic Shield | Industry-leading IP68 Water ResistanceAll Screen OLED DisplayLiDAR Scanner for Improved AR Experiences, Night Mode PortraitsBrand Warranty for 1 Year",iPhone,149900,2.2,101.0,Premium
Apple iPhone 6s Plus ,64 GB ROM13.97 cm (5.5 inch) Retina HD Display12MP Rear Camera | 5MP Front CameraA9 Chip with 64-bit Architecture and M9 Motion Co-processorBrand Warranty of 1 Year,iPhone,59999,3.4,2359.0,Premium
Apple iPhone XS Max ,256 GB ROM16.51 cm (6.5 inch) Super Retina HD Display12MP + 12MP | 7MP Front CameraA12 Bionic Chip ProcessoriOS 13 Compatible1 Year Limited Warranty for Products and Accessories,iPhone,124900,3.1,146.0,Premium
Apple iPhone SE ,"64 GB ROM11.94 cm (4.7 inch) Retina HD Display12MP Rear Camera | 7MP Front CameraA13 Bionic Chip with 3rd Gen Neural Engine ProcessorWater and Dust Resistant (1 meter for Upto 30 minutes, IP67)Fast Charge CapableWireless charging (Works with Qi Chargers | Qi Chargers are Sold SeparatelyBrand Warranty for 1 Year",iPhone,39900,1.5,12015.0,Mid-range
Apple iPhone 5C ,8 GB ROM10.16 cm (4 inch) Retina Display8MP Rear Camera | 1.2MP Front CameraA6 Chip Processor1 Year Manufacturer Warranty,iPhone,37500,4.5,265.0,Mid-range
Apple iPhone 5C ,16 GB ROM10.16 cm (4 inch) Retina Display8MP Rear Camera | 1.2MP Front CameraA6 Chip Processor1 Year Manufacturer Warranty,iPhone,41900,1.6,265.0,Mid-range
Apple iPhone 12 mini ,"128 GB ROM13.72 cm (5.4 inch) Super Retina XDR Display12MP + 12MP | 12MP Front CameraA14 Bionic Chip with Next Generation Neural Engine ProcessorCeramic ShieldIndustry-leading IP68 Water ResistanceAll Screen OLED Display12MP TrueDepth Front Camera with Night Mode, 4K Dolby Vision HDR RecordingBrand Warranty for 1 Year",iPhone,64900,2.4,10202.0,Premium
SAMSUNG 236 L Frost Free Double Door 3 Star Convertible Refrigerator  with Digital Inverter and Displa...,"Digital Inverter CompressorBuilt-in Stabilizer1 year comprehensive warranty on the product, 20 years on compressor by the brand.",Fridge,26990,4.0,1235.0,Mid-range
CANDY 190 L Direct Cool Single Door 5 Star Refrigerator with Base Drawer  with Jumbo Fruit and vegetab...,Inverter CompressorBuilt-in Stabilizer1 Year Warranty on Product and 10 Years on Compressor,Fridge,14990,2.6,198.0,Economic
"Godrej 180 L Direct Cool Single Door 4 Star Refrigerator with Base Drawer  with Faster Bottle Cooling,...",Fixed speed compressorBuilt-in Stabilizer1 Year Comprehensive Warranty on Product and 10 Years Warranty on Compressor,Fridge,14690,2.5,203.0,Economic
LG 205 L Direct Cool Single Door 4 Star Refrigerator,Smart Inverter CompressorBuilt-in Stabilizer1 Year on Product and 10 Years on Compressor From LG,Fridge,17990,2.9,13.0,Economic
Whirlpool 184 L Direct Cool Single Door 4 Star Refrigerator,Normal Compressor1 Year on Product and 10 Years on Compressor From Whirlpool,Fridge,15170,1.4,1051.0,Economic
Whirlpool 235 L Frost Free Double Door 2 Star Refrigerator  with Glass Door,Inverter CompressorBuilt-in Stabilizer1 Year Comprehensive on the Product and 10 Years on the Compressor from Whirlpool,Fridge,23639,4.7,230.0,Mid-range
Voltas Beko 183 L Direct Cool Single Door 4 Star Refrigerator,Reciprocating CompressorBuilt-in Stabilizer1 Year Comprehensive Warranty on Product and 10 Years Compressor Warranty,Fridge,14690,3.9,0.0,Economic
Admiral 175 L Direct Cool Single Door 3 Star Refrigerator,Reciprocating CompressorBuilt-in Stabilizer3 Years on Product and 5 Years on Compressor Warranty,Fridge,10790,5.0,8.0,Economic
Haier 598 L Frost Free Triple Door Convertible Refrigerator  with 83% Convertible Fridge SpaceDigital ...,InverterBuilt-in Stabilizer1 Year Warranty on Product and 10 Years Warranty on Compressor,Fridge,99990,1.8,0.0,Premium
"Lloyd 188 L Direct Cool Single Door 5 Star Refrigerator with Base Drawer  with Fast Ice Making, Quick ...",Inverter CompressorBuilt-in Stabilizer1 Year Warranty on Product and 10 Years Warranty on Compressor,Fridge,16990,3.2,24.0,Economic
BOSCH 207 L Direct Cool Single Door 5 Star Refrigerator with Base Drawer,Reciprocating CompressorBuilt-in Stabilizer1 Year Comprehensive Warranty on Product and 10 Years Warranty on Compressor,Fridge,21990,2.6,8.0,Mid-range
SAMSUNG 550 L Frost Free French Door Bottom Mount Convertible Refrigerator  with Digital Inverter,"Digital Inverter CompressorBuilt-in Stabilizer1 year comprehensive warranty on the product, 20 years on compressor by the brand.",Fridge,69990,1.1,65.0,Premium
SAMSUNG 189 L Direct Cool Single Door 5 Star Refrigerator with Base Drawer  with Digi-Touch Cool & Dig...,Digital Inverter CompressorBuilt-in Stabilizer1 Year Comprehensive Warranty on Product and 20 Years Warranty on Compressor,Fridge,17990,1.0,2884.0,Economic
SAMSUNG 223 L Direct Cool Single Door 3 Star Refrigerator,Digital Inverter CompressorBuilt-in Stabilizer1 Year Comprehensive Warranty on Product and 10 Years Warranty on Compressor,Fridge,19890,2.8,2.0,Economic
"SAMSUNG 653 L Frost Free Side by Side 5 Star Refrigerator  with AI and WiFi, Convertible 5-in-1, Digit...",Digital Inverter CompressorBuilt-in Stabilizer1 Year Comprehensive Warranty on Product and 20 Years Warranty on Compressor,Fridge,99990,3.5,120.0,Premium
LG 185 L Direct Cool Single Door 2 Star Refrigerator,Reciprocating CompressorBuilt-in Stabilizer1 Year Warranty on Product and 10 Years Warranty on Compressor from LG,Fridge,13990,3.5,781.0,Economic
Lloyd by Havells 587 L Frost Free Side by Side Refrigerator,Fixed SpeedBuilt-in Stabilizer1 Year Warranty on product and 9 year warranty on Compressor,Fridge,54990,1.9,37.0,Premium
Whirlpool 184 L Direct Cool Single Door 4 Star Refrigerator  with Intellisense Inverter Compressor,Normal Compressor1 Year Comprehensive Warranty on Product and 9 Years Additional Warranty on Compressor,Fridge,15440,3.9,1051.0,Economic
Lifelong 505 L Frost Free Side by Side Refrigerator,Inverter Compressor1 Year Warranty on Product and 10 Years on Compressor,Fridge,47990,3.2,97.0,Mid-range
Haier 445 L Frost Free Double Door Bottom Mount 2 Star Refrigerator,InverterBuilt-in Stabilizer1 Year Warranty on Product and 10 Years Warranty on Compressor,Fridge,50290,3.5,0.0,Mid-range
Liebherr 205 L Direct Cool Single Door 4 Star Refrigerator,"ReciprocatingBuilt-in Stabilizer1-year comprehensive warranty (additional 2 years warranty upon registration completed within 15 days of purchase) and 10 Years Warranty on Compressor. Registration can be done via the QR Code on the product or by contacting our customer care team via email.
Offer Period: 13 Oct'2023-31 Dec' 2023",Fridge,16990,1.8,19.0,Economic
Godrej 183 L Direct Cool Single Door 2 Star Refrigerator  with Toughened Glass Shelves And Turbo Cooli...,Fixed Speed CompressorBuilt-in Stabilizer1 Year Comprehensive Warranty on Product and 10 Years Warranty on Compressor,Fridge,12390,3.0,367.0,Economic
SAMSUNG 236 L Frost Free Double Door 2 Star Refrigerator with Base Drawer,Digital Inverter CompressorBuilt-in Stabilizer1 Year Comprehensive Warranty on Product and 20 Years Warranty on Compressor,Fridge,29600,3.2,4.0,Mid-range
Whirlpool 192 L Direct Cool Single Door 3 Star Refrigerator,"Normal CompressorBuilt-in Stabilizer1 Year Comprehensive Warranty on Product, 10 Years Warranty on Compressor",Fridge,18100,5.0,0.0,Economic
Whirlpool 200 L Direct Cool Single Door 3 Star Refrigerator,Digital InverterBuilt-in Stabilizer1 Year on Product and 10 Years on Compressor From Whirlpool,Fridge,15290,3.5,0.0,Economic
"LG 272 L Frost Free Double Door 2 Star Refrigerator  with Inverter Compressor, Express Freeze, Smart C...",Smart Inverter CompressorBuilt-in Stabilizer1 Year Warranty on Product and 10 Years Warranty on Compressor From LG,Fridge,31900,1.0,44.0,Mid-range
LG 201 L Direct Cool Single Door 3 Star Refrigerator  with Fast Ice Making,Conventional CompressorBuilt-in Stabilizer1 Year Warranty on Product and 10 Years Warranty on Compressor from LG,Fridge,15990,4.4,4.0,Economic
Whirlpool 235 L Frost Free Double Door 2 Star Refrigerator,"Digital InverterBuilt-in Stabilizer1 Year on product, 10 years on compressor",Fridge,23879,4.9,0.0,Mid-range
Lloyd by Havells 225 L Direct Cool Single Door 3 Star Refrigerator,Inverter CompressorBuilt-in Stabilizer1 Year Domestic Warranty on Product and Additional 9 Years on Compressor,Fridge,15990,1.8,5.0,Economic
BOSCH 559 L Frost Free Double Door Bottom Mount 2 Star Refrigerator,"InverterBuilt-in Stabilizer1 year warranty on the product, 10 years on the Compressor",Fridge,68490,1.5,2.0,Premium
Liebherr 310 L Frost Free Double Door 2 Star Refrigerator,"NextGen 8 Step Inverter CompressorBuilt-in Stabilizer1-year comprehensive warranty (additional 2 years warranty upon registration completed within 15 days of purchase) and 10 Years Warranty on Compressor. Registration can be done via the QR Code on the product or by contacting our customer care team via email.
Offer Period: 13 Oct'2023-31 Dec' 2023",Fridge,37490,1.2,0.0,Mid-range
"LG 322 L Frost Free Double Door 2 Star Refrigerator  with Inverter Compressor, Express Freeze & Multi ...",Smart Inverter CompressorBuilt-in Stabilizer1 Year Warranty on Product and 10 Years Warranty on Compressor From LG,Fridge,32990,4.8,388.0,Mid-range
Haier 265 L Frost Free Double Door 2 Star Refrigerator,NormalBuilt-in Stabilizer1 Year on Product and 10 Years on Compressor,Fridge,27888,2.7,0.0,Mid-range
Whirlpool 200 L Direct Cool Single Door 2 Star Refrigerator,Normal CompressorBuilt-in Stabilizer1 Year on Product and 10 Years on Compressor from Whirlpool,Fridge,15890,1.2,0.0,Economic
Whirlpool 190 L Direct Cool Single Door 4 Star Refrigerator,Inverter CompressorBuilt-in Stabilizer1 Year on Product and 10 Years on Compressor from Whirlpool,Fridge,17090,4.0,423.0,Economic
Haier 345 L Frost Free Double Door 3 Star Convertible Refrigerator,Inverter CompressorBuilt-in Stabilizer1 Year Warranty on Product and 10 Years Warranty on Compressor,Fridge,36990,1.1,1.0,Mid-range
Whirlpool 184 L Direct Cool Single Door 2 Star Refrigerator,Normal CompressorBuilt-in Stabilizer1 Year Warranty on Product and 10 Years Warranty on Compressor from Whirlpool,Fridge,13990,1.4,7.0,Economic
Haier 215 L Direct Cool Single Door 5 Star Refrigerator with Base Drawer  with Large Storage Space1 Ho...,InverterBuilt-in Stabilizer1 Year Warranty on Product and 10 Years Warranty on Compressor,Fridge,18290,2.9,5.0,Economic
Godrej 180 L Direct Cool Single Door 3 Star Refrigerator,RECIPROCATING10 Years Compressor Warranty; 1 Year Comprehensive Warranty,Fridge,14290,3.1,0.0,Economic
Haier 190 L Direct Cool Single Door 2 Star Refrigerator,Normal CompressorBuilt-in Stabilizer1 Year Warranty on Product and 10 Years on Compressor,Fridge,13490,3.0,490.0,Economic
IFB 187 L Direct Cool Single Door 5 Star Refrigerator with Base Drawer,Inverter CompressorBuilt-in Stabilizer1 Year Warranty on The Product and 10 Years Warranty on The Compressor,Fridge,16990,4.7,1.0,Economic
Panasonic 401 L Frost Free Double Door 2 Star Refrigerator,Inverter CompressorBuilt-in Stabilizer2 Years Comprehensive Warranty on Product and 10 Years Warranty on Compressor,Fridge,56990,2.8,14.0,Premium
SAMSUNG 192 L Direct Cool Single Door 3 Star Refrigerator,"Digital Inverter CompressorBuilt-in Stabilizer1 year comprehensive warranty on product, 20 years on compressor, For all Refrigerators with Digital Inverter Compressors, sold on or after 1st Dec 2022 (All Refrigerator apart from Non-Digital Inverter Technology Direct Cool Models) the Warranty period on the Digital Inverter Compressor shall be revised from 10 years to 20 years.",Fridge,15090,4.4,1113.0,Economic
Lloyd 260 L Frost Free Double Door 2 Star Refrigerator,Inverter CompressorBuilt-in Stabilizer1 Year Warranty on Product and Additional 9 Years Warranty on Compressor,Fridge,28590,2.9,0.0,Mid-range
SAMSUNG 183 L Direct Cool Single Door 4 Star Refrigerator,Digital Inverter CompressorBuilt-in Stabilizer1 Year Comprehensive Warranty on Product and 20 Years Warranty on Compressor,Fridge,18500,3.5,2.0,Economic
SAMSUNG 256 L Frost Free Double Door Top Mount 2 Star Convertible Refrigerator,"Digital InverterBuilt-in Stabilizer1 year comprehensive warranty on product, 20 years on compressor,",Fridge,32300,2.6,0.0,Mid-range
Haier 190 L Direct Cool Single Door 4 Star Refrigerator with Base Drawer,Normal CompressorBuilt-in Stabilizer1 Year Warranty on Product and 10 Years Warranty on Compressor,Fridge,17990,1.1,169.0,Economic
Hisense 690 L Frost Free Side by Side Refrigerator,Inverter Compressor1 Year on Refrigerator Unit and 10 Years on Compressor From Hisense,Fridge,58990,3.3,2.0,Premium
LG 674 L Frost Free Side by Side Refrigerator  with Smart Inverter Compressor ThinQ (Wi-Fi)Ã¯Â¿Â½ | DoorCoo...,Inverter CompressorBuilt-in Stabilizer1 Year Warranty on Product and 10 Years Warranty on Compressor,Fridge,114990,4.8,1.0,Premium
LG 242 L Frost Free Double Door Top Mount 2 Star Refrigerator,Smart Inverter CompressorBuilt-in Stabilizer1 Year Warranty on Product and 10 Years on Compressor from LG,Fridge,27751,3.3,1.0,Mid-range
LG 412 L Frost Free Double Door 1 Star Refrigerator,Smart Inverter CompressorBuilt-in Stabilizer1 Year Warranty on Product and 10 Years Warranty on Compressor from LG,Fridge,45990,1.8,0.0,Mid-range
SAMSUNG 183 L Direct Cool Single Door 4 Star Refrigerator,Digital Inverter CompressorBuilt-in Stabilizer1 Year Comprehensive Warranty on Product and 20 Years Warranty on Compressor,Fridge,18500,4.6,0.0,Economic
Whirlpool 190 L Direct Cool Single Door 2 Star Refrigerator,Normal CompressorBuilt-in Stabilizer1 Year on Product and 10 Years on Compressor from Whirlpool,Fridge,17999,2.1,1463.0,Economic
"SAMSUNG 653 L Frost Free Side by Side 3 Star Refrigerator  with AI and WiFi, Convertible 5-in-1, Digit...","Digital Inverter CompressorBuilt-in Stabilizer1 year comprehensive warranty on the product, 20 years on compressor by the brand.",Fridge,81990,4.4,120.0,Premium
SAMSUNG 189 L Direct Cool Single Door 4 Star Refrigerator,"Digital Inverter CompressorBuilt-in Stabilizer1 year comprehensive warranty on product, 20 years on compressor, For all Refrigerators with Digital Inverter Compressors, sold on or after 1st Dec 2022 (All Refrigerator apart from Non-Digital Inverter Technology Direct Cool Models) the Warranty period on the Digital Inverter Compressor shall be revised from 10 years to 20 years.",Fridge,18000,4.4,2.0,Economic
Whirlpool 184 L Direct Cool Single Door 2 Star Refrigerator,Normal Compressor1 Year on Product and 10 Years on the Compressor,Fridge,13950,2.9,1051.0,Economic
CANDY 165 L Direct Cool Single Door 1 Star Refrigerator  with Stabilizer free Operation,Normal CompressorBuilt-in Stabilizer1 Year Warranty on Product and 10 Years on Compressor,Fridge,9990,1.4,205.0,Economic
Godrej 185 L Direct Cool Single Door 3 Star Refrigerator,ReciprocatingBuilt-in Stabilizer1 Year Comprehensive Warranty and 10 Years Compressor Warranty from Godrej,Fridge,15700,2.8,0.0,Economic
Whirlpool 184 L Direct Cool Single Door 2 Star Refrigerator,Normal CompressorBuilt-in Stabilizer1 Year on Product and 10 Years on the Compressor,Fridge,14790,2.9,1.0,Economic
Voltas Beko by A Tata Product 340 L Frost Free Double Door Top Mount 2 Star Refrigerator,Pro Smart Inverter CompressorBuilt-in Stabilizer2 Years Comprehensive Warranty on Product and 12 Years Warranty on Compressor,Fridge,30990,1.2,20.0,Mid-range
BOSCH 263 L Frost Free Double Door Top Mount 3 Star Refrigerator,VarioInverterBuilt-in Stabilizer1 Year on Product and 10 Years on Compressor,Fridge,31790,1.4,1.0,Mid-range
Godrej 233 L Frost Free Double Door 2 Star Refrigerator,Inverter CompressorBuilt-in Stabilizer1 Year Comprehensive Warranty and 10 Years on Compressor from Godrej,Fridge,21490,4.8,0.0,Mid-range
SAMSUNG 385 L Frost Free Double Door 2 Star Convertible Refrigerator,Digital Inverter CompressorBuilt-in Stabilizer1 Year Comprehensive Warranty on Product and 20 Years Warranty on Compressor,Fridge,44990,1.6,0.0,Mid-range
LG 668 L Frost Free Side by Side Refrigerator  with Instaview and Smart ThinQ(WiFi Enabled),Inverter Linear Compressor1 Year Warranty on product and 10 Years Warranty on compressor from LG,Fridge,159990,1.7,1.0,Premium
Whirlpool 192 L Direct Cool Single Door 3 Star Refrigerator,"Normal CompressorBuilt-in Stabilizer1 Year on Product, 10 Years on Compressor",Fridge,15949,3.0,836.0,Economic
Haier 205 L Direct Cool Single Door 2 Star Refrigerator with Base Drawer,InverterBuilt-in Stabilizer1 Years Manufacturer Warranty & 10 Years Compressure warranty,Fridge,17741,2.8,0.0,Economic
LG 201 L Direct Cool Single Door 5 Star Refrigerator with Base Drawer  with Smart Inverter Compressor ...,Smart Inverter CompressorBuilt-in Stabilizer1 Year Warranty on Product and 10 Years Warranty on Compressor from LG,Fridge,19490,1.7,58.0,Economic
"LG 240 L Frost Free Double Door 2 Star Convertible Refrigerator  with Inverter Compressor, Express Fre...",Smart Inverter CompressorBuilt-in Stabilizer1 Year Warranty on Product and 10 Years Warranty on Compressor from LG,Fridge,28999,1.9,0.0,Mid-range
LG 594 L Frost Free Side by Side Inverter Technology Star Refrigerator  with with Hygiene Fresh+ and S...,Inverter Linear CompressorBuilt-in Stabilizer1 Year Warranty on Product and 10 Years Warranty on Compressor from LG,Fridge,90990,3.1,7.0,Premium
DIGISMART 35 L Storage Water Geyser ,Storage Geyser35 L2 YEAR MANUFACTURER WARRANTY,geyser,3999,1.3,205.0,Economic
GESTOR 10 L Storage Water Geyser ,Storage Geyser10 L1 Year Limited Domestic Brand Warranty on Product & 5 Years on Inner Tank/Container.,geyser,2999,4.8,53.0,Economic
BAJAJ 10 L Storage Water Geyser Suitable for large wall spaces ,"Storage Geyser10 LTank-5 Years,Heating Element-2 Years,Product-1 Years",geyser,5699,4.8,3308.0,Economic
BAJAJ 3 L Instant Water Geyser ,Instant Geyser3 L2 Year Manufacturer Warranty,geyser,2599,3.1,2109.0,Economic
Crompton 15 L Storage Water Geyser ,Storage Geyser15 Lna,geyser,7836,2.0,27.0,Economic
Polycab 25 L Storage Water Geyser ,Storage Geyser25 L2 Year Warranty,geyser,6699,4.9,14.0,Economic
V-Guard 15 L Storage Water Geyser with Free Installation & Flexi Pipes ,"Storage Geyser15 L2 Year (Product), 3 Year (Heating Element) & 5 Year (Inner Tank)",geyser,8299,4.0,167.0,Economic
Hindware Smart Appliances 25 L Storage Water Geyser ,"Storage Geyser25 L2 Years Comprehensive Warranty on Product, 3 Years Warranty on Heating Element and 5 Years Warranty on Tank",geyser,7499,2.3,681.0,Economic
Racold 15 L Storage Water Geyser with Flexi Pipe and Free Installation ,"Storage Geyser15 L2 Years on Product, 4 Years on Heating Element and 7 Years on Tank",geyser,11299,1.3,21.0,Economic
Haier 25 L Storage Water Geyser ,Storage Geyser25 L3 Years Warranty on Product and 7 Years Warranty on Tank,geyser,7990,4.5,12.0,Economic
V-Guard 3 L Instant Water Geyser ,Instant Geyser3 L2 Year V-Guard Company Domestic Warranty,geyser,3175,4.1,23.0,Economic
V-Guard 15 L Storage Water Geyser with Free Installation & Flexi Pipes ,"Storage Geyser15 L2 Year on Product, 4 Year on Heating Element, 7 Year on Inner Tank",geyser,9299,4.3,149.0,Economic
Racold 25 L Storage Water Geyser with Flexi Pipe and Free Installation ,"Storage Geyser25 L2 Years on Product, 2 Years on Heating Element and 3 Years on Tank",geyser,6999,2.7,71.0,Economic
V-Guard 25 L Storage Water Geyser with Free Installation & Flexi Pipes ,"Storage Geyser25 L2 Year (Product), 3 Year (Heating Element) & 7 Year (Inner Tank)",geyser,8299,1.1,281.0,Economic
ACTIVA 6 L Instant Water Geyser ,"Instant Geyser6 L5 Year Warranty On Inner Tank, 1 Year On Components",geyser,2499,4.4,1594.0,Economic
Candes 15 L Storage Water Geyser ,"Storage Geyser15 L5 Years Warranty on Inner Container & 1 Year Warranty on Components including On-Site & Off-Site, Domestic & International Warranty",geyser,4079,4.3,544.0,Economic
HAVELLS 25 L Storage Water Geyser ,Storage Geyser25 LTank Warranty-7 year Body and electrical components Warranty-2 Year Heating element Warranty-4 Year,geyser,9799,2.0,1.0,Economic
Hindware 25 L Storage Water Geyser ,"Storage Geyser25 L2 Years Comprehensive, 2 Years on Heating Element, 5 Years on Tank",geyser,7299,5.0,0.0,Economic
V-Guard 25 L Storage Water Geyser ,Storage Geyser25 LMatteo 3kW 25L comes with a 2-year offsite domestic warranty for manufacturing defects.  The Heating Element has a warranty of 2 years & the Inner Tank has a warranty of 5 years. Please contact V-Guard Customer Care 1800 103 1300(Toll-free) for service-related issues.,geyser,7749,1.8,593.0,Economic
Indo 3 L Instant Water Geyser ,Instant Geyser3 L2 Years On product and 5 Years Warranty on Inner Tank,geyser,2199,4.6,0.0,Economic
Hindware Smart Appliances 10 L Storage Water Geyser ,"Storage Geyser10 L2 Years Comprehensive, 3 Years on Heating Element, 7 Years on Tank",geyser,4999,4.2,1628.0,Economic
Longway 35 L Storage Water Geyser ,Storage Geyser35 L1 Year Limited Domestic Brand Warranty on Product & 5 Years on Inner Tank/Container.,geyser,4399,2.2,931.0,Economic
Crompton 25 L Storage Water Geyser ,"Storage Geyser25 LTank: 7 years, Heating Element: 2 years, Product: 2 years",geyser,7349,1.9,1414.0,Economic
V-Guard 15 L Storage Water Geyser with Free Installation & Flexi Pipes ,"Storage Geyser15 L2 Year (Product), 3 Year (Heating Element) & 7 Year (Inner Tank)",geyser,8299,1.5,6.0,Economic
BAJAJ 25 L Storage Water Geyser ,Storage Geyser25 LWarranty : 2 years on product,geyser,9799,3.0,149.0,Economic
CG 5 L Instant Water Geyser ,Instant Geyser5 L5 Year Inner Tank Warranty 2 Year Product Warranty,geyser,3099,1.8,39.0,Economic
Haier 25 L Storage Water Geyser ,Storage Geyser25 L3 YEARS FULL PRODUCT WARRANTY AND 7 YEARS TANK WARRANTY,geyser,8390,3.5,0.0,Economic
Crompton 25 L Storage Water Geyser ,"Storage Geyser25 LTank: 5 years, Heating Element: 2 years, Product: 2 years",geyser,8425,1.0,1414.0,Economic
HAVELLS 10 L Storage Water Geyser ,"Storage Geyser10 L7 Years Warranty on Inner Container, 4 Years Warranty on Heating Element, 2 Years Comprehensive Warranty",geyser,8199,3.5,140.0,Economic
Hindware Smart Appliances 10 L Storage Water Geyser ,"Storage Geyser10 L7 Years on Tank, 2 Years on Element and 2 years comprehensive",geyser,5799,2.3,348.0,Economic
Crompton 10 L Storage Water Geyser ,"Storage Geyser10 LTank: 5 years, Heating Element: 2 years, Product: 2 years",geyser,5549,4.4,940.0,Economic
MinMAX 10 L Storage Water Geyser ,Storage Geyser10 L60 months warranty on Inner Tank 12 Months warranty on Components  + 3Months extended warranty to get it registered you have register it with brand within 15 day (coustomer care +91 9625151748),geyser,2799,3.2,5.0,Economic
Crompton 3 L Instant Water Geyser ,"Instant Geyser3 LTank: 5 years, Heating Element: 2 years, Product: 2 years",geyser,2569,2.5,102.0,Economic
Haier 3 L Instant Water Geyser ,Instant Geyser3 L3 Year Comprehensive Warranty on Product,geyser,3199,3.4,8.0,Economic
BUYMORE 1 L Instant Water Geyser ,Instant Geyser1 L1 year manufacturer warranty,geyser,899,4.5,2.0,Economic
HAVELLS 25 L Storage Water Geyser ,"Storage Geyser25 L5 year warranty on Inner Container, 2 year comprehensive Warranty",geyser,9749,3.1,12.0,Economic
THERMO KING 3 L Storage Water Geyser ,Storage Geyser3 L1 year,geyser,2399,1.0,1.0,Economic
FABER 15 L Storage Water Geyser ,Storage Geyser15 LManufacturing Defects,geyser,8790,4.2,0.0,Economic
Racold 15 L Storage Water Geyser ,"Storage Geyser15 L2 Years on Product, 4 Years on Heating Element and 7 Years on Tank",geyser,9685,2.0,1.0,Economic
Kanishka 10 L Storage Water Geyser ,Storage Geyser10 L1 Year Manufacture Warranty on Components and 5 Years Warranty on Inner Container.,geyser,2999,4.4,1.0,Economic
Racold 25 L Storage Water Geyser ,Storage Geyser25 L2 Years Heating Element and 7 Years Inner Tank,geyser,8798,4.7,0.0,Economic
ACTIVA 10 L Instant Water Geyser ,Instant Geyser10 LManufacturer Warranty,geyser,3299,4.5,357.0,Economic
Kenstar 10 L Storage Water Geyser ,"Storage Geyser10 L2 Years Comprehensive Warranty. 5 Years on Tank, 2 Years on Heating Element & 2 Years on Product",geyser,4199,3.3,378.0,Economic
Polar 25 L Storage Water Geyser ,"Storage Geyser25 L7 years warranty on inner tank, 2 years on product.",geyser,7099,4.1,0.0,Economic
V-Guard 10 L Storage Water Geyser with Free Installation & Flexi Pipes ,"Storage Geyser10 L2 Year on Product, 4 Year on Heating Element, 7 Year on Inner Tank",geyser,8549,3.7,29.0,Economic
BAJAJ 15 L Storage Water Geyser ,Storage Geyser15 L2 years on product,geyser,9849,1.4,149.0,Economic
Jaquar 6 L Storage Water Geyser ,Storage Geyser6 L5 year warrrent on body,geyser,4999,4.8,1.0,Economic
HAVELLS 10 L Storage Water Geyser with Flexi Pipe and Free Installation ,"Storage Geyser10 L7 Years Warranty on Inner Container, 4 Years Warranty on Heating Element, 2 Years Comprehensive Warranty",geyser,7399,5.0,3.0,Economic
Haier 10 L Storage Water Geyser Shock Proof Incology Heating Element ,"Storage Geyser10 L3 years on product, 4 years on heating element and 10 years on inner tank . During Installation Customer will choose to change interchange panel.3 others clr available.",geyser,5999,1.8,0.0,Economic
Sunflame 10 L Storage Water Geyser ,Storage Geyser10 LAny manufacturing defect,geyser,6499,3.2,0.0,Economic
Morphy Richards 10 L Storage Water Geyser ,"Storage Geyser10 L2 Years Warranty on Product, 4 Years on Heating Element and 7 Years on Inner Tank",geyser,9500,1.6,16.0,Economic
Venus 15 L Storage Water Geyser ,"Storage Geyser15 LGuarantee -7 Years on Inner Tank, 3 Years on Heating Element & 2 Years on Product",geyser,6595,2.8,43.0,Economic
Crompton 25 L Storage Water Geyser ,"Storage Geyser25 LTank: 5 years, Heating Element: 2 years, Product: 2 years",geyser,7199,4.5,110.0,Economic
Haier 25 L Storage Water Geyser ,Storage Geyser25 L3 Years Warranty on Product and 7 Years Warranty on Tank,geyser,7775,3.3,0.0,Economic
Hindware Smart Appliances 25 L Storage Water Geyser ,"Storage Geyser25 L2 Years Comprehensive, 3 Years on Heating Element, 7 Years on Tank",geyser,5999,1.0,1628.0,Economic
Spherehot 15 L Storage Water Geyser ,Storage Geyser15 L2 years on Product and 7 Years on Inner Tank,geyser,6150,2.6,0.0,Economic
Haier 10 L Storage Water Geyser ,Storage Geyser10 L7YEAR TANK WARRANTY AND 3YEAR FULL WARRANTY,geyser,6589,3.8,0.0,Economic
Venus 10 L Storage Water Geyser ,"Storage Geyser10 LGuarantee: 7 years on tank, 4 years on heating element and 2 years on product.",geyser,7777,1.7,0.0,Economic
USHA 3 L Instant Water Geyser ,Instant Geyser3 L2 YEAR WARRANTY ON PRODUCT AND 10 YEAR WARRANTY ON TANK,geyser,3999,1.2,0.0,Economic
Haier 10 L Storage Water Geyser ,Storage Geyser10 L3 Years Warranty on Product and 7 Years Warranty on Tank,geyser,6800,4.0,10.0,Economic
Acer Aspire 3 Intel Celeron Dual Core N4500 ,Intel Celeron Dual Core Processor8 GB LPDDR4X RAMWindows 11 Operating System512 GB SSD35.56 cm (14 Inch) Display1 Year Carry-in Warranty,laptops,19990,2.9,45.0,Economic
Lenovo IdeaPad 1 AMD Ryzen 7 Octa Core 5700U ,AMD Ryzen 7 Octa Core Processor16 GB DDR4 RAMWindows 11 Operating System512 GB SSD100.63 cm (39.62 cm) Display1Yr Warranty and 1 Yr Accidental Damage Protection,laptops,71290,1.3,0.0,Premium
Acer Aspire 3 Intel Celeron Dual Core N4500 ,Intel Celeron Dual Core Processor8 GB LPDDR4X RAMWindows 11 Operating System256 GB SSD35.56 cm (14 Inch) Display1 Year Carry-in Warranty,laptops,18990,3.8,15.0,Economic
Acer Predator Neo Intel Core i7 13th Gen 13700HX ,Intel Core i7 Processor (13th Gen)16 GB DDR5 RAMWindows 11 Operating System1 TB SSD40.64 cm (16 Inch) Display1 Year International Travelers Warranty (ITW),laptops,119990,1.4,13.0,Premium
Lenovo AMD Ryzen 3 Quad Core 7330U ,AMD Ryzen 3 Quad Core Processor8 GB DDR4 RAMWindows 11 Operating System512 GB SSD39.62 cm (15.6 Inch) Display1 Year Onsite warranty,laptops,35490,4.1,18.0,Mid-range
ASUS Vivobook Go 15 OLED AMD Ryzen 5 Quad Core 7520U ,AMD Ryzen 5 Quad Core Processor16 GB LPDDR5 RAMWindows 11 Operating System512 GB SSD39.62 cm (15.6 Inch) Display1 Year Onsite Warranty,laptops,47990,1.2,13.0,Mid-range
MSI Thin 15 Intel Core i5 12th Gen 12450H ,Intel Core i5 Processor (12th Gen)16 GB DDR4 RAMWindows 11 Operating System512 GB SSD39.62 cm (15.6 Inch) Display2 Year Onsite Warranty,laptops,52990,2.2,38.0,Premium
Lenovo LOQ Intel Core i7 13th Gen 13650HX ,Intel Core i7 Processor (13th Gen)24 GB DDR5 RAMWindows 11 Operating System512 GB SSD39.62 cm (15.6 inch) Display1 Year Carry-in Warranty,laptops,106190,4.2,5.0,Premium
ASUS TUF Gaming A15 AMD Ryzen 7 Octa Core 7435HS ,AMD Ryzen 7 Octa Core Processor16 GB DDR5 RAMWindows 11 Operating System512 GB SSD39.62 cm (15.6 Inch) Display1 Year Onsite Warranty,laptops,89990,1.6,0.0,Premium
Acer One 14 Intel Core i3 11th Gen 1115G4 ,Intel Core i3 Processor (11th Gen)16 GB DDR4 RAMWindows 11 Operating System512 GB SSD35.56 cm (14 Inch) Display1 Year Carry-in Warranty,laptops,28990,2.8,804.0,Mid-range
"DELL Inspiron 15 with Backlit Keyboard, Intel Core i5 13th Gen 1335U ",Intel Core i5 Processor (13th Gen)16 GB DDR4 RAMWindows 11 Operating System1 TB SSD39.62 cm (15.6 Inch) Display1 Year Onsite Hardware Service,laptops,60990,4.3,9.0,Premium
Acer Travelmate Intel Core i5 11th Gen 1135G7 ,Intel Core i5 Processor (11th Gen)16 GB DDR4 RAMWindows 11 Operating System512 GB SSD35.56 cm (14 inch) Display1 Year Onsite Warranty,laptops,36990,2.0,7.0,Mid-range
Acer Aspire Lite AMD Ryzen 5 Hexa Core 5625U ,AMD Ryzen 5 Hexa Core Processor8 GB DDR4 RAMWindows 11 Operating System512 GB SSD39.62 cm (15.6 inch) Display1 Year Carry-in Warranty,laptops,31990,1.3,37.0,Mid-range
Acer Swift Go 14 AMD Ryzen 7 Octa Core 7730U ,AMD Ryzen 7 Octa Core Processor16 GB LPDDR4X RAMWindows 11 Operating System512 GB SSD35.56 cm (14 Inch) Display1 Year Carry-in Warranty,laptops,49990,3.4,13.0,Mid-range
MSI Modern 14 Intel Core i3 12th Gen 1215U ,Intel Core i3 Processor (12th Gen)8 GB DDR4 RAMWindows 11 Operating System512 GB SSD35.56 cm (14 inch) Display1 Year Warranty Term,laptops,29990,3.4,3.0,Mid-range
ASUS Intel Core i7 12th Gen 12700H ,Intel Core i7 Processor (12th Gen)16 GB DDR4 RAMWindows 11 Operating System512 GB SSD40.64 cm (16 Inch) DisplayOffice Home & Student 20211 Year Onsite Warranty,laptops,60990,4.7,0.0,Premium
Lenovo IdeaPad Slim 3 Intel Core i5 12th Gen 12450H ,Intel Core i5 Processor (12th Gen)16 GB LPDDR5 RAMWindows 11 Operating System512 GB SSD39.62 cm (15.6 Inch) Display1 Year Onsite warranty,laptops,50490,3.5,2.0,Mid-range
MSI Modern 14 Intel Core i7 13th Gen 1355U ,Intel Core i7 Processor (13th Gen)16 GB DDR4 RAMWindows 11 Operating System512 GB SSD35.56 cm (14 Inch) Display1 Year Carry-in Warranty,laptops,54990,4.2,6.0,Premium
"HP 240 G9 Intel Core i7 12th Gen 1255U Deca Core with Intel Turbo Boost, Finger Print ",Intel Core i7 Processor (12th Gen)16 GB DDR4X RAM64 bit Windows 11 Operating System512 GB SSD35.56 cm (14 inch) DisplayMS OFFICE1 year Onsite Warrenty,laptops,60490,3.4,0.0,Premium
HP Omen Intel Core i7 13th Gen 13620H ,Intel Core i7 Processor (13th Gen)16 GB DDR5 RAM64 bit Windows 11 Operating System1 TB SSD40.89 cm (16.1 inch) Display1 Year Onsite Warranty,laptops,114990,1.5,1.0,Premium
ASUS Vivobook Go 14 AMD Ryzen 5 Quad Core 7520U ,AMD Ryzen 5 Quad Core Processor8 GB LPDDR5 RAMWindows 11 Operating System512 GB SSD35.56 cm (14 Inch) Display1 Year Onsite Warranty,laptops,36499,4.2,4.0,Mid-range
HP Touch Chromebook MediaTek MT8183 ,MediaTek MT8183 Processor4 GB LPDDR4X RAMChrome Operating System29.46 cm (11.6 Inch) Touchscreen Display1 Year Carry-in Warranty,laptops,17800,4.7,11.0,Economic
Lenovo IdeaPad 1 Intel Celeron Dual Core N4020 ,Intel Celeron Dual Core Processor8 GB DDR4 RAMWindows 11 Operating System512 GB SSD39.62 cm (15.6 Inch) Display1Yr Warranty and 1 Yr Accidental Damage Protection,laptops,24990,2.3,20.0,Mid-range
HP Intel Core i5 12th Gen 1235U ,Intel Core i5 Processor (12th Gen)8 GB DDR4 RAMWindows 11 Operating System1 TB SSD39.62 cm (15.6 Inch) Display1 Year Onsite warranty,laptops,51990,3.1,1.0,Premium
ASUS Zenbook Duo OLED AI PC Intel Core Ultra 5 125H ,Intel Core Ultra 5 Processor16 GB LPDDR5X RAMWindows 11 Operating System1 TB SSD35.56 cm (14 Inch) Touchscreen Display1 Year Onsite warranty,laptops,179990,4.5,0.0,Premium
HP 15s Intel Core i3 11th Gen 1115G4 ,Intel Core i3 Processor (11th Gen)8 GB DDR4 RAM64 bit Windows 11 Operating System512 GB SSD39.62 cm (15.6 Inch) DisplayWINDOWS 11 AND MS OFFICE1 Year Onsite Warranty,laptops,35990,1.7,95.0,Mid-range
Infinix Y3 Max Series Intel Core i5 12th Gen 1235U ,Intel Core i5 Processor (12th Gen)16 GB LPDDR4X RAMWindows 11 Operating System512 GB SSD40.64 cm (16 Inch) Display1 Year Onsite Warranty,laptops,35990,3.2,1.0,Mid-range
DELL Inspiron 5430 Intel Core i5 13th Gen ,Intel Core i5 Processor (13th Gen)8 GB LPDDR5 RAMWindows 11 Operating System512 GB SSD35.56 cm (14 inch) Display1-year manufacturing warranty,laptops,54990,3.7,1.0,Premium
ASUS TUF Gaming A15 AMD Ryzen 7 Octa Core 7435HS ,AMD Ryzen 7 Octa Core Processor16 GB DDR5 RAMWindows 11 Home Operating System512 GB SSD39.62 cm (15.6 inch) Display1 Year Carry-in Warranty,laptops,60990,4.8,16.0,Premium
SAMSUNG Galaxy Book4 Pro 360 Evo AI PC Intel Core Ultra 7 155H ,Intel Core Ultra 7 Processor16 GB LPDDR5X RAM64 bit Windows 11 Operating System512 GB SSD40.64 cm (16 inch) Touchscreen DisplayMS Office Home and Student 20211 Year Manufacturer Warranty for Laptop and 6 Months for In-Box Accessories,laptops,163990,2.4,1.0,Premium
AXL Intel Celeron Dual Core 9th Gen ,Intel Celeron Dual Core Processor (9th Gen)4 GB DDR4 RAMWindows 11 Operating System256 GB SSD39.62 cm (15.6 inch) Display1 Year,laptops,16990,3.7,5.0,Economic
HP Victus Intel Core i7 13th Gen 13620H ,Intel Core i7 Processor (13th Gen)16 GB DDR4 RAMWindows 11 Home Operating System512 GB SSD39.62 cm (15.6 inch) DisplayWindows 11 Microsoft Office Home & Student Edition 20211 Year Carry-in Warranty,laptops,95990,3.3,0.0,Premium
Ultimus Pro Intel Celeron Dual Core N4020 ,Intel Celeron Dual Core Processor8 GB DDR4 RAM64 bit Windows 11 Home Operating System256 GB SSD35.81 cm (14.1 inch) DisplayPre loaded windows APP1 Year Onsite Warranty ( Battery And Charger Only 6 Month Warranty),laptops,15990,4.2,32.0,Economic
HP Pavilion Plus Intel Core i5 13th Gen 1335U ,Intel Core i5 Processor (13th Gen)16 GB LPDDR5X RAM64 bit Windows 11 Operating System512 GB SSD35.56 cm (14 Inch) Display1 Year Onsite Warranty,laptops,70590,2.4,5.0,Premium
Lenovo IdeaPad 5 Intel Core i7 13th Gen 13620H ,Intel Core i7 Processor (13th Gen)16 GB LPDDR5X RAMWindows 11 Operating System512 GB SSD35.56 cm (14 Inch) Touchscreen Display1 Year Carry-in Warranty,laptops,84690,3.0,0.0,Premium
Acer Aspire Intel Pentium Quad Core N4200 ,"Intel Pentium Quad Core Processor4 GB DDR3 RAMLinux/Ubuntu Operating System1 TB HDD39.62 cm (15.6 inch) DisplayAcer Care Center, Acer Portal, abFiles, abPhoto, Accessory Store, Quick Access, Microsoft Office 20161 Year International Travelers Warranty (ITW)",laptops,19999,4.0,327.0,Economic
"ASUS Vivobook S 15 OLED Powered, Intel EVO H Series, AI PC Intel Core Ultra 7 155H ",Intel Core Ultra 7 Processor16 GB LPDDR5X RAMWindows 11 Operating System1 TB SSD39.62 cm (15.6 Inch) DisplayMicrosoft Office Home & Student 20211 Year Onsite Warranty,laptops,111990,1.3,3.0,Premium
MSI Modern 14 H Intel Core i9 13th Gen 13900H ,Intel Core i9 Processor (13th Gen)16 GB DDR4 RAMWindows 11 Operating System1 TB SSD35.56 cm (14 inch) Display1 Year Carry-in Warranty,laptops,74990,3.8,2.0,Premium
Lenovo Yoga Slim 7 Intel Core Ultra 5 125H ,Intel Core Ultra 5 Processor16 GB LPDDR5X RAMWindows 11 Operating System512 GB SSD35.56 cm (14 Inch) Display1 Year Onsite Warranty,laptops,89190,2.8,0.0,Premium
DELL Intel Core i3 12th Gen 1215U ,Intel Core i3 Processor (12th Gen)8 GB DDR4 RAMWindows 11 Operating System512 GB SSD35.56 cm (14 Inch) Display1 Year Onsite Hardware Service,laptops,33790,4.5,1.0,Mid-range
Infinix Intel Core i7 1255U ,Intel Core i7 Processor32 GB LPDDR4X RAMWindows 11 Operating System512 GB SSD35.56 cm (14 inch) Display1 Year Onsite Warranty,laptops,44990,3.5,0.0,Mid-range
Lenovo IdeaPad Slim 3 Intel Core i7 12th Gen 1255U ,Intel Core i7 Processor (12th Gen)16 GB DDR4 RAMWindows 11 Operating System512 GB SSD39.62 cm (15.6 Inch) Display1Yr Warranty and 1 Yr Accidental Damage Protection,laptops,56990,1.1,7.0,Premium
Ultimus Elite Intel Core i5 10th Gen 1035G4 ,Intel Core i5 Processor (10th Gen)8 GB DDR4 RAMWindows 11 Operating System512 GB SSD35.81 cm (14.1 Inch) Display1 Year On-Site Warranty,laptops,26990,4.8,101.0,Mid-range
"ASUS Vivobook 15, with Backlit Keyboard, Intel Core i5 12th Gen 1235U ",Intel Core i5 Processor (12th Gen)16 GB DDR4 RAMWindows 11 Operating System512 GB SSD39.62 cm (15.6 Inch) Display1 Year Onsite Warranty,laptops,52990,1.8,0.0,Mid-range
Lenovo IdeaPad 1 AMD Ryzen 3 Dual Core 3250U ,AMD Ryzen 3 Dual Core Processor8 GB DDR4 RAM64 bit Windows 11 Operating System512 GB SSD39.62 cm (15.6 Inch) Display2 Years Onsiteï¿½Warranty,laptops,31190,1.9,93.0,Mid-range
HP AMD Ryzen 3 Dual Core ,AMD Ryzen 3 Dual Core Processor8 GB DDR4 RAMWindows 11 Home Operating System256 GB SSD39.62 cm (15.6 inch) Display1 Year Onsite Warranty,laptops,31980,3.1,0.0,Mid-range
Lenovo IdeaPad 3 Intel Intel Core i3 11th Gen 1115G4 ,Intel Core i3 Processor (11th Gen)8 GB DDR4 RAM64 bit Windows 10 Operating System512 GB SSD39.62 cm (15.6 inch) DisplayOffice Home and Student 2019 included2 Years Warranty,laptops,33900,1.8,39.0,Mid-range
ASUS TUF Gaming F15 with 90WHr Battery Intel H,Intel Core i7 Processor (12th Gen)16 GB DDR4 RAMWindows 11 Operating System512 GB SSD39.62 cm (15.6 Inch) Display1 Year Onsite Warranty,laptops,97990,3.7,26.0,Premium
Infinix X2 Slim Intel Core i5 11th Gen 1155G7 ,Intel Core i5 Processor (11th Gen)16 GB LPDDR4X RAMWindows 11 Operating System512 GB SSD35.56 cm (14 inch) Display1 Year Onsite Warranty,laptops,64990,1.2,107.0,Premium
Acer Aspire Intel Core i5 13th Gen 1335U ,Intel Core i5 Processor (13th Gen)8 GB LPDDR5 RAM64 bit Windows 11 Home Operating System512 GB SSD35.56 cm (14 inch) Display1 Year brand warranty,laptops,46999,4.6,0.0,Mid-range
HP Pavilion Intel Core i7 11th Gen 1195G7 ,Intel Core i7 Processor (11th Gen)16 GB DDR4 RAM64 bit Windows 11 Operating System1 TB SSD35.56 cm (14 inch) DisplayMicrosoft Office Home & Student 20191 Year Onsite Warranty,laptops,75490,3.0,0.0,Premium
Lenovo LOQ Intel Core i7 13th Gen 13650HX ,Intel Core i7 Processor (13th Gen)16 GB DDR5 RAMWindows 11 Operating System512 GB SSD100.63 cm (39.62 cm) DisplayOffice Home & Student 20211Yr Warranty and 1 Yr Accidental Damage Protection,laptops,85190,2.9,4.0,Premium
SAMSUNG Galaxy Book4 Intel Core 7 150U ,Intel Core 7 Processor16 GB LPDDR4X RAMWindows 11 Operating System512 GB SSD39.62 cm (15.6 Inch) Display1 Year Manufacturer Warranty for Laptop and 6 Months for In-Box Accessories,laptops,79999,1.8,3.0,Premium
HP 15s Intel Core i3 11th Gen 1125G4 ,Intel Core i3 Processor (11th Gen)8 GB DDR4 RAM64 bit Windows 11 Operating System512 GB SSD39.62 cm (15.6 inch) DisplayMicrosoft Office Home & Student 20191 Year Onsite Warranty,laptops,37304,3.2,64.0,Mid-range
HP Intel Core i5 12th Gen 1235U ,Intel Core i5 Processor (12th Gen)16 GB DDR4 RAMWindows 11 Operating System512 GB SSD39.62 cm (15.6 Inch) Display1 Year Onsite Warranty,laptops,54490,3.0,0.0,Premium
HP Intel Intel Core i3 10th Gen 10110U ,"Intel Core i3 Processor (10th Gen)8 GB DDR4 RAM64 bit Windows 10 Operating System512 GB SSD39.62 cm (15.6 inch) DisplayMicrosoft Office Home and Student 2019, HP Documentation, HP BIOS Recovery, HP Smart, HP Support Assistant, Dropbox1 Year Onsite Warranty",laptops,39990,3.7,137.0,Mid-range
Lenovo Intel Celeron Dual Core 4th Gen ,Intel Celeron Dual Core Processor (4th Gen)8 GB DDR4 RAM64 bit DOS Operating System256 GB SSD39.62 cm (15.6 inch) Display1 Years,laptops,22990,1.4,16.0,Mid-range
HP OMEN Intel Core i9 13th Gen 13900HX ,Intel Core i9 Processor (13th Gen)16 GB DDR5 RAMWindows 11 Operating System1 TB SSD40.89 cm (16.1 inch) Display1 Year Onsite Warranty,laptops,159990,3.9,0.0,Premium
Lenovo IdeaPad Gaming 3 AMD Ryzen 7 Octa Core 6800H ,AMD Ryzen 7 Octa Core Processor16 GB DDR5 RAMWindows 11 Operating System512 GB SSD100.63 cm (39.62 cm) Display1 Year Carry-in Warranty,laptops,67990,2.3,57.0,Premium
MSI Creator Z17 HX Studio Intel Core i7 14th Gen 14700HX ,Intel Core i7 Processor (14th Gen)32 GB DDR5 RAMWindows 11 Operating System2 TB SSD43.18 cm (17 Inch) Touchscreen Display2 Year Onsite Warranty,laptops,284990,1.4,0.0,Premium
ASUS Intel Core i5 10th Gen ,Intel Core i5 Processor (10th Gen)8 GB DDR4 RAMWindows 10 Operating System512 GB SSD35.56 cm (14 inch) DisplayOffice Home and Student 20191 Year Onsite Warranty,laptops,48999,1.8,0.0,Mid-range
Lenovo ThinkPad E15 Intel Core i3 11th Gen 1115G4 ,Intel Core i3 Processor (11th Gen)8 GB DDR4 RAM64 bit Windows 10 Operating System256 GB SSD39.62 cm (15.6 inch) DisplayMicrosoft Office Home & Student 20191 Year Onsite Warranty,laptops,47990,2.2,9.0,Mid-range
Lenovo Yoga AI PC Intel Core Ultra 7 155H ,Intel Core Ultra 7 Processor32 GB LPDDR5X RAMWindows 11 Operating System1 TB SSD35.56 cm (14 inch) Touchscreen DisplayOffice Home & Student 20211 Year Carry-in Warranty,laptops,180190,1.2,0.0,Premium
MSI Cyborg 14 Intel Core i7 13th Gen 13620H ,Intel Core i7 Processor (13th Gen)16 GB DDR5 RAM64 bit Windows 11 Operating System512 GB SSD35.56 cm (14 inch) DisplayMicrosoft Office 20212 Year Warranty Term,laptops,87990,4.7,0.0,Premium
"ASUS Vivobook Pro 15 For Creator, AMD Ryzen 7 Octa Core 5800HS ",AMD Ryzen 7 Octa Core Processor16 GB DDR4 RAMWindows 11 Operating System512 GB SSD39.62 cm (15.6 Inch) Display1 Year Onsite Warranty,laptops,65500,2.6,25.0,Premium
MSI Creator M16 HX Intel Core i7 14th Gen 14700HX ,Intel Core i7 Processor (14th Gen)32 GB DDR5 RAMWindows 11 Operating System1 TB SSD40.64 cm (16 Inch) Display2 Year Onsite Warranty,laptops,129990,3.1,0.0,Premium
SAMSUNG Galaxy Book4 Intel Core i5 13th Gen 1335U ,Intel Core i5 Processor (13th Gen)8 GB LPDDR4X RAMWindows 11 Operating System512 GB SSD39.62 cm (15.6 Inch) Display1 Year Manufacturer Warranty for Laptop and 6 Months for In-Box Accessories,laptops,56990,4.5,164.0,Premium
Apple MacBook Air Apple M3 ,"Apple M3 Processor8 GB Unified Memory RAMMac OS Operating System256 GB SSD33.02 cm (13 Inch) DisplayBuilt-in Apps: App Store, Books, Calendar, Contacts, FaceTime, Find My, Freeform, GarageBand, Home, iMovie, Keynote, Mail, Maps, Messages, Music, Notes, Numbers, Pages, Photo Booth, Photos, Podcasts, Preview, QuickTime Player, Reminders, Safari, Shortcuts, Siri, Stocks, Time Machine, TV, Voice Memos1 Year Onsite Warranty",laptops,104990,3.0,24.0,Premium
Apple MacBook Pro Apple M3 Pro ,"Apple M3 Pro Processor36 GB Unified Memory RAMMac OS Operating System512 GB SSD40.64 cm (16 Inch) DisplayBuilt-in Apps- App Store, Books, Calendar, Contacts, FaceTime, Find My, Freeform, GarageBand, Home, iMovie, Keynote, Mail, Maps, Messages, Music, Notes, Numbers, Pages, Photo Booth, Photos, Podcasts, Preview, QuickTime Player, Reminders, Safari, Shortcuts, Siri, Stocks, Time Machine, TV, Voice Memos1 Year Limited Warranty",laptops,272649,2.3,0.0,Premium
Apple 2021 Macbook Pro Apple M1 Max ,"Apple M1 Max Processor32 GB Unified Memory RAMMac OS Operating System1 TB SSD41.15 cm (16.2 inch) DisplayiMovie, Siri, GarageBand, Pages, Numbers, Photos, Keynote, Safari, Mail, FaceTime, Messages, Maps, Stocks, Home, Voice Memos, Notes, Calendar, Contacts, Reminders, Photo Booth, Preview, Books, App Store, Time Machine, TV, Music, Podcasts, Find My, QuickTime Player1 Year Limited Warranty",laptops,309990,1.1,5.0,Premium
Apple MacBook AIR Apple M2 ,"Apple M2 Processor8 GB Unified Memory RAMMac OS Operating System256 GB SSD34.54 cm (13.6 Inch) DisplayBuilt-in Apps: iMovie, Siri, GarageBand, Pages, Numbers, Photos, Keynote, Safari, Mail, FaceTime, Messages, Maps, Stocks, Home, Voice Memos, Notes, Calendar, Contacts, Reminders, Photo Booth, Preview, Books, App Store, Time Machine, TV, Music, Podcasts, Find My, QuickTime Player1 Year Limited WarraÂ­nty",laptops,77990,4.0,691.0,Premium
BOSCH 8 kg,1400 rpm Max Speed5 Star RatingWith In-Built Heater2 Years Comprehensive Warranty on Product and 10 Year Warranty on Motor,washing machine,34900,2.8,71.0,Mid-range
Voltas Beko 10 kg,700 rpm Max Speed5 Star RatingWith In-Built Heater1 Year Comprehensive Warranty on Product and 5 Years Motor Warranty,washing machine,19990,3.5,27.0,Economic
Voltas Beko by A Tata Product 7 kg,"1350 RPM Max Speed5 Star Rating2 Years Comprehensive Warranty on Product, 5 Years Spin Motor Warranty and 10 Years Motor Warranty",washing machine,8447,1.4,125.0,Economic
LG 7 kg,700 rpm Max Speed5 Star Rating2 Years Comprehensive Warranty and 10 Years Warranty on Motor from LG,washing machine,17490,4.2,4827.0,Economic
SAMSUNG 9 kg,"1300 rpm Max Speed5 Star Rating2 years on product, 2 years on motor (T&C Apply)",washing machine,16990,4.7,2498.0,Economic
Godrej 7.5 Kg,750 rpm Max Speed5 Star RatingWith In-Built Heater2 Years Comprehensive Warranty on Product and 5 Years Warranty on Motor,washing machine,16490,3.1,11.0,Economic
SAMSUNG 7 kg,"1000 rpm Max Speed5 Star Rating2 years comprehensive warranty on the product, 20 years warranty on the DIT Motor",washing machine,30990,2.1,1011.0,Mid-range
Haier 9 kg,1300 rpm Max Speed5 Star Rating3 Years Warranty on product and 5 Years Warranty on Motor,washing machine,12490,2.2,99.0,Economic
IFB 8 kg,"1200 rpm Max Speed5 Star RatingWith In-Built Heater4 Years Comprehensive Warranty, 10 Years Motor Warranty, 10 Years Spares Support",washing machine,30990,1.8,276.0,Mid-range
SAMSUNG 10 kg,"700 rpm Max Speed5 Star RatingWith In-Built Heater2 years comprehensive warranty on the product, 20 years warranty on the DIT Motor",washing machine,29190,1.9,2.0,Mid-range
MarQ by Flipkart 9 kg,1400 rpm Max Speed5 Star Rating2 Years Comprehensive and 5 Years on Wash Motor from MarQ by Flipkart,washing machine,10490,2.3,2399.0,Economic
ONIDA 8 kg,"1450 rpm Max Speed5 Star Rating2 Years Comprehensive Warranty on Product, 5 Years Warranty on Motor",washing machine,9390,1.0,925.0,Economic
LG 8.5 kg,1300 rpm Max Speed5 Star Rating2 Years Comprehensive Warranty on Product and 5 Years Warranty on Motor T&C,washing machine,14490,3.6,476.0,Economic
Acer 7 kg,700 rpm Max Speed5 Star Rating1 Year Comprehensive Warranty on Product and 5 Years Warranty on Motor,washing machine,13999,4.5,154.0,Economic
Panasonic 8 kg,1400 rpm Max Speed5 Star RatingWith In-Built Heater2 Years Warranty on Product and 10 Years Warranty on Motor,washing machine,29990,3.4,0.0,Mid-range
Panasonic 8 kg,702 rpm Max Speed5 Star RatingWith In-Built Heater2 Years Warranty on Product and 10 Years Warranty on Motor,washing machine,18490,4.2,1138.0,Economic
SAMSUNG 7.5 kg,"1300 rpm Max Speed5 Star Rating2 years on product, 2 years on motor (T&C Apply)",washing machine,13000,4.1,12.0,Economic
IFB 10 kg,"1400 rpm Max Speed5 Star RatingWith In-Built HeaterWith Wi-Fi Connectivity4 Years Comprehensive Warranty on Product, 10 Years Warranty on Motor and 10 Years Spares Support",washing machine,47466,2.4,51.0,Mid-range
Whirlpool 7.5 kg,740 rpm Max Speed5 Star RatingWith In-Built Heater2 Years Comprehensive and 10 Years on Motor from Whirlpool,washing machine,18490,1.8,153.0,Economic
LG 7 kg,1200 rpm Max Speed5 Star RatingWith In-Built Heater2 Years Comprehensive Warranty on Product and 10 Years Warranty on Motor T&C,washing machine,28990,4.1,1704.0,Mid-range
IFB 8 kg,"1400 RPM Max Speed5 Star RatingWith In-Built HeaterWith Wi-Fi Connectivity4 Years Comprehensive Warranty on Product, 10 Years Warranty on Motor, 10 Years Spares Support",washing machine,37990,4.6,3.0,Mid-range
White Westinghouse (Trademark by Electrolux) 7 kg,1600 rpm Max Speed5 Star Rating2 Years Comprehensive Warranty on Product and 5 Years Warranty on Motor,washing machine,7490,4.5,71.0,Economic
Godrej 8 kg,1400 rpm Max Speed2 Years Comprehensive Warranty and 5 Years Warranty on Motor from Godrej,washing machine,12100,1.7,57.0,Economic
Voltas Beko by A Tata Product 14 kg,750 RPM Max Speed5 Star Rating2 Years Comprehensive Warranty,washing machine,14337,4.5,17.0,Economic
SAMSUNG 7 kg,680 rpm Max Speed3 Star Rating2 year comprehensive warranty on the product,washing machine,15290,2.0,1182.0,Economic
Admiral 8 kg,1350 rpm Max Speed5 Star Rating3 Years Warranty on Product,washing machine,12099,1.3,1.0,Economic
ONIDA 7 kg,700 rpm Max Speed5 Star Rating2 Years Comprehensive Warranty and 5 Years Warranty on Wash Motor from Onida,washing machine,13990,2.3,78.0,Economic
SAMSUNG 7 kg,"700 rpm Max Speed5 Star Rating2 years comprehensive warranty on the product, 20 years warranty on the DIT Motor",washing machine,19990,4.7,810.0,Economic
Whirlpool 6.5 kg,740 rpm Max Speed5 Star Rating2 Years on Product and 5 Years on Motor,washing machine,14490,4.6,452.0,Economic
Voltas Beko 8 kg,1350 rpm Max Speed5 Star Rating2 Years Comprehensive Warranty on Product and 5 Years Additional Warranty on Motor,washing machine,12399,2.2,0.0,Economic
Haier 8 kg,1400 rpm Max Speed5 Star RatingWith In-Built HeaterWith Wi-Fi Connectivity5 Years Warranty on Product and 12 Years Warranty on Motor,washing machine,35358,1.0,10.0,Mid-range
Godrej 8 kg,1440 rpm Max Speed5 Star Rating2 Years Comprehensive Warranty on Product and 5 Years on Motor,washing machine,13649,3.8,13.0,Economic
Whirlpool 10.5 kg,1400 rpm Max Speed5 Star Rating2 Years Comprehensive Warranty on Product and 10 Years on Wash Motor and Prime Mover from Whirlpool,washing machine,19990,1.4,31.0,Economic
ONIDA 7 kg,"780 rpm Max Speed1 Year Comprehensive Warranty on Product, 7 Years Warranty on Motor",washing machine,5990,3.0,99.0,Economic
Whirlpool 6.5 kg,1450 RPM Max Speed5 Star RatingWhirlpool White Magic Classic comes with a 2 year comprehensive warranty and 10 year warranty on motor and prime mover.,washing machine,14880,2.8,8.0,Economic
Panasonic 7 kg,702 rpm Max Speed5 Star Rating2 Years Comprehensive Warranty on Product and 10 Years Warranty on Motor from Panasonic,washing machine,33599,1.4,9.0,Mid-range
Voltas Beko 8 kg,1200 rpm Max Speed5 Star RatingWith In-Built Heater3 Year Comprehensive Warranty and 12 Year warranty Motor,washing machine,26990,1.4,34.0,Mid-range
SAMSUNG 11.5 kg,"1300 rpm Max Speed5 Star Rating2 years on product, 2 years on motor (T&C Apply)",washing machine,20490,3.8,34.0,Economic
SAMSUNG 6.5 kg,680 rpm Max Speed3 Years Comprehensive Warranty and 10 Years Warranty on Motor from Samsung,washing machine,22200,4.2,42.0,Mid-range
Voltas Beko by A Tata Product 7.5 kg,700 rpm Max Speed5 Star RatingWith In-Built Heater3 Years Comprehensive Warranty on Product and 12 Years Warranty on Motor,washing machine,21490,2.9,19.0,Mid-range
IFB 5.5 kg,55 rpm Max Speed5 Star RatingWith In-Built Heater4 Years Comprehensive Warranty on Product and 10 Years Warranty on Motor,washing machine,23490,3.2,0.0,Mid-range
IFB 6.5 kg,"720 rpm Max Speed5 Star RatingWith In-Built Heater4 Years Comprehensive Warranty on Product, 10 Years Warranty on Motor and 10 Years Spares Support",washing machine,20990,2.9,4.0,Mid-range
BOSCH 8 kg,"1200 rpm Max Speed5 Star RatingWith In-Built Heater2 Years Comprehensive on Product , 12 Years on Motor",washing machine,35990,3.9,411.0,Mid-range
Godrej 8.5 kg,1440 RPM Max Speed5 Star Rating2 Years Comprehensive Warranty and 5 Years Warranty on Motor from Godrej,washing machine,13187,4.4,4.0,Economic
IFB 8 kg,"1200 rpm Max Speed5 Star RatingWith In-Built Heater4 Years Comprehensive Warranty, 10 Years Motor Warranty, 10 Years Spares Support",washing machine,36990,3.4,34.0,Mid-range
BOSCH 6.5 kg,680 rpm Max Speed5 Star Rating2 Years Comprehensive Warranty on Product and 10 Years Warranty on Wash Motor,washing machine,21307,3.9,2.0,Mid-range
SAMSUNG 8 kg,"700 rpm Max Speed5 Star Rating2 years comprehensive warranty on the product, 20 years warranty on the DIT Motor",washing machine,24700,1.8,0.0,Mid-range
SAMSUNG 12 kg,"1400 rpm Max Speed5 Star RatingWith In-Built HeaterWith Wi-Fi Connectivity2 years comprehensive warranty on the product, 20 years warranty on the DIT Motor",washing machine,109990,3.3,0.0,Premium
IFB 8 kg,"1200 rpm Max Speed5 Star RatingWith In-Built Heater4 Years Warranty on Product, 10 Years on Motor and 10 Warranty Years on Spare Part Support",washing machine,37790,3.7,0.0,Mid-range
IFB 6.5 kg,1000 RPM Max Speed5 Star RatingWith In-Built Heater4 Years Comprehensive Warranty and 10 Years Spare Part Support from IFB,washing machine,32930,1.4,0.0,Mid-range
Voltas Beko by A Tata Product 7 kg,700 RPM Max Speed5 Star Rating1 year,washing machine,14100,2.5,0.0,Economic
Voltas Beko 6 kg,1350 rpm Max Speed5 Star Rating1 Year Warranty on Product and 5 Years Warranty on Motor,washing machine,7590,3.9,444.0,Economic
Haier 6 kg,800 RPM Max Speed2 years warranty on product and 10 years on motor from Haier,washing machine,17749,1.1,8.0,Economic
Whirlpool 7 kg,1400 RPM Max Speed5 Star Rating2 years comprehensive and 3 years on wash motor & prime mover,washing machine,11041,3.2,0.0,Economic
TOSHIBA 7.5 kg,1200 rpm Max Speed5 Star RatingWith In-Built Heater4 Years Warranty on Product and 10 Years on Motor,washing machine,29990,5.0,3.0,Mid-range
White Westinghouse (Trademark by Electrolux) 6.5 kg,700 rpm Max Speed2 Years Warranty on Product and 5 Years on Motor,washing machine,12499,4.0,21.0,Economic
DMR 3/1.5 kg,300 rpm Max SpeedPlease check the physical product for the warranty period and service center details (if any),washing machine,5399,1.5,25.0,Economic
ONIDA 6.5 kg,"780 rpm Max Speed1 Year Comprehensive Warranty on Product, 7 Years Warranty on Motor",washing machine,5490,2.6,3033.0,Economic
TCL 8.5 kg,1400 rpm Max Speed5 Star RatingWith In-Built Heater2 Years comprehensive on product and 10 Years on motor,washing machine,26490,1.6,0.0,Mid-range
Whirlpool 11 kg,1400 rpm Max Speed5 Star Rating2 Years Warranty on Product and 10 Years on Motor,washing machine,15990,2.9,5.0,Economic
Voltas Beko by A Tata Product 8.5 kg,1300 rpm Max Speed5 Star Rating2 Year comprehensive Warranty on Product and additional 03 Years on Wash & Spin Motor,washing machine,13390,3.9,65.0,Economic
Godrej 7.2 kg,1440 rpm Max Speed2 Years Comprehensive Warranty and 5 Years Warranty on Motor from Godrej,washing machine,11799,4.3,68.0,Economic
BOSCH 9 kg,1400 RPM Max Speed5 Star RatingWith In-Built Heater1 Year Warranty on Product and 5 Years Warranty on Compressor,washing machine,45890,3.6,0.0,Mid-range
Voltas Beko by A Tata Product 8 kg,1350 RPM Max Speed5 Star Rating2 years comprehensive + additional 3 years on wash and spin motor,washing machine,13140,2.5,1.0,Economic
BLACK+DECKER 7 kg,"700 RPM Max Speed5 Star RatingWith In-Built Heater2 Years Comprehensive Warranty, 10 Years Motor Warranty, 5 Years PCB Warranty and 10 Years Part Support.",washing machine,13999,4.4,0.0,Economic
BOSCH 9 kg,1200 rpm Max Speed5 Star RatingWith In-Built Heater2 Years Comprehensive Warranty on Product and 10 Years Warranty on Motor,washing machine,35990,1.3,71.0,Mid-range
Haier 8 kg,1200 RPM Max Speed5 Star RatingWith In-Built HeaterWith Wi-Fi Connectivity2 Years Warranty on Product and 10 Years on Motor,washing machine,34900,2.8,0.0,Mid-range
Whirlpool 7.5 kg,740 rpm Max Speed5 Star RatingWith In-Built Heater1 Year Comprehensive Warranty on Product and 10 Years Warranty on Motor,washing machine,16940,5.0,0.0,Economic
Godrej 7 kg,1200 RPM Max Speed5 Star Rating10 Year Warranty on Motor and 2 year Warranty on Entire Washing Machine,washing machine,20436,2.1,0.0,Mid-range
Godrej 7 kg,700 rpm Max SpeedWith In-Built Heater2 Years Comprehensive Warranty and 10 Years Warranty on Motor from Godrej,washing machine,21898,4.1,19.0,Mid-range
Lloyd 6.5 kg,700 RPM Max Speed5 Star Rating2 years warrantyt,washing machine,16990,3.2,0.0,Economic
Godrej 6.5 kg,1000 RPM Max Speed5 Star Rating10 Year Warranty on Motor and 2 year Warranty on Entire Washing Machine,washing machine,15107,2.5,0.0,Economic
LG 8 kg,780 RPM Max SpeedWith In-Built HeaterWith Wi-Fi Connectivity2 Years Warranty on Product and 10 Years on Motor,washing machine,39999,4.7,0.0,Mid-range
Voltas Beko 7 kg,1200 rpm Max Speed5 Star RatingWith In-Built Heater3 Years Comprehensive Warranty on Product and 12 Years warranty on Motor,washing machine,22490,4.9,34.0,Mid-range
MOTOROLA 7 kg,700 rpm Max Speed5 Star Rating2 Years Comprehensive and 5 Years on Wash Motor,washing machine,11490,1.7,178.0,Economic
