Product_Name,Product_Description,Product_Type,Price,Ratings,No_of_reviews,Predicted_Category
REDMI Note 13 Pro+ 5G ,8 GB RAM | 256 GB ROM16.94 cm (6.67 inch) Display200MP (OIS) + 8MP + 2MP | 16MP Front Camera5000 mAh BatteryDimensity 7200 Ultra 5G Processor1 Year Manufacturer Warranty for Phone and 6 Months Warranty for In the Box Accessories,Android mobile,27999,3.5,943.0,Mid-range
Motorola G85 5G ,12 GB RAM | 256 GB ROM16.94 cm (6.67 inch) Full HD+ Display50MP + 8MP | 32MP Front Camera5000 mAh Battery6s Gen 3 Processor1 Year on Handset and 6 Months on Accessories,Android mobile,18999,3.0,1153.0,Economic
vivo T3 5G ,8 GB RAM | 256 GB ROM16.94 cm (6.67 inch) Full HD+ Display50MP + 2MP | 16MP Front Camera5000 mAh BatteryDimensity 7200 Processor1 Year Manufacturer Warranty for Device and 6 Months Manufacturer Warranty for Inbox Accessories,Android mobile,20499,3.0,4064.0,Mid-range
Infinix Smart 8 Plus ,4 GB RAM | 128 GB ROM | Expandable Upto 2 TB16.76 cm (6.6 inch) HD+ Display50MP + AI Lens | 8MP Front Camera6000 mAh BatteryMediatek Helio G36 Processor1 Year Warranty on Handset and 6 Months Warranty on Accessories,Android mobile,7799,3.0,472.0,Economic
SAMSUNG Galaxy S24+ 5G ,12 GB RAM | 256 GB ROM17.02 cm (6.7 inch) Quad HD+ Display50MP + 10MP + 12MP | 12MP Front Camera4900 mAh BatteryExynos 2400 Processor1 Year Manufacturer Warranty for Device and 6 Months for In-Box Accessories,Android mobile,69999,3.6,96.0,Premium
Nothing Phone ,12 GB RAM | 256 GB ROM17.02 cm (6.7 inch) Full HD+ Display50MP + 50MP | 50MP Front Camera5000 mAh BatteryDimensity 7350 Pro 5G Processor1 Year Manufacturing Warranty,Android mobile,25999,3.6,75.0,Mid-range
Google Pixel 9 ,12 GB RAM | 256 GB ROM16.0 cm (6.3 inch) Display50MP + 48MP | 10.5MP Front Camera4700 mAh BatteryGoogle Tensor G4 Processor1 Year Domestic Warranty,Android mobile,79999,2.0,100.0,Premium
Nothing Phone ,8 GB RAM | 256 GB ROM17.02 cm (6.7 inch) Full HD+ Display50MP + 50MP | 50MP Front Camera5000 mAh BatteryDimensity 7350 Pro 5G Processor1 Year Manufacturing Warranty,Android mobile,23999,4.2,99.0,Mid-range
Motorola Edge 50 Fusion ,12 GB RAM | 256 GB ROM17.02 cm (6.7 inch) Full HD+ Display50MP + 13MP | 32MP Front Camera5000 mAh Battery7s Gen 2 Processor1 Year on Handset and 6 Months on Accessories,Android mobile,23999,2.3,4044.0,Mid-range
POCO X6 5G ,8 GB RAM | 256 GB ROM16.94 cm (6.67 inch) Display64MP + 8MP + 2MP | 16MP Front Camera5100 mAh Battery7s Gen 2 Mobile Platform 5G Processor1 Year Manufacturer Warranty for Phone and 6 Months Warranty for In the Box Accessories,Android mobile,16999,3.0,2100.0,Economic
REDMI Note 13 5G ,12 GB RAM | 256 GB ROM16.94 cm (6.67 inch) Display108MP Rear Camera5000 mAh Battery1 Year Brand Warranty,Android mobile,17169,3.7,226.0,Economic
Motorola g45 5G ,8 GB RAM | 128 GB ROM | Expandable Upto 1 TB16.51 cm (6.5 inch) HD+ Display50MP + 2MP | 16MP Front Camera5000 mAh BatterySnapdragon 6s Gen 3 Processor1 Year Warranty on Handset and 6 Months Warranty on Accessories,Android mobile,11999,1.7,1181.0,Economic
realme 12 Pro+ 5G ,12 GB RAM | 256 GB ROM17.02 cm (6.7 inch) Full HD+ Display50MP + 8MP + 64MP | 32MP Front Camera5000 mAh BatterySnapdragon 7s Gen 2 Processor1 Year Manufacturer Warranty for Device and 6 Months Manufacturer Warranty for Inbox Accessories,Android mobile,26999,1.4,787.0,Mid-range
realme 12 Pro 5G ,8 GB RAM | 128 GB ROM17.02 cm (6.7 inch) Full HD+ Display50MP + 8MP + 32MP | 16MP Front Camera5000 mAh BatterySnapdragon 6 Gen 1 Processor1 Year Manufacturer Warranty for Device and 6 Months Manufacturer Warranty for Inbox Accessories,Android mobile,22999,5.0,2515.0,Mid-range
Infinix SMART 8 ,4 GB RAM | 64 GB ROM | Expandable Upto 2 TB16.76 cm (6.6 inch) HD+ Display50MP + AI Lens | 8MP Front Camera5000 mAh BatteryHelio G36 Processor1 Year on Handset and 6 Months on Accessories,Android mobile,7299,2.1,1641.0,Economic
POCO F6 5G ,8 GB RAM | 256 GB ROM16.94 cm (6.67 inch) Display50MP (OIS) + 8MP | 20MP Front Camera5000 mAh Battery8s Gen3 Processor1 Year Manufacturer Warranty for Phone and 6 Months Warranty for In the Box Accessories,Android mobile,23999,1.8,458.0,Mid-range
REDMI 13C 5G ,6 GB RAM | 128 GB ROM | Expandable Upto 1 TB17.12 cm (6.74 inch) HD+ Display50MP Rear Camera | 5MP Front Camera5000 mAh BatteryMediatek Dimensity 6100+ Processor1 Year Manufacturer Warranty for Phone and 6 Months Warranty for In the Box Accessories,Android mobile,11499,3.7,594.0,Economic
Infinix Note 40 Pro+ 5G ,12 GB RAM | 256 GB ROM17.22 cm (6.78 inch) Full HD+ Display108MP (OIS) + 2MP + 2MP | 32MP Front Camera4600 mAh BatteryMediatek Dimensity 7020 Processor1 Year Warranty on Handset and 6 Months Warranty on Inbox Accessories,Android mobile,21999,4.9,145.0,Mid-range
realme C67 5G ,6 GB RAM | 128 GB ROM | Expandable Upto 2 TB17.07 cm (6.72 inch) Full HD+ Display50MP + 2MP | 8MP Front Camera5000 mAh BatteryDimensity 6100+ Processor1 Year Manufacturer Warranty for Phone and 6 Months Warranty for In the Box Accessories,Android mobile,10499,3.4,103.0,Economic
REDMI 13 5G ,8 GB RAM | 128 GB ROM | Expandable Upto 1 TB17.25 cm (6.79 inch) Full HD+ Display108MP + 2MP | 13MP Front Camera5030 mAh Lithium Polymer Battery4 Gen 2 AE Processor1 Year Manufacturer Warranty for Phone and 6 Months Warranty for In the Box Accessories,Android mobile,14999,2.1,50.0,Economic
IQOO Z9x ,"4 GB RAM | 128 GB ROM17.07 cm (6.72 inch) Display50MP Rear Camera6000 mAh BatteryOcta core (2.2 GHz, Quad core, Cortex A78 + 1.8 GHz, Quad core, Cortex A55) Processor1 Year Manufacturer Warranty",Android mobile,12990,3.4,28.0,Economic
IQOO z9x ,6 GB RAM | 128 GB ROM | Expandable Upto 1 TB17.07 cm (6.72 inch) Full HD+ Display50MP + 2MP | 8MP Front Camera6000 mAh BatteryQualcomm SM6450 Snapdragon 6 Gen 1 Processor1 Year on Handset and 6 Months on Accessories,Android mobile,13800,3.2,126.0,Economic
vivo V40e 5G ,8 GB RAM | 128 GB ROM17.2 cm (6.77 inch) Display50MP + 8MP | 50MP Front Camera5500 mAh BatteryDimensity 7300 Processor1 Year Warranty on Handset and 6 Months Warranty on Accessories,Android mobile,28999,3.1,34.0,Mid-range
vivo V40e 5G ,8 GB RAM | 128 GB ROM17.2 cm (6.77 inch) Display50MP + 8MP | 50MP Front Camera5500 mAh BatteryDimensity 7300 Processor1 Year Warranty on Handset and 6 Months Warranty on Accessories,Android mobile,28999,4.6,34.0,Mid-range
realme 13 Pro 5G ,12 GB RAM | 512 GB ROM17.02 cm (6.7 inch) Full HD+ Display50MP + 8MP + 2MP | 32MP Front Camera5200 mAh BatterySnapdragon 7s Gen2 Processor1 Year Manufacturer Warranty for Device and 6 Months Manufacturer Warranty for Inbox Accessories,Android mobile,29999,3.7,21.0,Mid-range
SAMSUNG Galaxy A23 5G ,6 GB RAM | 128 GB ROM | Expandable Upto 1 TB16.76 cm (6.6 inch) Full HD+ Display50MP + 5MP | 8MP Front Camera5000 mAh Lithium Ion BatteryQualcomm Snapdragon 695 (SM6375) Processor1 Year Manufacturer Warranty for Device and 6 Months Manufacturer Warranty for In-Box Accessories,Android mobile,15399,3.3,177.0,Economic
SAMSUNG Galaxy S23 FE ,8 GB RAM | 256 GB ROM16.26 cm (6.4 inch) Full HD+ Display50MP + 12MP | 10MP Front Camera4500 mAh BatterySamsung Exynos 2200 Processor1 Year Manufacturer Warranty for Device and 6 Months for In-Box Accessories,Android mobile,32999,1.5,1969.0,Mid-range
POCO M6 5G ,4 GB RAM | 128 GB ROM | Expandable Upto 1 TB17.12 cm (6.74 inch) HD+ Display50MP Rear Camera | 5MP Front Camera5000 mAh BatteryMediatek Dimensity 6100+ Processor1 Year Manufacturer Warranty for Phone and 6 Months Warranty for In the Box Accessories,Android mobile,9249,2.7,3297.0,Economic
realme GT 6 ,12 GB RAM | 256 GB ROM17.22 cm (6.78 inch) Full HD+ Display50MP + 8MP + 50MP | 32MP Front Camera5500 mAh Battery8s Gen 3 Mobile Platform Processor1 Year Manufacturer Warranty for Device and 6 Months Manufacturer Warranty for Inbox Accessories,Android mobile,42999,3.3,53.0,Mid-range
itel Aura 05i|Leather Finish|4000 Mah Battery|Type C Charging Support ,2 GB RAM | 32 GB ROM | Expandable Upto 128 GB16.94 cm (6.67 inch) HD+ Display5MP + 0.3MP | 2MP Front Camera4000 mAh BatteryUnisoc SC9863A1 Processor1 Year Manufacturer Warranty for Device and 6 Months Manufacturer Warranty for Inbox Accessories,Android mobile,5580,1.0,31.0,Economic
SAMSUNG Galaxy A15 5G ,6 GB RAM | 128 GB ROM | Expandable Upto 1 TB16.51 cm (6.5 inch) Full HD+ Display50MP + 5MP + 2MP | 13MP Front Camera5000 mAh BatteryDimensity 6100+ Processor1 Year Manufacturer Warranty for Device and 6 Months for In-Box Accessories,Android mobile,17999,2.4,37.0,Economic
REDMI Note 13 Pro 5G ,8 GB RAM | 256 GB ROM16.94 cm (6.67 inch) Display200MP (OIS) + 8MP + 2MP | 16MP Front Camera5100 mAh Battery7s Gen 2 Mobile Platform 5G Processor1 Year Manufacturer Warranty for Phone and 6 Months Warranty for In the Box Accessories,Android mobile,24999,3.0,1791.0,Mid-range
realme P1 5G ,8 GB RAM | 128 GB ROM | Expandable Upto 2 TB16.94 cm (6.67 inch) Full HD+ Display50MP + 2MP | 16MP Front Camera5000 mAh BatteryDimensity 7050 Processor1 Year Manufacturer Warranty for Device and 6 Months Manufacturer Warranty for Inbox Accessories,Android mobile,14999,3.2,1323.0,Economic
realme C51 ,4 GB RAM | 128 GB ROM | Expandable Upto 2 TB17.12 cm (6.74 inch) HD Display50MP + 0.08MP | 5MP Front Camera5000 mAh BatteryT612 Processor1 Year Manufacturer Warranty for Phone and 6 Months Warranty for In the Box Accessories,Android mobile,6699,3.9,3744.0,Economic
vivo T2x 5G ,8 GB RAM | 128 GB ROM16.71 cm (6.58 inch) Full HD+ Display50MP + 2MP | 8MP Front Camera5000 mAh BatteryMediatek Dimensity 6020 Processor1 Year of Device & 6 Months for Inbox Accessories,Android mobile,14999,2.4,4329.0,Economic
realme GT 6T 5G ,12 GB RAM | 256 GB ROM17.22 cm (6.78 inch) Display50MP Rear Camera5500 mAh Battery1 Year,Android mobile,32800,2.3,45.0,Mid-range
Infinix Note 12 ,6 GB RAM | 128 GB ROM | Expandable Upto 512 GB17.02 cm (6.7 inch) Full HD+ AMOLED Display50MP + 2MP Depth + AI Lens | 16MP Front Camera5000 mAh Li-ion Polymer BatteryMediaTek Helio G88 Processor1 Year on Handset and 6 Months on Accessories,Android mobile,12999,1.1,1259.0,Economic
Motorola Edge 50 Pro 5G with 125W Charger ,12 GB RAM | 256 GB ROM17.02 cm (6.7 inch) Display50MP + 13MP + 10MP | 50MP Front Camera4500 mAh Battery7 Gen 3 Mobile Platform Processor1 Year on Handset and 6 Months on Accessories,Android mobile,29999,4.5,1588.0,Mid-range
OnePlus 12 ,12 GB RAM | 256 GB ROM17.32 cm (6.82 inch) Display64MP Rear Camera5400 mAh Battery1 Year Brand Warranty,Android mobile,57490,3.8,78.0,Premium
Xiaomi 14 CIVI ,8 GB RAM | 256 GB ROM16.64 cm (6.55 inch) Display50MP Rear Camera | 32MP + 32MP Dual Front Camera4700 mAh Battery8s Gen 3 Mobile Platform Processor1 Year Manufacturer Warranty for Phone and 6 Months Warranty for In the Box Accessories,Android mobile,40999,1.0,114.0,Mid-range
POCO C65 ,4 GB RAM | 128 GB ROM | Expandable Upto 1 TB17.12 cm (6.74 inch) HD+ Display50MP + AI Lens + 2MP | 8MP Front Camera5000 mAh BatteryHelio G85 Processor1 Year Manufacturer Warranty for Phone and 6 Months Warranty for in the Box Accessories,Android mobile,6999,4.8,3604.0,Economic
OPPO F21s Pro ,8 GB RAM | 128 GB ROM16.33 cm (6.43 inch) Full HD+ Display64MP + 2MP + 2MP | 32MP Front Camera4500 mAh BatterySnapdragon 680 Processor1 Year Manufacturer Warranty for Phone and 6 Months Warranty for In the Box Accessories,Android mobile,15399,2.6,101.0,Economic
Motorola G85 5G ,8 GB RAM | 128 GB ROM16.94 cm (6.67 inch) Full HD+ Display50MP + 8MP | 32MP Front Camera5000 mAh Battery6s Gen 3 Processor1 Year on Handset and 6 Months on Accessories,Android mobile,16999,4.0,3091.0,Economic
OPPO F27 Pro+ ,8 GB RAM | 128 GB ROM17.02 cm (6.7 inch) Full HD+ Display64MP + 2MP | 8MP Front Camera5000 mAh BatteryDimensity 7050 Processor1 Year Manufacturer Warranty for Device and 6 Months Manufacturer Warranty for Inbox Accessories,Android mobile,27999,1.6,133.0,Mid-range
realme Narzo N63 4G ,4 GB RAM | 128 GB ROM17.12 cm (6.74 inch) Display50MP Rear Camera | 8MP Front Camera5000 mAh BatteryDomestic Warranty  1 year for handset and 6 months for accessories.,Android mobile,8998,4.8,53.0,Economic
realme GT 6T 5G ,8 GB RAM | 256 GB ROM17.22 cm (6.78 inch) Display50MP Rear Camera5500 mAh Battery1 Year,Android mobile,29363,4.2,77.0,Mid-range
POCO M4 5G ,6 GB RAM | 128 GB ROM | Expandable Upto 512 GB16.71 cm (6.58 inch) Full HD+ Display50MP + 2MP | 8MP Front Camera5000 mAh Lithium Ion Polymer BatteryMediatek Dimensity 700 Processor1 Year Warranty for Handset and 6 Months for Accessories,Android mobile,10499,2.5,3816.0,Economic
OPPO A3 Pro 5G ,8 GB RAM | 256 GB ROM | Expandable Upto 1 TB16.94 cm (6.67 inch) Display50MP + 2MP | 8MP Front Camera5100 mAh BatteryDimensity 6300 5G Mobile Platform Processor1 Year Manufacturer Warranty for Device and 6 Months Manufacturer Warranty for Inbox Accessories,Android mobile,19999,1.0,43.0,Economic
POCO C65 ,4 GB RAM | 128 GB ROM | Expandable Upto 1 TB17.12 cm (6.74 inch) HD+ Display50MP + AI Lens + 2MP | 8MP Front Camera5000 mAh BatteryHelio G85 Processor1 Year Manufacturer Warranty for Phone and 6 Months Warranty for in the Box Accessories,Android mobile,6999,4.2,3604.0,Economic
Tecno Spark 10 5G ,4 GB RAM | 64 GB ROM | Expandable Upto 1 TB16.76 cm (6.6 inch) HD+ Display50MP Rear Camera | 8MP Front Camera5000 mAh BatteryMediatek Dimensity 6020 Processor1 Year Manufacturer Warranty for Device and 6 Months Manufacturer Warranty for In-Box Accessories,Android mobile,8999,3.2,10.0,Economic
POCO M4 5G ,4 GB RAM | 64 GB ROM | Expandable Upto 512 GB16.71 cm (6.58 inch) Full HD+ Display50MP + 2MP | 8MP Front Camera5000 mAh Lithium Ion Polymer BatteryMediatek Dimensity 700 Processor1 Year Warranty for Handset and 6 Months for Accessories,Android mobile,9099,4.4,6834.0,Economic
vivo Y200e 5G ,6 GB RAM | 128 GB ROM | Expandable Upto 1 TB16.94 cm (6.67 inch) Full HD+ Display50MP + 2MP | 16MP Front Camera5000 mAh BatterySnapdragon 4 Gen 2 Processor1 Year Manufacturer Warranty for Device and 6 Months Manufacturer Warranty for Inbox Accessories,Android mobile,19789,2.5,18.0,Economic
OPPO A59 5G ,4 GB RAM | 128 GB ROM | Expandable Upto 1 TB16.66 cm (6.56 inch) HD+ Display13MP + 2MP | 8MP Front Camera5000 mAh BatteryDimensity 6020 Processor1 Year Manufacturer Warranty for Phone and 6 Months Warranty for In the Box Accessories,Android mobile,13999,1.7,53.0,Economic
Infinix Note 40 Pro 5G ,8 GB RAM | 256 GB ROM17.22 cm (6.78 inch) Full HD+ Display108MP (OIS) + 2MP + 2MP | 32MP Front Camera5000 mAh BatteryMediatek Dimensity 7020 Processor1 Year Warranty on Handset and 6 Months Warranty on Inbox Accessories,Android mobile,17999,4.2,1211.0,Economic
REDMI Note 13 Pro 5G ,12 GB RAM | 256 GB ROM16.94 cm (6.67 inch) Display200MP (OIS) + 8MP + 2MP | 16MP Front Camera5100 mAh Battery7s Gen 2 Mobile Platform 5G Processor1 Year Manufacturer Warranty for Phone and 6 Months Warranty for In the Box Accessories,Android mobile,25999,3.1,367.0,Mid-range
REDMI A3X ,4 GB RAM | 128 GB ROM | Expandable Upto 1 TB17.04 cm (6.71 inch) HD+ Display8MP Rear Camera | 5MP Front Camera5000 mAh Battery1 Year Manufacturer Warranty for Phone and 6 Months Warranty for In the Box Accessories,Android mobile,7999,3.1,2.0,Economic
REDMI 12 5G ,6 GB RAM | 128 GB ROM | Expandable Upto 1 TB17.25 cm (6.79 inch) Full HD+ Display50MP + 2MP | 8MP Front Camera5000 mAh BatterySnapdragon 4 Gen 2 Processor1 Year Manufacturer Warranty for Phone and 6 Months Warranty for In the Box Accessories,Android mobile,12990,4.6,2713.0,Economic
IQOO Z9S PRO 5G ,8 GB RAM | 256 GB ROM17.2 cm (6.77 inch) Display50MP Rear Camera5500 mAh Battery1 YEAR,Android mobile,27365,2.1,13.0,Mid-range
SAMSUNG Galaxy S24 5G ,8 GB RAM | 128 GB ROM15.75 cm (6.2 inch) Full HD+ Display50MP + 10MP + 12MP | 12MP Front Camera4000 mAh BatteryExynos 2400 Processor1 Year Manufacturer Warranty for Device and 6 Months for In-Box Accessories,Android mobile,62999,1.4,146.0,Premium
Apple iPhone 15 ,"128 GB ROM15.49 cm (6.1 inch) Super Retina XDR Display48MP + 12MP | 12MP Front CameraA16 Bionic Chip, 6 Core Processor Processor1 Year Warranty for Phone and 6 Months Warranty for In-Box Accessories",iPhone,57999,1.6,5245.0,Premium
Apple iPhone 15 Pro ,"128 GB ROM15.49 cm (6.1 inch) Super Retina XDR Display48MP + 12MP + 12MP | 12MP Front CameraA17 Pro Chip, 6 Core Processor Processor1 Year Warranty for Phone and 6 Months Warranty for In-Box Accessories",iPhone,105999,1.0,109.0,Premium
Apple iPhone 15 Pro Max ,"1 TB ROM17.02 cm (6.7 inch) Super Retina XDR Display48MP + 12MP + 12MP | 12MP Front CameraA17 Pro Chip, 6 Core Processor Processor1 Year Warranty for Phone and 6 Months Warranty for In-Box Accessories",iPhone,140999,3.2,111.0,Premium
Apple iPhone 16 Plus ,"128 GB ROM17.02 cm (6.7 inch) Super Retina XDR Display48MP + 12MP | 12MP Front CameraA18 Chip, 6 Core Processor Processor1 Year Warranty for Phone and 6 Months Warranty for In-Box Accessories",iPhone,89900,1.4,23.0,Premium
Apple iPhone 16 Plus ,"512 GB ROM17.02 cm (6.7 inch) Super Retina XDR Display48MP + 12MP | 12MP Front CameraA18 Chip, 6 Core Processor Processor1 Year Warranty for Phone and 6 Months Warranty for In-Box Accessories",iPhone,119900,2.9,23.0,Premium
Apple iPhone 11 ,128 GB ROM15.49 cm (6.1 inch) Liquid Retina HD Display12MP + 12MP | 12MP Front CameraA13 Bionic Chip ProcessorBrand Warranty of 1 Year,iPhone,24999,3.3,11431.0,Mid-range
Apple iPhone 12 mini ,64 GB ROM13.72 cm (5.4 inch) Super Retina XDR Display12MP + 12MP | 12MP Front CameraA14 Bionic Chip with Next Generation Neural Engine ProcessorCeramic ShieldIP68 Water ResistanceAll Screen OLED DisplayBrand Warranty for 1 Year,iPhone,59900,4.1,10202.0,Premium
Apple iPhone X ,"256 GB ROM14.73 cm (5.8 inch) Super Retina HD Display12MP + 12MP | 7MP Front CameraA11 Bionic Chip with 64-bit Architecture, Neural Engine, Embedded M11 Motion Coprocessor ProcessorBrand Warranty of 1 Year",iPhone,106900,2.5,862.0,Premium
Apple iPhone XS Max ,256 GB ROM16.51 cm (6.5 inch) Super Retina HD Display12MP + 12MP | 7MP Front CameraA12 Bionic Chip ProcessoriOS 13 Compatible1 Year Limited Warranty for Products and Accessories,iPhone,124900,2.1,146.0,Premium
Apple iPhone XS ,64 GB ROM14.73 cm (5.8 inch) Super Retina HD Display12MP + 12MP | 7MP Front CameraA12 Bionic Chip Processor1 Year Limited Warranty for Products and Accessories,iPhone,89900,3.9,865.0,Premium
Apple iPhone 12 Pro ,"128 GB ROM15.49 cm (6.1 inch) Super Retina XDR Display12MP + 12MP + 12MP | 12MP Front CameraA14 Bionic Chip with Next Generation Neural Engine ProcessorCeramic Shield | Industry-leading IP68 Water ResistanceAll Screen OLED DisplayLiDAR Scanner for Improved AR Experiences, Night Mode PortraitsBrand Warranty for 1 Year",iPhone,109900,4.3,99.0,Premium
Apple iPhone 14 Plus ,"256 GB ROM17.02 cm (6.7 inch) Super Retina XDR Display12MP + 12MP | 12MP Front CameraA15 Bionic Chip, 6 Core Processor Processor1 Year Warranty for Phone and 6 Months Warranty for In-Box Accessories",iPhone,70999,4.4,4658.0,Premium
Apple iPhone 13 mini ,128 GB ROM13.72 cm (5.4 inch) Super Retina XDR Display12MP + 12MP | 12MP Front CameraA15 Bionic Chip ProcessorBrand Warranty for 1 Year,iPhone,64900,3.6,328.0,Premium
Apple iPhone 12 mini ,"128 GB ROM13.72 cm (5.4 inch) Super Retina XDR Display12MP + 12MP | 12MP Front CameraA14 Bionic Chip with Next Generation Neural Engine ProcessorCeramic ShieldIndustry-leading IP68 Water ResistanceAll Screen OLED Display12MP TrueDepth Front Camera with Night Mode, 4K Dolby Vision HDR RecordingBrand Warranty for 1 Year",iPhone,64900,1.1,10202.0,Premium
Apple iPhone 16 Plus ,"128 GB ROM17.02 cm (6.7 inch) Super Retina XDR Display48MP + 12MP | 12MP Front CameraA18 Chip, 6 Core Processor Processor1 Year Warranty for Phone and 6 Months Warranty for In-Box Accessories",iPhone,89900,1.5,23.0,Premium
Apple iPhone 7 Plus ,256 GB ROM13.97 cm (5.5 inch) Retina HD Display12MP Rear Camera | 7MP Front CameraA10 Fusion Chip with 64-bit Architecture and Embedded M10 Motion Co-processorBrand Warranty of 1 Year,iPhone,85400,3.2,3.0,Premium
Apple iPhone 7 Plus ,32 GB ROM13.94 cm (5.488 inch) Retina HD Display12MP + 12MP | 7MP Front CameraApple A10 Fusion 64-bit processor and Embedded M10 Motion Co-processoriOS 13 CompatibleBrand Warranty of 1 Year,iPhone,37900,4.7,2978.0,Mid-range
Apple iPhone 14 Pro Max ,"1 TB ROM17.02 cm (6.7 inch) Super Retina XDR Display48MP + 12MP + 12MP | 12MP Front CameraA16 Bionic Chip, 6 Core Processor Processor1 Year Warranty for Phone and 6 Months Warranty for In-Box Accessories",iPhone,184900,3.5,170.0,Premium
Apple iPhone 14 Pro Max ,"256 GB ROM17.02 cm (6.7 inch) Super Retina XDR Display48MP + 12MP + 12MP | 12MP Front CameraA16 Bionic Chip, 6 Core Processor Processor1 Year Warranty for Phone and 6 Months Warranty for In-Box Accessories",iPhone,144900,1.8,170.0,Premium
Apple iPhone 14 ,"256 GB ROM15.49 cm (6.1 inch) Super Retina XDR Display12MP + 12MP | 12MP Front CameraA15 Bionic Chip, 6 Core Processor Processor1 Year Warranty for Phone and 6 Months Warranty for In-Box Accessories",iPhone,60999,2.4,11648.0,Premium
Apple iPhone 13 Pro Max ,512 GB ROM17.02 cm (6.7 inch) Super Retina XDR Display12MP + 12MP + 12MP | 12MP Front CameraA15 Bionic Chip ProcessorBrand Warranty for 1 Year,iPhone,159900,2.4,195.0,Premium
Apple iPhone 13 Pro Max ,128 GB ROM17.02 cm (6.7 inch) Super Retina XDR Display12MP + 12MP + 12MP | 12MP Front CameraA15 Bionic Chip ProcessorBrand Warranty for 1 Year,iPhone,129900,3.6,195.0,Premium
Apple iPhone 12 Pro ,"256 GB ROM15.49 cm (6.1 inch) Super Retina XDR Display12MP + 12MP + 12MP | 12MP Front CameraA14 Bionic Chip with Next Generation Neural Engine ProcessorCeramic Shield | Industry-leading IP68 Water ResistanceAll Screen OLED DisplayLiDAR Scanner for Improved AR Experiences, Night Mode PortraitsBrand Warranty for 1 Year",iPhone,119900,3.5,99.0,Premium
Apple iPhone 6 ,64 GB ROM11.94 cm (4.7 inch) Retina HD Display8MP Rear Camera | 1.2MP Front CameraA8 Chip with 64-bit Architecture and M8 Motion Co-processor1 Year Manufacturer Warranty,iPhone,44999,3.5,16120.0,Mid-range
Apple iPhone 14 Pro Max ,"1 TB ROM17.02 cm (6.7 inch) Super Retina XDR Display48MP + 12MP + 12MP | 12MP Front CameraA16 Bionic Chip, 6 Core Processor Processor1 Year Warranty for Phone and 6 Months Warranty for In-Box Accessories",iPhone,184900,4.1,170.0,Premium
Apple iPhone XS Max ,256 GB ROM16.51 cm (6.5 inch) Super Retina HD Display12MP + 12MP | 7MP Front CameraA12 Bionic Chip ProcessoriOS 13 Compatible1 Year Limited Warranty for Products and Accessories,iPhone,124900,2.3,146.0,Premium
Apple iPhone SE 3rd Gen ,"64 GB ROM11.94 cm (4.7 inch) Retina HD Display12MP Rear Camera | 7MP Front CameraA15 Bionic Chip, 6 Core Processor ProcessorBrand Warranty of 1 Year",iPhone,47600,3.3,138.0,Mid-range
Apple iPhone 13 Pro ,512 GB ROM15.49 cm (6.1 inch) Super Retina XDR Display12MP + 12MP + 12MP | 12MP Front CameraA15 Bionic Chip ProcessorBrand Warranty for 1 Year,iPhone,149900,4.8,127.0,Premium
Apple iPhone 13 ,128 GB ROM15.49 cm (6.1 inch) Super Retina XDR Display12MP + 12MP | 12MP Front CameraA15 Bionic Chip ProcessorBrand Warranty for 1 Year,iPhone,49900,1.9,13737.0,Mid-range
Apple iPhone 14 Plus ,"256 GB ROM17.02 cm (6.7 inch) Super Retina XDR Display12MP + 12MP | 12MP Front CameraA15 Bionic Chip, 6 Core Processor Processor1 Year Warranty for Phone and 6 Months Warranty for In-Box Accessories",iPhone,70999,3.8,4658.0,Premium
Apple iPhone 16 ,"512 GB ROM15.49 cm (6.1 inch) Super Retina XDR Display48MP + 12MP | 12MP Front CameraA18 Chip, 6 Core Processor Processor1 Year Warranty for Phone and 6 Months Warranty for In-Box Accessories",iPhone,109900,3.9,29.0,Premium
Godrej 234 L Direct Cool Single Door 5 Star Refrigerator  with Energy Efficient Inverter Compressor An...,Fixed Speed CompressorBuilt-in Stabilizer1 Year Comprehensive Warranty on Product and 10 Years Warranty on Motor,Fridge,18790,4.0,167.0,Economic
"SAMSUNG 322 L Frost Free Double Door 2 Star Convertible Refrigerator  with Digital Inverter, Convertib...","Digital Inverter CompressorBuilt-in Stabilizer1 year comprehensive warranty on the product, 20 years on compressor by the brand.",Fridge,35690,1.8,922.0,Mid-range
"SAMSUNG 653 L Frost Free Side by Side 3 Star Refrigerator  with AI and WiFi, Convertible 5-in-1, Digit...","Digital Inverter CompressorBuilt-in Stabilizer1 year comprehensive warranty on the product, 20 years on compressor by the brand.",Fridge,79990,3.8,120.0,Premium
Whirlpool 184 L Direct Cool Single Door 3 Star Refrigerator,Normal CompressorBuilt-in Stabilizer1 Year on Product and 10 Years on Compressor from Whirlpool,Fridge,14260,2.1,13.0,Economic
"Godrej 564 L Frost Free Side by Side Refrigerator  with Glass Door, Multi Air Flow Technology, And Cus...",Fixed Speed1 Year Warranty on Product and 10 Years on Compressor from Godrej,Fridge,59990,1.3,63.0,Premium
Whirlpool 184 L Direct Cool Single Door 4 Star Refrigerator with Base Drawer  with Intellisense Invert...,DC Inverter CompressorBuilt-in Stabilizer1 Year Comprehensive Warranty on Product and 9 Years Additional Warranty on Compressor,Fridge,16390,1.0,16.0,Economic
BOSCH 303 L Frost Free Triple Door 3 Star Refrigerator,Vario Inverter CompressorBuilt-in Stabilizer1 Year Comprehensive Warranty on Product and 10 Years Warranty on Compressor,Fridge,36890,1.5,0.0,Mid-range
Admiral 165 L Direct Cool Single Door 2 Star Refrigerator,Reciprocating CompressorBuilt-in Stabilizer3 Years on Product and 5 Years on Compressor Warranty,Fridge,10290,4.6,8.0,Economic
Whirlpool 325 L Frost Free Double Door 3 Star Refrigerator,Reciprocating CompressorBuilt-in Stabilizer1 Year Warranty on Product and 10 Years Warranty on Compressor,Fridge,33290,1.6,60.0,Mid-range
"SAMSUNG 363 L Frost Free Double Door 3 Star Convertible Refrigerator  with Digital Inverter, Convertib...","Digital Inverter CompressorBuilt-in Stabilizer1 year comprehensive warranty on the product, 20 years on compressor by the brand.",Fridge,43490,3.3,922.0,Mid-range
Haier 190 L Direct Cool Single Door 3 Star Refrigerator  with 1 Hour Icing TechnologyToughned Glass Sh...,Normal CompressorBuilt-in Stabilizer1 Year Warranty on Product and 10 Years Warranty on Compressor,Fridge,14390,2.0,78.0,Economic
"CANDY 190 L Direct Cool Single Door 4 Star Refrigerator with Base Drawer  with Energy efficient ,Jumbo...",Inverter CompressorBuilt-in Stabilizer1 Year Warranty on Product and 10 Years on Compressor,Fridge,13990,4.0,198.0,Economic
"LG 398 L Frost Free Double Door 2 Star Refrigerator  with Smart Inverter Compressor, Express Freeze & ...",Smart Inverter CompressorBuilt-in Stabilizer1 Year Warranty on Product and 10 Years Warranty on Compressor from LG,Fridge,43990,4.4,9.0,Mid-range
Godrej 180 L Direct Cool Single Door 4 Star Refrigerator with Base Drawer  with Faster Bottle Cooling ...,Fixed speed compressorBuilt-in Stabilizer1 Year Comprehensive Warranty on Product and 10 Years Warranty on Compressor,Fridge,15190,3.6,203.0,Economic
Whirlpool 192 L Direct Cool Single Door 3 Star Refrigerator,"Inverter CompressorBuilt-in Stabilizer1 Year Comprehensive Warranty on Product, 9 Years Warranty on Compressor",Fridge,16690,4.5,9.0,Economic
SAMSUNG 246 L Direct Cool Single Door 3 Star Refrigerator,Digital Inverter CompressorBuilt-in Stabilizer1 Year Comprehensive Warranty on Product and 20 Years Warranty on Compressor,Fridge,26700,3.9,5.0,Mid-range
"SAMSUNG 633 L Frost Free Side by Side 3 Star Refrigerator  with AI and WiFi, Convertible 5-in-1, Water...","Digital Inverter CompressorBuilt-in Stabilizer1 year comprehensive warranty on the product, 20 years on compressor by the brand.",Fridge,99990,4.7,120.0,Premium
Lloyd by Havells 188 L Direct Cool Single Door 3 Star Refrigerator,Fixed speedBuilt-in Stabilizer1 Year Warranty on product and 10 year warranty on Compressor,Fridge,14450,4.3,488.0,Economic
Whirlpool 215 L Direct Cool Single Door 5 Star Refrigerator with Base Drawer,IntelliSense Inverter CompressorBuilt-in Stabilizer1 Year Warranty on Product and 10 Years on Compressor,Fridge,19419,4.7,447.0,Economic
Lifelong 4 L Thermoelectric Cooling Single Door Refrigerator,,Fridge,4490,1.3,10.0,Economic
"Lloyd 178 L Direct Cool Single Door 2 Star Refrigerator  with with Viruzsafe Technology, Quick Chillin...",Fixed SpeedBuilt-in Stabilizer1 Year Warranty on Product and 10 Years Warranty on Compressor,Fridge,13290,4.9,0.0,Economic
Haier 258 L Frost Free Single Door 2 Star Convertible Refrigerator,Normal CompressorBuilt-in Stabilizer1 Year On Product and 10 Years on Compressor from Haier,Fridge,25040,3.6,288.0,Mid-range
Haier 185 L Direct Cool Single Door 2 Star Refrigerator,NormalBuilt-in Stabilizer1 Year Warranty on Product and 10 Years Warranty on Compressor,Fridge,15484,1.4,2.0,Economic
BLACK+DECKER 265 L Frost Free Double Door 3 Star Refrigerator,"Inverter CompressorBuilt-in Stabilizer2 Years Comprehensive Warranty, 10 Years on Compressor",Fridge,18999,3.0,0.0,Economic
Blue Star 47 L Direct Cool Single Door 2 Star Refrigerator,"Reciprocating Compressor1 Year Comprehensive Warranty, 5 Years Compressor Warranty.",Fridge,8740,4.9,4.0,Economic
Whirlpool 245 L Frost Free Double Door 2 Star Refrigerator,Reciprocating CompressorBuilt-in Stabilizer1 Year on Product and 10 Years on the Compressor from Whirlpool,Fridge,24024,4.5,155.0,Mid-range
Godrej 202 L Direct Cool Single Door 5 Star Refrigerator with Base Drawer,Inverter CompressorBuilt-in Stabilizer1 Year Comprehensive Warranty on Product and 10 Years Warranty on Compressor,Fridge,18290,2.1,2.0,Economic
Whirlpool 207 L Direct Cool Single Door 5 Star Refrigerator with Base Drawer,IntelliSense Inverter CompressorBuilt-in Stabilizer1 Year Warranty on Product and 10 Years on Compressor,Fridge,18489,2.9,447.0,Economic
Haier 190 L Direct Cool Single Door 4 Star Refrigerator with Base Drawer  with Large Storage Space1 Ho...,Normal CompressorBuilt-in Stabilizer1 Year Warranty on Product and 10 Years Warranty on Compressor,Fridge,16490,2.7,1120.0,Economic
Admiral 175 L Direct Cool Single Door 3 Star Refrigerator,Reciprocating CompressorBuilt-in Stabilizer3 Years on Product and 5 Years on Compressor Warranty,Fridge,11290,3.9,8.0,Economic
Godrej 223 L Frost Free Double Door 3 Star Convertible Refrigerator  with Freezer 95%+ Food Surface Di...,Inverter CompressorBuilt-in Stabilizer1 Year Comprehensive Warranty on Product and 10 Years Warranty on Compressor,Fridge,21890,3.9,336.0,Mid-range
"LG 343 L Frost Free Double Door 2 Star Refrigerator  with Inverter Compressor, Express Freeze, Smart C...",Smart Inverter CompressorBuilt-in Stabilizer1 Year Warranty on Product and 10 Years Warranty on Compressor From LG,Fridge,35990,4.0,139.0,Mid-range
Whirlpool 184 L Direct Cool Single Door 3 Star Refrigerator,Normal Compressor1 Year on Product and 10 Years on Compressor From Whirlpool,Fridge,14340,1.6,1051.0,Economic
Haier 598 L Frost Free Side by Side Convertible Refrigerator  with 83% Convertible Fridge SpaceDigital...,Inverter CompressorBuilt-in Stabilizer1 Year Warranty on Product and 10 Years Warranty on Compressor,Fridge,84990,3.0,1.0,Premium
Haier 240 L Frost Free Double Door Top Mount 2 Star Convertible Refrigerator  with Convertible 5 in 1T...,Normal CompressorBuilt-in Stabilizer1 Years Warranty on Product and 10 Years Warranty on Compressor,Fridge,22490,3.7,299.0,Mid-range
Whirlpool 184 L Direct Cool Single Door 2 Star Refrigerator,Normal CompressorBuilt-in Stabilizer1 Year on Product and 10 Years on Compressor from Whirlpool,Fridge,12700,1.6,655.0,Economic
Haier 265 L Frost Free Double Door Bottom Mount 3 Star Convertible Refrigerator,Inverter CompressorBuilt-in Stabilizer1 Year Warranty on Product and 10 Years Warranty on Compressor,Fridge,35000,5.0,3.0,Mid-range
Voltas Beko by A Tata Product 248 L Frost Free Double Door 3 Star Refrigerator,Pro Smart Inverter CompressorBuilt-in Stabilizer1 Year Comprehensive warranty on product & 10 Years warranty on compressor,Fridge,49999,4.9,135.0,Mid-range
SAMSUNG 336 L Frost Free Double Door 3 Star Refrigerator,"Digital Inverter CompressorBuilt-in Stabilizer1 year comprehensive warranty on product, 20 years on compressor, For all Refrigerators with Digital Inverter Compressors, sold on or after 1st Dec 2022 (All Refrigerator apart from Non-Digital Inverter Technology Direct Cool Models) the Warranty period on the Digital Inverter Compressor shall be revised from 10 years to 20 years.",Fridge,43200,1.2,1185.0,Mid-range
Whirlpool 274 L Direct Cool Single Door 3 Star Refrigerator  with Auto Defrost,Non Inverter CompressorBuilt-in Stabilizer1 Year Warranty on Product and 10 Years on Compressor,Fridge,22920,2.6,11.0,Mid-range
Whirlpool 184 L Direct Cool Single Door 3 Star Refrigerator with Base Drawer,NormalBuilt-in Stabilizer1 year Warranty & 10 years on Compressor,Fridge,14390,1.6,0.0,Economic
SAMSUNG 246 L Direct Cool Single Door 3 Star Refrigerator,Digital Inverter CompressorBuilt-in Stabilizer1 Year Comprehensive Warranty on Product and 20 Years Warranty on Compressor,Fridge,26700,4.8,5.0,Mid-range
Whirlpool 260 L Frost Free Triple Door Refrigerator,"Digital InverterBuilt-in Stabilizer1 Year on product, 10 years on compressor",Fridge,29490,3.5,2.0,Mid-range
LG 205 L Direct Cool Single Door 4 Star Refrigerator with Base Drawer,Inverter CompressorBuilt-in Stabilizer1 Year on Refrigerator Unit and 10 Years on Compressor from LG,Fridge,22852,1.5,146.0,Mid-range
Haier 445 L Frost Free Double Door Bottom Mount 2 Star Refrigerator,InverterBuilt-in Stabilizer1 Year Warranty on Product and 10 Years Warranty on Compressor,Fridge,54700,1.5,1.0,Premium
LG 190 L Direct Cool Single Door 3 Star Refrigerator with Base Drawer,Reciprocating CompressorBuilt-in Stabilizer1 Year on Product and 10 Years on Compressor From LG,Fridge,19152,1.5,1.0,Economic
Whirlpool 184 L Direct Cool Single Door 2 Star Refrigerator with Base Drawer,Non Inverter CompressorBuilt-in Stabilizer1 Year on Product and 10 Years on the Compressor,Fridge,14440,1.9,41.0,Economic
Liebherr 240 L Frost Free Double Door 2 Star Refrigerator,"NextGen 8 Step Inverter CompressorBuilt-in Stabilizer1-year comprehensive warranty (additional 2 years warranty upon registration completed within 15 days of purchase) and 10 Years Warranty on Compressor. Registration can be done via the QR Code on the product or by contacting our customer care team via email.
Offer Period: 13 Oct'2023-31 Dec' 2023",Fridge,24990,3.3,2.0,Mid-range
Haier 165 L Direct Cool Single Door 1 Star Refrigerator  with DEFT TechnologyLarge Vegetable Box,Normal CompressorBuilt-in Stabilizer1 Year Warranty on Product and 10 Years Warranty on Compressor,Fridge,10990,2.5,325.0,Economic
SAMSUNG 189 L Direct Cool Single Door 5 Star Refrigerator with Base Drawer  with Digital Inverter,"Digital Inverter CompressorBuilt-in Stabilizer1 year comprehensive warranty on the product, 20 years on compressor by the brand.",Fridge,17990,1.4,605.0,Economic
Haier 651 L Frost Free Side by Side Convertible Refrigerator  with 100% Convertible Fridge SpaceMulti ...,InverterBuilt-in Stabilizer1 Year Comprehensive Warranty on Product and 10 Years Warranty on Compressor,Fridge,199990,3.9,0.0,Premium
SAMSUNG 183 L Direct Cool Single Door 3 Star Refrigerator  with Digital Inverter,"Digital Inverter CompressorBuilt-in Stabilizer1 year comprehensive warranty on the product, 20 years on compressor by the brand.",Fridge,15290,4.2,1159.0,Economic
Panasonic 307 L Frost Free Double Door 3 Star Refrigerator,Inverter CompressorBuilt-in Stabilizer1 Year Warranty on Product and 10 Years on Compressor,Fridge,29490,3.2,65.0,Mid-range
SAMSUNG 322 L Frost Free Double Door 3 Star Refrigerator,Digital Inverter CompressorBuilt-in Stabilizer1 Year Comprehensive Warranty on Product and 20 Years Warranty on Compressor,Fridge,60990,2.8,0.0,Premium
LG 343 L Frost Free Double Door 3 Star Convertible Refrigerator,Smart Inverter CompressorBuilt-in Stabilizer1 Year Warranty on Product and 10 Years Warranty on Compressor from LG,Fridge,47790,2.7,1.0,Mid-range
Godrej 238 L Frost Free Double Door 2 Star Refrigerator  with Advanced Inverter and 95%+ Food Surface ...,Inverter CompressorBuilt-in Stabilizer1 Year Comprehensive Warranty on Product and 10 Years Warranty on Compressor,Fridge,21990,2.0,336.0,Mid-range
"LG 205 L Direct Cool Single Door 5 Star Refrigerator with Base Drawer  with Smart Inverter Compressor,...",Smart Inverter CompressorBuilt-in Stabilizer1 Year Warranty on Product and 10 Years Warranty on Compressor from LG,Fridge,24999,3.7,347.0,Mid-range
Godrej 180 L Direct Cool Single Door 4 Star Refrigerator  with Large Vegetable Tray And 2.25 L Bottle ...,Fixed speed compressorBuilt-in Stabilizer1 Year Comprehensive Warranty on Product and 10 Years Warranty on Compressor,Fridge,14490,4.7,449.0,Economic
Haier 328 L Frost Free Double Door 3 Star Convertible Refrigerator,INVERTER CompressorBuilt-in Stabilizer1 Year Warranty on Product and 10 Years Warranty on Compressor from Haier,Fridge,34694,1.0,0.0,Mid-range
Whirlpool 207 L Direct Cool Single Door 5 Star Refrigerator,DC Inverter CompressorBuilt-in Stabilizer1 Year Warranty on Product and 10 Years on Compressor,Fridge,18817,1.7,836.0,Economic
Whirlpool 200 L Direct Cool Single Door 4 Star Refrigerator,inverter compressorsBuilt-in Stabilizer1 year Warranty on Product and 10 Years Warranty on Compressor from Whirlpool,Fridge,17590,2.9,0.0,Economic
Haier 215 L Direct Cool Single Door 3 Star Refrigerator,Normal CompressorBuilt-in Stabilizer1 Year Comprehensive Warranty on the Product and 10 Years Warranty on Compressor,Fridge,18990,3.6,0.0,Economic
Electrolux 453 L Frost Free Double Door Bottom Mount 1 Star Refrigerator  with Inverter Bottom Freezer...,Inverter1 Year Standard Warranty on Product and 9 Years Additional Warranty on Compressor (Refrigerant or Gas is Chargeable),Fridge,61490,4.5,0.0,Premium
SAMSUNG 192 L Direct Cool Single Door 3 Star Refrigerator with Base Drawer,"Digital Inverter CompressorBuilt-in Stabilizer1 year comprehensive warranty on product, 20 years on compressor, For all Refrigerators with Digital Inverter Compressors, sold on or after 1st Dec 2022 (All Refrigerator apart from Non-Digital Inverter Technology Direct Cool Models) the Warranty period on the Digital Inverter Compressor shall be revised from 10 years to 20 years.",Fridge,15890,4.9,1042.0,Economic
Hindware Smart Appliances 5.5 L Instant Water Geyser ,"Instant Geyser5.5 L2 Years Comprehensive Warranty on Product, 2 Years Warranty on Heating Element and 5 Years Warranty on Tank",geyser,2999,4.3,8437.0,Economic
Hindware Smart Appliances 10 L Storage Water Geyser ,"Storage Geyser10 L2 Years Comprehensive, 2 Years on Heating Element, 5 Years on Tank",geyser,4499,4.4,681.0,Economic
DIGISMART 3 L Instant Water Geyser ,Instant Geyser3 L1 year warranty,geyser,1699,4.2,85.0,Economic
RR 5 L Instant Water Geyser ,"Instant Geyser5 L2 Year on Product, 2 Year on Heating Element, 5 Year on Tank",geyser,2699,4.9,0.0,Economic
V-Guard 15 L Storage Water Geyser ,Storage Geyser15 LMatteo 15 comes with a 2-year offsite domestic warranty for manufacturing defects.  The Heating Element has a warranty of 3 years & the Inner Tank has a warranty of 5 years. Please contact V-Guard Customer Care 1800 103 1300(Toll-free) for service-related issues.,geyser,6399,1.3,1315.0,Economic
Crompton 25 L Storage Water Geyser ,"Storage Geyser25 L7 Years Inner Tank, 3 Years Element, 2 Years Product",geyser,9849,1.0,1.0,Economic
V-Guard 10 L Storage Water Geyser with Free Installation & Flexi Pipes ,"Storage Geyser10 L2 Year on Product, 4 Year on Heating Element, 7 Year on Inner Tank",geyser,8549,2.3,149.0,Economic
Haier 3 L Instant Water Geyser Fast Heating 8 Bar Pressure Glass Lined Tank ,Instant Geyser3 L7 Years on Tank and 4 Years on heater,geyser,3099,3.9,8.0,Economic
Aulten 15 L Storage Water Geyser ,"Storage Geyser15 L2 Year Replacement Warranty on Product, 2 Years Warranty on Heating Element, 2 Years Warranty on Tank",geyser,4417,1.1,0.0,Economic
Hindware Smart Appliances 15 L Storage Water Geyser ,"Storage Geyser15 L2 Years Comprehensive, 2 Years on Heating Element, 5 Years on Tank",geyser,5000,2.8,681.0,Economic
Longway 25 L Storage Water Geyser ,Storage Geyser25 L1 Year Limited Domestic Brand Warranty on Product & 5 Years on Inner Tank/Container.,geyser,3999,4.6,931.0,Economic
Candes 10 L Storage Water Geyser ,"Storage Geyser10 L1 Year Warranty on Components & 4 Years Warranty on Inner Container  including On-Site & Off-Site, Domestic & International Warranty",geyser,2919,1.5,2337.0,Economic
Stardom 25 L Storage Water Geyser ,Storage Geyser25 L1 year manufacture warranty on geyser and 30 Month on inner tank,geyser,3289,2.2,38.0,Economic
Orient Electric 15 L Storage Water Geyser ,Storage Geyser15 LNA,geyser,5299,3.0,0.0,Economic
Capital 1 L Instant Water Geyser ,Instant Geyser1 Lna,geyser,1099,1.6,605.0,Economic
Rishikaenterprises 1 L Instant Water Geyser ,Instant Geyser1 L0,geyser,1904,4.0,1.0,Economic
Racold 6 L Instant Water Geyser ,Instant Geyser6 L5 Years on Tank ; 2 Years on Product; 2 Years on Heating Element,geyser,6798,1.4,4.0,Economic
Orient Electric 10 L Storage Water Geyser ,"Storage Geyser10 L5 Years Warranty on Tank, 2 Years Warranty on Heating Element & 2 Years Warranty on Product",geyser,5799,4.1,8.0,Economic
voltas 15 L Storage Water Geyser ,"Storage Geyser15 L7 Years Warranty on Tank , 3 Years Warranty on Heating Element and 2 Years Warranty on Product",geyser,7199,3.4,4.0,Economic
BAJAJ 15 L Storage Water Geyser ,"Storage Geyser15 L10 years warranty on tank, 6 years warranty on element and 4 years warranty on product",geyser,7199,1.4,0.0,Economic
HAVELLS 15 L Storage Water Geyser ,Storage Geyser15 L4 YEAR ELEMENT,geyser,12999,1.4,2.0,Economic
Venus 15 L Storage Water Geyser ,"Storage Geyser15 LGuarantee -7 Years on Inner Tank, 3 Years on Heating Element & 2 Years on Product",geyser,6595,3.6,15.0,Economic
Longway 10 L Storage Water Geyser ,Storage Geyser10 L1 Year Limited Domestic Brand Warranty on Product & 5 Years on Inner Tank/Container.,geyser,2699,4.4,5453.0,Economic
HAVELLS 10 L Storage Water Geyser with Flexi Pipe and Free Installation ,"Storage Geyser10 L7 Years Warranty on Inner Container, 4 Years Warranty on Heating Element, 2 Years Comprehensive Warranty",geyser,7399,4.9,14.0,Economic
O PLUS 10 L Storage Water Geyser ,Storage Geyser10 L1 Year Limited Domestic Brand Warranty on Product & 5 Years on Inner Tank/Container.,geyser,3099,1.3,2.0,Economic
Kenstar 15 L Storage Water Geyser ,"Storage Geyser15 L7 Years Warranty on Tank, 2 Years Warranty on Product and 3 Years Warranty on Element",geyser,6299,3.9,55.0,Economic
BAJAJ 25 L Storage Water Geyser ,"Storage Geyser25 L2 years on product and 10 years on inner tank, 3 years om Element",geyser,10099,2.1,0.0,Economic
Candes 6 L Storage Water Geyser ,"Storage Geyser6 L1 Year Warranty on Components & 4 Years Warranty on Inner Container  including On-Site & Off-Site, Domestic & International Warranty",geyser,3049,1.8,68.0,Economic
HAVELLS 25 L Storage Water Geyser ,"Storage Geyser25 L7 Years Warranty on Inner Container, 4 Years Warranty on Heating Element, 2 Years Comprehensive Warranty",geyser,15199,4.2,15.0,Economic
RENUMAX 1 L Instant Water Geyser ,Instant Geyser1 L6 month WARRANTY,geyser,888,4.8,50.0,Economic
USHA 25 L Storage Water Geyser ,"Storage Geyser25 L2 Years on Product, 3 Years on Heating Element and 7 Years on Tank",geyser,8889,1.8,1.0,Economic
Crompton 3 L Instant Water Geyser ,"Instant Geyser3 L5 years warranty on inner tank ,3 years warranty on Heating Element and 2 years warranty on product",geyser,2699,3.6,1.0,Economic
Venus 10 L Storage Water Geyser ,"Storage Geyser10 L7 years on tank, 2 years on heating element and 2 years on product. 5 star rating product",geyser,7180,2.6,21.0,Economic
Sansui 25 L Storage Water Geyser ,Storage Geyser25 L2 Years Warranty,geyser,6199,3.3,47.0,Economic
SKENTERPRISES 10 L Instant Water Geyser ,Instant Geyser10 L0,geyser,225,2.5,0.0,Economic
Racold 1 L Storage Water Geyser ,"Storage Geyser1 L2 years on product, 2 years on heating element and 5 years on tank",geyser,2845,1.0,0.0,Economic
Orient Electric 3 L Instant Water Geyser ,"Instant Geyser3 L5 years warranty on tank, 2 years on product",geyser,3069,4.7,13.0,Economic
V-Guard 3 L Instant Water Geyser ,Instant Geyser3 L2 Years Manufacturer Warranty,geyser,3674,2.4,45.0,Economic
Fortay 99 L Instant Water Geyser ,Instant Geyser99 LNA,geyser,1567,1.6,4.0,Economic
USHA 50 L Storage Water Geyser ,Storage Geyser50 Lproduct 2 years Heating Element 3 years TanK 7 years,geyser,14499,4.3,0.0,Economic
Zunpulse 25 L Storage Water Geyser ,Storage Geyser25 L5 years on tank & 2 years on all other component,geyser,5599,1.8,2.0,Economic
AO Smith 15 L Storage Water Geyser ,Storage Geyser15 L24 MONTHS,geyser,9890,4.6,0.0,Economic
CSI INTERNATIONAL 1 L Instant Water Geyser ,Instant Geyser1 L1 Year,geyser,1099,2.0,3.0,Economic
Khaitan 3 L Instant Water Geyser ,Instant Geyser3 L2 Year Comprehensive Warranty and 7 year on Inner Tank,geyser,2807,1.1,0.0,Economic
Polycab 15 L Storage Water Geyser ,Storage Geyser15 L2 Year Warranty,geyser,6699,4.6,8.0,Economic
HAVELLS 6 L Storage Water Geyser ,"Storage Geyser6 L2 Years Comprehensive Warranty on Product, 7 Years Warranty on Inner Container, 4 Years Warranty on Heating Element",geyser,7899,3.8,152.0,Economic
Capital 1 L Instant Water Geyser ,Instant Geyser1 Lna,geyser,1099,1.9,33.0,Economic
Lazer 10 L Storage Water Geyser ,Storage Geyser10 L7 Years Warranty on Inner Tank & 4 Years on Electrical components  And 2 Years  on Product,geyser,5999,2.3,4.0,Economic
Hindware Smart Appliances 15 L Storage Water Geyser ,"Storage Geyser15 L7 Years on Tank, 2 Years on Element and 2 years comprehensive",geyser,6499,3.5,348.0,Economic
Crompton 15 L Storage Water Geyser ,"Storage Geyser15 L5 Years Inner Tank, 2 Years Element, 2 Years Product",geyser,6599,3.9,2.0,Economic
Lazer 25 L Storage Water Geyser ,Storage Geyser25 L7 Years Warranty on Inner Tank & 4 Years on Electrical components  And 2 Years  on Product,geyser,6499,1.1,2.0,Economic
Sansui 3 L Instant Water Geyser ,"Instant Geyser3 L2 Years Warranty on Product, 3 Years Warranty on Heating Element and 5 Years Warranty on Tank",geyser,2099,1.9,1791.0,Economic
Haier 10 L Storage Water Geyser ,Storage Geyser10 L3 Years Warranty on Product and 7 Years Warranty on Tank,geyser,6199,4.7,0.0,Economic
Crompton 25 L Storage Water Geyser ,"Storage Geyser25 L5 years warranty on tank, 2 years warranty on heating element, 2 years warranty on product",geyser,7000,4.6,0.0,Economic
Rishikaenterprises 1 L Instant Water Geyser ,Instant Geyser1 L0,geyser,1824,2.4,1.0,Economic
V-Guard 15 L Storage Water Geyser ,Storage Geyser15 LCalino 15L comes with a 2-year offsite domestic warranty for manufacturing defects.  The Heating Element has a warranty of 3 years & the Inner Tank has a warranty of 7 years. Please contact V-Guard Customer Care 1800 103 1300(Toll-free) for service-related issues.,geyser,9549,1.4,182.0,Economic
Orient Electric 15 L Storage Water Geyser ,Storage Geyser15 L2 YEAR PRODUCT WARRANTY,geyser,6282,2.1,0.0,Economic
Polycab 10 L Instant Water Geyser ,Instant Geyser10 L2 years product warranty and 5 years tank warranty,geyser,5349,4.4,15.0,Economic
Kenstar 25 L Storage Water Geyser ,"Storage Geyser25 L7 Years on Tank, 3 Years on Element, 2 Years Product Warranty",geyser,7099,2.5,1.0,Economic
AO Smith 25 L Storage Water Geyser ,Storage Geyser25 L7 Years on tank and 4 years on Element.,geyser,12490,3.7,3.0,Economic
"HAVELLS 3 L Instant Water Geyser Color Changing LED Indicator, Rust & Shook Proof ","Instant Geyser3 L5 year warranty on Inner Container, 2 year comprehensive Warranty",geyser,3599,2.0,1952.0,Economic
Acer Aspire 3 Intel Core i3 13th Gen 1305U ,Intel Core i3 Processor (13th Gen)8 GB DDR4 RAMWindows 11 Operating System512 GB SSD35.56 cm (14 Inch) Display1 Year Carry-in Warranty,laptops,29990,2.7,0.0,Mid-range
DELL Intel Core i3 12th Gen 1215U ,Intel Core i3 Processor (12th Gen)8 GB DDR4 RAMWindows 11 Operating System512 GB SSD39.62 cm (15.6 Inch) Display1 Year Onsite Warranty,laptops,32870,3.2,223.0,Mid-range
Lenovo LOQ Intel Core i5 12th Gen 12450HX ,Intel Core i5 Processor (12th Gen)16 GB DDR5 RAMWindows 11 Operating System512 GB SSD39.62 cm (15.6 inch) Display1Yr Warranty and 1 Yr Accidental Damage Protection,laptops,105090,2.7,11.0,Premium
HP Chromebook MediaTek MT8183 ,MediaTek MT8183 Processor4 GB LPDDR4X RAMChrome Operating System29.46 cm (11.6 Inch) Display1 Year Carry-in Warranty,laptops,9490,2.1,526.0,Economic
Infinix Y3 Max Series Intel Core i3 12th Gen 1215U ,Intel Core i3 Processor (12th Gen)8 GB LPDDR4X RAMWindows 11 Operating System256 GB SSD40.64 cm (16 Inch) Display1 Year Onsite Warranty,laptops,25990,1.5,12.0,Mid-range
ASUS TUF Gaming F17 ,Intel Core i5 Processor (11th Gen)8 GB DDR4 RAMWindows 11 Operating System512 GB SSD43.94 cm (17.3 Inch) Display1 Year Onsite Warranty,laptops,48990,3.8,96.0,Mid-range
Lenovo Chromebook MediaTek Kompanio 520 ,MediaTek Kompanio 520 Processor8 GB LPDDR4X RAMChrome Operating System35.56 cm (14 inch) Display1 Year Carry-in Warranty,laptops,16990,4.1,17.0,Economic
Acer Aspire Lite Intel Core i5 12th Gen 1235U ,Intel Core i5 Processor (12th Gen)16 GB DDR4 RAMWindows 11 Operating System512 GB SSD39.62 cm (15.6 Inch) Display1 Year Carry-in Warranty,laptops,40990,3.8,4.0,Mid-range
Infinix Y4 Max Series Intel Core i5 13th Gen 1335U ,Intel Core i5 Processor (13th Gen)16 GB LPDDR4X RAMWindows 11 Operating System512 GB SSD40.64 cm (16 inch) DisplayNA1 Year Onsite Warranty,laptops,38990,4.7,45.0,Mid-range
ZEBRONICS Pro Series Z Intel Core i5 12th Gen 1235U ,Intel Core i5 Processor (12th Gen)8 GB DDR4 RAMWindows 11 Operating System512 GB SSD39.62 cm (15.6 Inch) Display1 Year Carry-in Warranty,laptops,29990,3.2,94.0,Mid-range
Infinix X3 Slim Intel Intel Core i3 12th Gen 1215U ,Intel Core i3 Processor (12th Gen)8 GB LPDDR4X RAMWindows 11 Operating System512 GB SSD35.56 cm (14 Inch) Display1 Year Onsite Warranty,laptops,27990,1.8,199.0,Mid-range
HP OMEN Intel Core i5 13th Gen 13420H ,Intel Core i5 Processor (13th Gen)16 GB DDR5 RAMWindows 11 Operating System512 GB SSD40.89 cm (16.1 Inch) Display1 Year Onsite Warranty,laptops,89990,4.4,24.0,Premium
Acer Swift Go 14 TouchScreen AI PC Intel Core Ultra 5 125H ,Intel Core Ultra 5 Processor16 GB LPDDR5X RAMWindows 11 Operating System512 GB SSD35.56 cm (14 Inch) Touchscreen Display1 Year Carry-in Warranty,laptops,69990,4.3,46.0,Premium
Thomson NEO Core Series Intel Core i3 12th Gen 1215U ,Intel Core i3 Processor (12th Gen)8 GB LPDDR4 RAMWindows 11 Operating System512 GB SSD39.62 cm (15.6 inch) Display1 Year Onsite warranty,laptops,24999,1.2,1.0,Mid-range
MSI Modern 15 Intel Core i7 13th Gen 1355U ,Intel Core i7 Processor (13th Gen)16 GB DDR4 RAMWindows 11 Operating System512 GB SSD39.62 cm (15.6 Inch) Display1 Year Carry-in Warranty,laptops,53990,2.0,6.0,Premium
Infinix Y3 Max Series Intel Core i3 12th Gen 1215U ,Intel Core i3 Processor (12th Gen)16 GB LPDDR4X RAMWindows 11 Operating System512 GB SSD40.64 cm (16 Inch) Display1 Year Onsite Warranty,laptops,29990,2.1,12.0,Mid-range
HP 255 G9 841W6pa AMD Ryzen 3 Dual Core ,AMD Ryzen 3 Dual Core Processor8 GB DDR4 RAMDOS Operating System512 GB SSD39.62 cm (15.6 inch) Display1 Year Domestic Warrenty,laptops,25999,3.3,20.0,Mid-range
ASUS Vivobook Go 15 OLED AMD Ryzen 5 Quad Core 7520U ,AMD Ryzen 5 Quad Core Processor8 GB LPDDR5 RAMWindows 11 Operating System512 GB SSD39.62 cm (15.6 Inch) Display1 Year Onsite Warranty,laptops,43990,3.1,163.0,Mid-range
Lenovo V14 Intel Core i3 11th Gen ,Intel Core i3 Processor (11th Gen)8 GB DDR4 RAMWindows 10 Operating System256 GB SSD35.56 cm (14 inch) Display1 Years Manufacturer Warranty,laptops,29400,2.4,3.0,Mid-range
Infinix Y3 Max Series Intel Core i5 12th Gen 1235U ,Intel Core i5 Processor (12th Gen)16 GB LPDDR4X RAMWindows 11 Operating System512 GB SSD40.64 cm (16 Inch) Display1 Year Onsite Warranty,laptops,35990,4.5,1.0,Mid-range
"ASUS Vivobook 16X for Creator, Intel Core i7 12th Gen 12700H ",Intel Core i7 Processor (12th Gen)16 GB DDR4 RAMWindows 11 Operating System512 GB SSD40.64 cm (16 Inch) Display1 Year Onsite Warranty,laptops,69990,4.6,0.0,Premium
Apple MacBook Air Apple M3 ,"Apple M3 Processor8 GB Unified Memory RAMMac OS Operating System256 GB SSD33.02 cm (13 Inch) DisplayBuilt-in Apps: App Store, Books, Calendar, Contacts, FaceTime, Find My, Freeform, GarageBand, Home, iMovie, Keynote, Mail, Maps, Messages, Music, Notes, Numbers, Pages, Photo Booth, Photos, Podcasts, Preview, QuickTime Player, Reminders, Safari, Shortcuts, Siri, Stocks, Time Machine, TV, Voice Memos1 Year Onsite Warranty",laptops,104990,2.8,24.0,Premium
HP Intel Core i5 13th Gen ,Intel Core i5 Processor (13th Gen)16 GB DDR4 RAMWindows 11 Home Operating System512 GB SSD35.56 cm (14 inch) Touchscreen Display1 year Warranty,laptops,73490,1.5,1.0,Premium
Apple MacBook AIR Apple M2 ,"Apple M2 Processor8 GB Unified Memory RAMMac OS Operating System512 GB SSD34.54 cm (13.6 Inch) DisplayBuilt-in Apps: iMovie, Siri, GarageBand, Pages, Numbers, Photos, Keynote, Safari, Mail, FaceTime, Messages, Maps, Stocks, Home, Voice Memos, Notes, Calendar, Contacts, Reminders, Photo Booth, Preview, Books, App Store, Time Machine, TV, Music, Podcasts, Find My, QuickTime Player1 Year Limited WarraÂ­nty",laptops,97990,3.6,691.0,Premium
"ASUS Vivobook 16X for Creator, Intel Core i5 12th Gen 12500H ",Intel Core i5 Processor (12th Gen)16 GB DDR4 RAMWindows 11 Operating System512 GB SSD40.64 cm (16 inch) Display1 Year Onsite Warranty,laptops,59990,1.4,8.0,Premium
HP AMD Ryzen 5 Dual Core ,AMD Ryzen 5 Dual Core Processor16 GB DDR4 RAMDOS Operating System512 GB SSD35.56 cm (14 inch) Display1 Year Domestic Warrenty,laptops,34288,4.8,0.0,Mid-range
ASUS TUF Gaming A14 (2024) ,"AMD Ryzen AI 9 12 Core Processor32 GB LPDDR5X RAMWindows 11 Operating System2 TB SSD35.56 cm (14 Inch) DisplayMicrosoft Office Home & Student 2021, McAfeeÂ® 1 year, Xbox Game Pass Ultimate_3 months1 Year Onsite Warranty",laptops,169990,4.3,0.0,Premium
Apple MacBook AIR Apple M2 ,"Apple M2 Processor8 GB Unified Memory RAMMac OS Operating System512 GB SSD34.54 cm (13.6 Inch) DisplayBuilt-in Apps: iMovie, Siri, GarageBand, Pages, Numbers, Photos, Keynote, Safari, Mail, FaceTime, Messages, Maps, Stocks, Home, Voice Memos, Notes, Calendar, Contacts, Reminders, Photo Booth, Preview, Books, App Store, Time Machine, TV, Music, Podcasts, Find My, QuickTime Player1 Year Limited WarraÂ­nty",laptops,97990,1.1,691.0,Premium
MSI Modern 15 AMD Ryzen 5 Hexa Core 7530U ,AMD Ryzen 5 Hexa Core Processor8 GB DDR4 RAMWindows 11 Operating System512 GB SSD39.62 cm (15.6 Inch) Display1 Year Carry-in Warranty,laptops,34990,2.5,287.0,Mid-range
CHUWI Intel Core i5 10th Gen 1035G1 ,"Intel Core i5 Processor (10th Gen)16 GB DDR4 RAMWindows 11 Home Operating System512 GB SSD35.56 cm (14 inch) DisplayWPS Office, Operating System Software1 Year Onsite Warranty",laptops,24990,3.8,73.0,Mid-range
Lenovo Yoga Slim 7x Qualcomm Snapdragon X Elite ,Qualcomm Snapdragon X Elite Processor32 GB LPDDR5X RAMWindows 11 Operating System1 TB SSD36.83 cm (14.5 Inch) Touchscreen Display1 Year Onsite Warranty,laptops,147190,3.8,0.0,Premium
MSI Thin 15 Intel Core i7 12th Gen 12650H ,Intel Core i7 Processor (12th Gen)16 GB DDR4 RAMWindows 11 Operating System512 GB SSD39.62 cm (15.6 Inch) Display2 Year Onsite Warranty,laptops,61990,1.5,0.0,Premium
MSI Thin A15 AMD Ryzen 5 Hexa Core 7535HS ,AMD Ryzen 5 Hexa Core Processor16 GB DDR5 RAMWindows 11 Operating System512 GB SSD39.62 cm (15.6 Inch) Display2 Year Onsite Warranty,laptops,66990,4.9,0.0,Premium
ASUS Intel Core i5 11th Gen ,Intel Core i5 Processor (11th Gen)8 GB DDR4 RAMWindows 11 Home Operating System512 GB SSD39.62 cm (15.6 inch) Display1 Year Warranty,laptops,49990,4.2,0.0,Mid-range
DELL Inspiron 7430 Intel Core i5 13th Gen 1335U ,"Intel Core i5 Processor (13th Gen)8 GB LPDDR5 RAMWindows 11 Operating System512 GB SSD35.56 cm (14 inch) Touchscreen DisplayWindows 11, Microsoft Office12 Months",laptops,73990,2.8,0.0,Premium
HP G9 SERIES AMD Athlon Dual Core 3050U ,AMD Athlon Dual Core Processor4 GB DDR4 RAMWindows 11 Operating System256 GB SSD39.62 cm (15.6 Inch) Display1 Year Onsite Warranty,laptops,22780,4.5,4.0,Mid-range
Infinix Zero Book Ultra AI PC Intel Core Ultra 7 155H ,Intel Core Ultra 7 Processor16 GB LPDDR5X RAMWindows 11 Operating System512 GB SSD39.62 cm (15.6 Inch) Display1 Year Onsite Warranty,laptops,64990,4.4,3.0,Premium
HP ENVY AI PC Intel Core Ultra 5 125U ,Intel Core Ultra 5 Processor16 GB LPDDR5 RAMWindows 11 Operating System512 GB SSD35.56 cm (14 inch) Touchscreen Display1 Year Onsite warranty,laptops,101990,3.9,2.0,Premium
DELL core i5 Intel Core i5 12th Gen ,Intel Core i5 Processor (12th Gen)8 GB DDR4 RAM64 bit Windows 11 Operating System512 GB SSD39.62 cm (15.6 inch) DisplayMS OFFICE1 Year Onsite Warranty,laptops,45890,2.3,0.0,Mid-range
Infinix X3 Slim Intel Core i5 12th Gen 1235U ,Intel Core i5 Processor (12th Gen)16 GB LPDDR4X RAMWindows 11 Operating System512 GB SSD35.56 cm (14 Inch) Display1 Year Onsite Warranty,laptops,39990,2.9,154.0,Mid-range
ASUS Intel Core i5 12th Gen 12500H ,Intel Core i5 Processor (12th Gen)16 GB DDR4 RAMWindows 11 Operating System512 GB SSD40.64 cm (16 inch) Display1 Year Onsite Warranty,laptops,51890,3.4,0.0,Mid-range
MSI GF63 Intel Core i5 12th Gen 12450H ,Intel Core i5 Processor (12th Gen)8 GB DDR4 RAMWindows 11 Operating System512 GB SSD39.62 cm (15.6 Inch) Display2 Year Carry-in Warranty,laptops,52990,1.4,6.0,Premium
HP (15s,Intel Core i3 Processor (12th Gen)8 GB DDR4 RAM64 bit Windows 11 Operating System512 GB SSD100.58 cm (39.6 cm) DisplayMicrosoft Office Home & Student 20211 Year Onsite Warranty,laptops,36990,4.0,483.0,Mid-range
ASUS Vivobook Pro 14X OLED with ASUS DialPad AMD Ryzen 9 Octa Core AMD R9,AMD Ryzen 9 Octa Core Processor16 GB DDR4 RAM64 bit Windows 11 Operating System1 TB SSD35.56 cm (14 inch) DisplayOffice Home and Student 20211 Year Onsite Warranty,laptops,125999,4.2,0.0,Premium
MICROSOFT Surface Laptop (7th Edition) AI PC Qualcomm Snapdragon X Elite ,Qualcomm Snapdragon X Elite Processor16 GB LPDDR5X RAMWindows 11 Operating System512 GB SSD35.05 cm (13.8 Inch) Touchscreen Display1 Year Onsite Warranty,laptops,150990,1.4,0.0,Premium
HP Chromebook MediaTek MT8183 ,"MediaTek MT8183 Processor4 GB LPDDR4X RAM32 bit Chrome Operating System29.46 cm (11.6 inch) Touchscreen DisplayPre-installed G-suite Apps, Linux Kernel and Apps, Chrome Web Extensions, Google Play Store, HP Audio Switch, HP ePrint, HP Support Assistant, Dropbox1 Year Onsite Warranty",laptops,18880,1.7,526.0,Economic
ASUS Vivobook GO 15 OLED AMD Ryzen 5 Quad Core 7520U ,AMD Ryzen 5 Quad Core Processor16 GB LPDDR5 RAMWindows 11 Operating System512 GB SSD39.62 cm (15.6 Inch) Display1 Year Onsite Warranty,laptops,48990,4.3,0.0,Mid-range
HP 240 G8 Intel Core i3 11th Gen 1115G4 ,Intel Core i3 Processor (11th Gen)8 GB DDR4 RAM32 bit Windows 11 Operating System512 GB SSD35.56 cm (14 inch) Displayna1 year warranty,laptops,32990,4.8,12.0,Mid-range
Lenovo AMD Ryzen 5 Hexa Core 5500U ,AMD Ryzen 5 Hexa Core Processor8 GB DDR4 RAM64 bit Windows 11 Operating System512 GB SSD39.62 cm (15.6 inch) Display1 Year Onsite Warranty,laptops,34990,3.9,16.0,Mid-range
"ASUS Vivobook Pro 15 For Creator, AMD Ryzen 5 Hexa Core 5600HS ",AMD Ryzen 5 Hexa Core Processor8 GB DDR4 RAMWindows 11 Operating System512 GB SSD39.62 cm (15.6 Inch) Display1 Year Onsite Warranty,laptops,54990,3.3,150.0,Premium
Acer Nitro AMD Ryzen 5 Hexa Core 5600H ,"Free upgrade to Windows 11 when availableAMD Ryzen 5 Hexa Core Processor8 GB DDR4 RAM64 bit Windows 11 Home Operating System1 TB HDD|256 GB SSD39.62 cm (15.6 Inch) DisplayQuick Access, Acer Care Center, Acer Product Registration, NitroSense, GOTrust, Norton Internet Security (Trial Only), PC Manager1 Year International Travellers Warranty (ITW)",laptops,63999,3.4,74.0,Premium
HP 15s Intel Core i5 13th Gen 1335U ,Intel Core i5 Processor (13th Gen)8 GB DDR4 RAM64 bit Windows 11 Operating System512 GB SSD39.62 cm (15.6 Inch) Display1 Year Onsite Warranty,laptops,56499,1.0,24.0,Premium
DELL VOSTRO Intel Core i5 12th Gen ,Intel Core i5 Processor (12th Gen)8 GB LPDDR4 RAMWindows 11 Operating System512 GB SSD35.56 cm (14 inch) Display36 MONTHS,laptops,58990,1.2,2.0,Premium
Acer Aspire 3 Intel Pentium Silver N6000 ,Intel Pentium Silver Processor8 GB DDR4 RAM64 bit Windows 11 Operating System256 GB SSD35.56 cm (14 inch) Display1 Year International Travelers Warranty (ITW),laptops,32999,1.2,7.0,Mid-range
HP Intel Core Ultra 5 125H ,Intel Core Ultra 5 Processor16 GB DDR5 RAMWindows 11 Operating System512 GB SSD39.62 cm (15.6 inch) Display1 Year Onsite warranty,laptops,72580,4.8,0.0,Premium
HP 841w6pa 255 g9 AMD Ryzen 3 Dual Core AMD RyzenÃ¢âÂ¢ 3 processor 3250U ,AMD Ryzen 3 Dual Core Processor8 GB DDR4 RAMDOS Operating System512 GB SSD39.62 cm (15.6 inch) DisplayDOS1 year Domestic warranty,laptops,25999,1.9,6.0,Mid-range
Infinix INBook X2 Plus Intel Core i3 11th Gen 1115G4 ,Intel Core i3 Processor (11th Gen)8 GB LPDDR4X RAM64 bit Windows 11 Operating System256 GB SSD39.62 cm (15.6 Inch) Display1 Year Onsite Warranty,laptops,34990,3.8,110.0,Mid-range
MICROSOFT Surface Pro (11th Edition) AI PC Qualcomm Snapdragon X Elite ,Qualcomm Snapdragon X Elite Processor16 GB LPDDR5X RAMWindows 11 Operating System512 GB SSD33.02 cm (13 Inch) Touchscreen Display1 Year Onsite Warranty,laptops,161990,2.7,0.0,Premium
Lenovo Yoga 7 WUXGA,Intel Core i7 Processor (13th Gen)16 GB LPDDR5 RAMWindows 11 Operating System1 TB SSD35.56 cm (14 inch) Touchscreen Display1Yr Warranty + 1 Yr Premium Care and 1 Yr Accidental Damage Protection,laptops,100190,1.8,1.0,Premium
Lenovo IdeaPad Slim 3 Intel Core i3 13th Gen 1305U ,Intel Core i3 Processor (13th Gen)8 GB LPDDR5 RAMWindows 11 Operating System512 GB SSD39.62 cm (15.6 inch) DisplayMicrosoft Office Home & Student 20211Yr Warranty and 1 Yr Accidental Damage Protection,laptops,38750,3.4,12.0,Mid-range
HP Victus 15 Intel Core i5 13th Gen 13420H ,Intel Core i5 Processor (13th Gen)16 GB DDR4 RAMWindows 11 Operating System512 GB SSD39.62 cm (15.6 inch) Display1 Year Onsite Warranty,laptops,73990,4.4,31.0,Premium
Lenovo V15 Intel Core i3 12th Gen ,Intel Core i3 Processor (12th Gen)8 GB DDR4 RAMDOS Operating System512 GB SSD39.62 cm (15.6 inch) Display1 Year Warranty,laptops,31000,2.6,2.0,Mid-range
Infinix Intel Core i7 11th Gen 1195G7 ,Intel Core i7 Processor (11th Gen)16 GB LPDDR4X RAMWindows 11 Operating System1 TB SSD39.62 cm (15.6 inch) Display1 Year Onsite Warranty,laptops,57990,4.5,1.0,Premium
ASUS Vivobook S14 OLED Intel EVO H,Intel Core i5 Processor (12th Gen)16 GB DDR4 RAM64 bit Windows 11 Operating System512 GB SSD35.56 cm (14 Inch) Display1 Year Onsite Warranty,laptops,61990,3.4,424.0,Premium
HP Victus 15 Intel Core i5 13th Gen 13420H ,Intel Core i5 Processor (13th Gen)16 GB DDR4 RAMWindows 11 Operating System512 GB SSD39.62 cm (15.6 inch) Display1 Year Onsite Warranty,laptops,73990,3.6,31.0,Premium
Haier 8 kg,1200 rpm Max Speed5 Star Rating5 Years Comprehensive Warranty on Product and 12 Years Warranty on Motor,washing machine,32990,4.9,97.0,Mid-range
SAMSUNG 9 kg,"1400 rpm Max Speed5 Star Rating2 years comprehensive warranty on the product, 20 years warranty on the DIT Motor",washing machine,38990,4.9,1011.0,Mid-range
Haier 8 kg,1300 rpm Max Speed5 Star Rating2 Years Warranty on Product and 5 Years Warranty on Motor,washing machine,10290,3.9,99.0,Economic
Thomson 7 kg,780 rpm Max Speed1 Years Comprehensive Warranty on Product and 5 Years on Wash Motor,washing machine,4990,3.9,197.0,Economic
Haier 8 kg,800 rpm Max Speed5 Star Rating2 Years Comprehensive Warranty on Product and 10 Years Warranty on Motor from Haier,washing machine,16990,2.2,66.0,Economic
Thomson 7.5 kg,840 rpm Max Speed5 Star Rating2 Years Comprehensive Warranty on Product and 5 Years Warranty on Motor,washing machine,11999,2.1,561.0,Economic
realme TechLife 8 kg,1400 RPM Max Speed5 Star Rating2 Years Comprehensive and 5 Years on Wash Motor,washing machine,9690,3.9,6055.0,Economic
BOSCH 6 kg,"800 rpm Max Speed5 Star RatingWith In-Built Heater2 Years Comprehensive on Product , 12 Years on Motor",washing machine,26490,4.6,1116.0,Mid-range
MOTOROLA 7 kg,1350 rpm Max Speed5 Star Rating2 Years Comprehensive Warranty on Product and 5 Years Warranty on Motor,washing machine,8190,2.1,292.0,Economic
SAMSUNG 9 kg,"700 rpm Max Speed5 Star Rating2 years comprehensive warranty on the product, 20 years warranty on the DIT Motor",washing machine,25500,1.8,4.0,Mid-range
LG 8 kg,1400 RPM Max Speed5 Star RatingWith In-Built Heater2 Years Comprehensive Warranty on Product and 10 Years Warranty on Motor T&C,washing machine,35843,1.4,1704.0,Mid-range
Thomson 7.5 kg,1400 RPM Max Speed5 Star Rating2 Years Comprehensive Warranty on Product and 5 Years Warranty on Motor,washing machine,7590,3.2,1149.0,Economic
Whirlpool 8 kg,1400 RPM Max Speed5 Star RatingWith In-Built Heater2 Years Warranty on Product and 8 Years Warranty on Motor,washing machine,34990,2.5,1.0,Mid-range
Godrej 7 kg,1400 rpm Max Speed5 Star Rating2 Years Comprehensive Warranty on Product and 5 Years Warranty on Motor,washing machine,9990,3.7,179.0,Economic
LG 9 kg,1200 RPM Max Speed5 Star RatingWith In-Built Heater2 Years Comprehensive Warranty on Product and 10 Years Warranty on Motor,washing machine,36990,3.6,1704.0,Mid-range
LG 9 kg,1200 rpm Max Speed5 Star RatingWith In-Built HeaterWith Wi-Fi Connectivity2 Years Comprehensive Warranty on Product and 10 Years Warranty on Motor,washing machine,39990,3.8,1704.0,Mid-range
SAMSUNG 8.5 kg,"1200 rpm Max Speed5 Star Rating2 Years Warranty on Product, 5 Years Warranty on Motor",washing machine,15490,2.6,4.0,Economic
IFB 6.5 kg,720 rpm Max Speed5 Star Rating4 Years Comprehensive Warranty + 10 years Motor Warranty + 10 years Spares Support,washing machine,16890,1.5,1590.0,Economic
Voltas Beko by A Tata Product 6.5 kg,700 rpm Max Speed2 Years Comprehensive Warranty on Product and 10 Years Warranty on Motor,washing machine,12990,1.8,36.0,Economic
Godrej 8 kg,1440 RPM Max Speed5 Star Rating2 Years Comprehensive Warranty and 5 Years Warranty on Motor from Godrej,washing machine,12940,2.0,10.0,Economic
Voltas Beko by A Tata Product 7 kg,"1300 rpm Max Speed2 Years Comprehensive Warranty on Product, 5 Years Warranty on Motor",washing machine,9190,3.7,153.0,Economic
realme TechLife 7.5 kg,1400 RPM Max Speed5 Star Rating2 Years Comprehensive and 5 Years on Wash Motor,washing machine,7990,2.7,6055.0,Economic
Voltas Beko by A Tata Product 14 kg,1300 rpm Max Speed5 Star Rating2 Years Warranty on Product and 5 Years only Motor Warranty,washing machine,15890,3.7,19.0,Economic
Voltas Beko by A Tata Product 7 kg,1350 RPM Max Speed5 Star Rating2 Years Comprehensive,washing machine,8699,1.2,2.0,Economic
Voltas Beko by A Tata Product 7 kg,1450 RPM Max Speed5 Star Rating5 Years International Warranty,washing machine,11129,3.9,5.0,Economic
Voltas Beko 8 kg,1350 RPM Max Speed5 Star Rating1 Year Complete Warranty + 4 year Wash Motor Warranty,washing machine,11359,3.9,5.0,Economic
Lloyd by Havells 6.5 kg,680 rpm Max Speed5 Star Rating2 Years Warranty on Product,washing machine,12751,4.6,10.0,Economic
BOSCH 10/6 kg,1400 RPM Max SpeedWith In-Built Heater2 Years Comprehensive Warranty and 10 Years Warranty on Motor from Bosch,washing machine,56990,4.4,3.0,Premium
SAMSUNG 7 kg,700 RPM Max Speed5 Star Rating2 Years Comprehensive Warranty on Product and 20 Years Warranty on Motor,washing machine,17899,4.1,1.0,Economic
Whirlpool 7 kg,1150 RPM Max Speed5 Star RatingWith In-Built Heater3 Year,washing machine,29390,3.3,0.0,Mid-range
Whirlpool 6.5 kg,"740 RPM Max Speed5 Star Rating2 Year Product Warranty, 10 Years Motor Warranty",washing machine,15990,4.6,3.0,Economic
SAMSUNG 8 kg,1400 rpm Max Speed5 Star RatingWith Wi-Fi Connectivity2 Years on Product and 10 Years on Motor from Samsung,washing machine,40999,3.4,1.0,Mid-range
IFB 6.5 kg,"1000 RPM Max Speed5 Star RatingWith In-Built Heater4 Years Comprehensive Warranty, 10 Years Motor Warranty, 10 Years Spares Support",washing machine,29950,2.0,17.0,Mid-range
BOSCH 8 kg,1400 rpm Max Speed5 Star RatingWith In-Built Heater1 Year Comprehensive Warranty on Product and 10 Years Warranty on Motor,washing machine,39890,4.0,0.0,Mid-range
Siemens 8 kg,1400 rpm Max Speed5 Star RatingWith In-Built Heater2 Years Comprehensive Warranty on Product and 10 Years Warranty on Motor,washing machine,38990,2.4,3.0,Mid-range
Lloyd by Havells 6 kg,1000 rpm Max Speed5 Star RatingWith In-Built Heater2 Years Warranty on Product,washing machine,25490,4.1,0.0,Mid-range
White Westinghouse (Trademark by Electrolux) 7 kg,840 rpm Max Speed5 Star Rating2 Years Warranty on Product and 5 Years Warranty on Motor,washing machine,10999,3.0,3.0,Economic
Haier 8 kg,1300 rpm Max Speed2 Years Comprehensive Warranty and 5 Years Warranty on Motor from Haier,washing machine,12290,1.1,19.0,Economic
SAMSUNG 8 kg,1400 rpm Max Speed5 Star RatingWith Wi-Fi Connectivity3 Years on Product and 10 Years on Motor from Samsung,washing machine,39990,3.7,0.0,Mid-range
DMR 2.5 kg,300 rpm Max Speed1 Year Warranty on Product,washing machine,4999,3.0,3.0,Economic
Equator 2.5 kg,53 rpm Max SpeedWith In-Built Heater2 Years Comprehensive Warranty on Product and 10 Years on Motor,washing machine,12738,1.5,0.0,Economic
Haier 10.5 kg,1400 rpm Max Speed5 Star RatingWith In-Built HeaterWith Wi-Fi Connectivity1 Year Warranty on Product and 12 Years Warranty on Motor,washing machine,42593,1.6,0.0,Mid-range
IFB 8 kg,"1200 RPM Max Speed5 Star RatingWith In-Built HeaterWith Wi-Fi Connectivity4 Years Comprehensive Warranty on Product, 10 Years Warranty on Motor, 10 Years Spares Support",washing machine,32990,3.0,8238.0,Mid-range
Godrej 7 kg,1440 rpm Max Speed5 Star Rating2 Years Comprehensive Warranty on Product and 5 Years on Motor from Godrej,washing machine,10300,2.2,25.0,Economic
Whirlpool 6.5 kg,740 rpm Max Speed5 Star RatingWith In-Built Heater2 Years Comprehensive Warranty on Product and 10 Years Additional Warranty on Motor and Prime Mover,washing machine,18999,4.7,75.0,Economic
Godrej 7 kg,700 rpm Max Speed2 Years comprehensive warranty from Godrej,washing machine,15407,2.8,122.0,Economic
Whirlpool 10 kg,"1400 RPM Max Speed5 Star Rating4 Years Comprehensive Warranty on Product, 10 Years Warranty on Wash Motor and 5 Years Warranty on Spin Motor and Prime Mover",washing machine,15990,3.2,1340.0,Economic
Haier 9 kg,1300 RPM Max Speed2 Years Comprehensive Warranty on Product and 5 Years Warranty on Motor from Haier,washing machine,15396,2.9,9.0,Economic
ONIDA 7 kg,1300 rpm Max Speed2 Years Comprehensive Warranty on Product and 5 Years Warranty on Wash Motor from Onida,washing machine,7690,4.9,37.0,Economic
