Product_Name,Product_Description,Product_Type,Price,Ratings,No_of_reviews,Predicted_Category
vivo T3 Pro 5G ,8 GB RAM | 128 GB ROM17.2 cm (6.77 inch) Full HD+ AMOLED Display50MP + 8MP | 16MP Front Camera5500 mAh BatterySnapdragon 7 Gen 3 Processor1 Year Warranty on Handset and 6 Months Warranty on Accessories,Android mobile,24999,3.4,940.0,Mid-range
vivo T3 Pro 5G ,8 GB RAM | 256 GB ROM17.2 cm (6.77 inch) Full HD+ AMOLED Display50MP + 8MP | 16MP Front Camera5500 mAh BatterySnapdragon 7 Gen 3 Processor1 Year Warranty on Handset and 6 Months Warranty on Accessories,Android mobile,26999,2.6,940.0,Mid-range
vivo T3 Pro 5G ,8 GB RAM | 256 GB ROM17.2 cm (6.77 inch) Full HD+ AMOLED Display50MP + 8MP | 16MP Front Camera5500 mAh BatterySnapdragon 7 Gen 3 Processor1 Year Warranty on Handset and 6 Months Warranty on Accessories,Android mobile,26999,4.9,940.0,Mid-range
POCO X6 Neo 5G ,8 GB RAM | 128 GB ROM | Expandable Upto 1 TB16.94 cm (6.67 inch) Full HD+ Display108MP + 2MP | 16MP Front Camera5000 mAh BatteryDimensity 6080 Processor1 Year Manufacturer Warranty for Phone and 6 Months Warranty for In the Box Accessories,Android mobile,12999,2.2,1238.0,Economic
vivo T3x 5G ,8 GB RAM | 128 GB ROM | Expandable Upto 1 TB17.07 cm (6.72 inch) Full HD+ Display50MP + 2MP | 8MP Front Camera6000 mAh Battery6 Gen 1 Processor1 Year Manufacturer Warranty for Device and 6 Months Manufacturer Warranty for Inbox Accessories,Android mobile,15999,1.7,872.0,Economic
REDMI Note 13 5G ,8 GB RAM | 256 GB ROM16.94 cm (6.67 inch) Full HD+ Display108MP Rear Camera5000 mAh Battery1 Year Brand Warranty,Android mobile,17128,1.0,503.0,Economic
realme 13 Pro+ 5G ,12 GB RAM | 256 GB ROM17.02 cm (6.7 inch) Full HD+ Display50MP + 8MP + 50MP | 32MP Front Camera5200 mAh BatterySnapdragon 7s Gen2 Processor1 Year Manufacturer Warranty for Device and 6 Months Manufacturer Warranty for Inbox Accessories,Android mobile,32999,3.3,223.0,Mid-range
Infinix SMART 8 ,4 GB RAM | 64 GB ROM | Expandable Upto 2 TB16.76 cm (6.6 inch) HD+ Display50MP + AI Lens | 8MP Front Camera5000 mAh BatteryHelio G36 Processor1 Year on Handset and 6 Months on Accessories,Android mobile,7299,3.7,1641.0,Economic
realme C53 ,6 GB RAM | 128 GB ROM | Expandable Upto 2 TB17.12 cm (6.74 inch) HD Display108MP + 2MP | 8MP Front Camera5000 mAh BatteryT612 Processor1 Year Manufacturer Warranty for Phone and 6 Months Warranty for In the Box Accessories,Android mobile,8399,1.2,5928.0,Economic
POCO X6 5G ,12 GB RAM | 256 GB ROM16.94 cm (6.67 inch) Display64MP + 8MP + 2MP | 16MP Front Camera5100 mAh Battery7s Gen 2 Mobile Platform 5G Processor1 Year Manufacturer Warranty for Phone and 6 Months Warranty for In the Box Accessories,Android mobile,17999,4.8,550.0,Economic
Google Pixel 9 ,12 GB RAM | 256 GB ROM16.0 cm (6.3 inch) Display50MP + 48MP | 10.5MP Front Camera4700 mAh BatteryGoogle Tensor G4 Processor1 Year Domestic Warranty,Android mobile,79999,4.1,100.0,Premium
SAMSUNG Galaxy A14 5G ,4 GB RAM | 128 GB ROM | Expandable Upto 1 TB16.76 cm (6.6 inch) Full HD+ Display50MP + 2MP + 2MP | 13MP Front Camera5000 mAh Lithium Ion BatteryExynos 1330 Processor1 Year Manufacturer Warranty for Device and 6 Months Manufacturer Warranty for In-Box Accessories,Android mobile,9999,2.1,611.0,Economic
POCO M6 5G ,4 GB RAM | 64 GB ROM | Expandable Upto 1 TB17.12 cm (6.74 inch) HD+ Display50MP Rear Camera | 5MP Front Camera5000 mAh BatteryMediatek Dimensity 6100+ Processor1 Year Manufacturer Warranty for Phone and 6 Months Warranty for In the Box Accessories,Android mobile,7999,2.4,3297.0,Economic
POCO X6 Pro 5G ,8 GB RAM | 256 GB ROM16.94 cm (6.67 inch) Display64MP + 8MP + 2MP | 16MP Front Camera5000 mAh BatteryDimensity D8300 Ultra Processor1 Year Manufacturer Warranty for Phone and 6 Months Warranty for In the Box Accessories,Android mobile,20999,4.3,1577.0,Mid-range
realme C63 5G Charger in the Box ,8 GB RAM | 128 GB ROM | Expandable Upto 2 TB16.94 cm (6.67 inch) HD+ Display32MP Rear Camera | 8MP Front Camera5000 mAh BatteryDimensity 6300 Processor1 Year Manufacturer Warranty for Device and 6 Months Manufacturer Warranty for Inbox Accessories,Android mobile,12999,4.8,39.0,Economic
realme NARZO 70X 5G ,4 GB RAM | 128 GB ROM17.07 cm (6.72 inch) Display50MP Rear Camera | 8MP Front Camera5000 mAh BatteryDimensity 6100+ 5G Chipset Processor1 Year Domestic Warranty for Phone and 6 Months Warranty for In-Box Accessories,Android mobile,10989,1.5,16.0,Economic
OnePlus Nord CE4 lite 5G ,8 GB RAM | 256 GB ROM16.94 cm (6.67 inch) Display50MP Rear Camera5500 mAh Battery1 year,Android mobile,21888,4.8,135.0,Mid-range
POCO X6 5G ,12 GB RAM | 256 GB ROM16.94 cm (6.67 inch) Display64MP + 8MP + 2MP | 16MP Front Camera5100 mAh Battery7s Gen 2 Mobile Platform 5G Processor1 Year Manufacturer Warranty for Phone and 6 Months Warranty for In the Box Accessories,Android mobile,17999,4.4,550.0,Economic
itel A70 | 5000 mAh Battery |13MP Dual Rear Camera | Type C Charging ,4 GB RAM | 64 GB ROM16.66 cm (6.56 inch) Display13MP Rear Camera5000 mAh Battery1 year manufacturer Warranty,Android mobile,6350,4.8,82.0,Economic
OPPO K12x 5G with 45W SUPERVOOC Charger In-The-Box ,6 GB RAM | 128 GB ROM | Expandable Upto 1 TB16.94 cm (6.67 inch) HD Display32MP + 2MP | 8MP Front Camera5100 mAh BatteryDimensity 6300 Processor1 Year Manufacturer Warranty for Device and 6 Months Manufacturer Warranty for Inbox Accessories,Android mobile,12999,3.6,1813.0,Economic
POCO F6 5G ,12 GB RAM | 256 GB ROM16.94 cm (6.67 inch) Display50MP (OIS) + 8MP | 20MP Front Camera5000 mAh Battery8s Gen3 Processor1 Year Manufacturer Warranty for Phone and 6 Months Warranty for In the Box Accessories,Android mobile,25999,2.3,341.0,Mid-range
REDMI 13 5G ,8 GB RAM | 128 GB ROM17.25 cm (6.79 inch) Display108MP Rear Camera5030 mAh BatteryBrand Warranty,Android mobile,14237,2.5,50.0,Economic
SAMSUNG Galaxy A14 5G ,4 GB RAM | 64 GB ROM | Expandable Upto 1 TB16.76 cm (6.6 inch) Full HD+ Display50MP + 2MP + 2MP | 13MP Front Camera5000 mAh Lithium Ion BatteryExynos 1330 Processor1 Year Manufacturer Warranty for Device and 6 Months Manufacturer Warranty for In-Box Accessories,Android mobile,8999,3.0,611.0,Economic
realme 70 TURBO 5G ,8 GB RAM | 128 GB ROM16.94 cm (6.67 inch) Full HD+ Display50MP Rear Camera5000 mAh BatterySegment's Fastest Dimensity 7300 Energy 5G Chipset Processor12 Months Brand warranty,Android mobile,17563,3.5,2.0,Economic
SAMSUNG Galaxy A55 5G ,12 GB RAM | 256 GB ROM | Expandable Upto 1 TB16.76 cm (6.6 inch) Full HD+ Display50MP + 12MP + 5MP | 32MP Front Camera5000 mAh BatterySamsung Exynos 1480 Processor1 Year Manufacturer Warranty for Device and 6 Months for In-Box Accessories,Android mobile,45999,3.9,15.0,Mid-range
realme 13 Pro 5G ,12 GB RAM | 512 GB ROM17.02 cm (6.7 inch) Full HD+ Display50MP + 8MP + 2MP | 32MP Front Camera5200 mAh BatterySnapdragon 7s Gen2 Processor1 Year Manufacturer Warranty for Device and 6 Months Manufacturer Warranty for Inbox Accessories,Android mobile,29999,2.5,21.0,Mid-range
SAMSUNG Galaxy A35 5G ,8 GB RAM | 128 GB ROM | Expandable Upto 1 TB16.76 cm (6.6 inch) Full HD+ Display50MP + 8MP + 5MP | 13MP Front Camera5000 mAh BatterySamsung Exynos 1380 Processor1 Year Manufacturer Warranty for Device and 6 Months for In-Box Accessories,Android mobile,30999,4.2,119.0,Mid-range
vivo Y18 ,4 GB RAM | 64 GB ROM | Expandable Upto 1 TB16.66 cm (6.56 inch) HD+ Display50MP + 0.08MP | 8MP Front Camera5000 mAh BatteryHelios G85 Processor1 Year Manufacturer Warranty for Device and 6 Months Manufacturer Warranty for Inbox Accessories,Android mobile,8499,3.9,35.0,Economic
LAVA Blaze Pro 5G with Dual Sim|50MP Rear Camera|5000 mAh Battery|Expandable Upto 1TB ,8 GB RAM | 128 GB ROM17.22 cm (6.78 inch) Full HD+ Display50MP Rear Camera5000 mAh Battery1 Year Handset Warranty and 6 Months Warranty on Accessories,Android mobile,10649,2.7,86.0,Economic
SAMSUNG Galaxy S23 FE ,8 GB RAM | 128 GB ROM16.26 cm (6.4 inch) Full HD+ Display50MP + 12MP | 10MP Front Camera4500 mAh BatterySamsung Exynos 2200 Processor1 Year Manufacturer Warranty for Device and 6 Months for In-Box Accessories,Android mobile,29999,3.9,1969.0,Mid-range
vivo V30e ,8 GB RAM | 128 GB ROM17.22 cm (6.78 inch) Full HD+ Display50MP + 8MP | 50MP Front Camera5500 mAh Battery6 Gen 1 Processor1 Year Manufacturer Warranty for Device and 6 Months Manufacturer Warranty for Inbox Accessories,Android mobile,25999,2.3,311.0,Mid-range
vivo V30 Pro 5G ,8 GB RAM | 256 GB ROM17.22 cm (6.78 inch) Full HD+ Display50MP + 50MP + 50MP | 50MP Front Camera5000 mAh BatteryDimensity 8200 5G Processor1 Year Manufacturer Warranty for Device and 6 Months Manufacturer Warranty for Inbox Accessories,Android mobile,38999,2.3,619.0,Mid-range
vivo T3x 5G ,6 GB RAM | 128 GB ROM | Expandable Upto 1 TB17.07 cm (6.72 inch) Full HD+ Display50MP + 2MP | 8MP Front Camera6000 mAh Battery6 Gen 1 Processor1 Year Manufacturer Warranty for Device and 6 Months Manufacturer Warranty for Inbox Accessories,Android mobile,14499,4.6,2782.0,Economic
Infinix Note 40X 5G ,12 GB RAM | 256 GB ROM | Expandable Upto 1 TB17.22 cm (6.78 inch) Full HD+ Display108MP + 2MP + AI Lens | 8MP Front Camera5000 mAh Lithium-ion Polymer BatteryDimensity 6300 Processor1 Year Warranty on Handset and 6 Months Warranty on Accessories,Android mobile,13999,1.0,202.0,Economic
OPPO F25 Pro 5G ,8 GB RAM | 128 GB ROM | Expandable Upto 2 TB17.02 cm (6.7 inch) Full HD+ Display64MP + 8MP + 2MP | 32MP Front Camera5000 mAh BatteryDimensity 7050 Processor1 Year Manufacturer Warranty for Device and 6 Months Manufacturer Warranty for Inbox Accessories,Android mobile,19999,2.6,372.0,Economic
REDMI Note 12 5G ,8 GB RAM | 256 GB ROM | Expandable Upto 1 TB16.94 cm (6.67 inch) Full HD+ AMOLED Display48MP + 8MP + 2MP | 13MP Front Camera5000 mAh BatteryQualcomm Snapdragon 4 Gen 1 Processor1 Year Manufacturer Warranty for Phone and 6 Months Warranty for In the Box Accessories,Android mobile,15499,2.5,429.0,Economic
SAMSUNG Galaxy A54 5G ,"8 GB RAM | 256 GB ROM | Expandable Upto 1 TB16.26 cm (6.4 inch) Full HD+ Display50MP + 12MP + 5MP | 32MP Front Camera5000 mAh BatteryExynos 1380, Octa Core Processor1 Year Manufacturer Warranty for Device and 6 Months Manufacturer Warranty for In-Box Accessories",Android mobile,37499,4.5,326.0,Mid-range
REDMI 13 5G ,6 GB RAM | 128 GB ROM | Expandable Upto 1 TB17.25 cm (6.79 inch) Full HD+ Display108MP + 2MP | 13MP Front Camera5030 mAh Lithium Polymer Battery4 Gen 2 AE Processor1 Year Manufacturer Warranty for Phone and 6 Months Warranty for In the Box Accessories,Android mobile,13499,4.8,269.0,Economic
realme NARZO N65 5G ,6 GB RAM | 128 GB ROM16.94 cm (6.67 inch) Display50MP Rear Camera5000 mAh Battery1 Year,Android mobile,11276,2.2,43.0,Economic
OPPO A3 5G ,6 GB RAM | 128 GB ROM | Expandable Upto 2 TB16.94 cm (6.67 inch) HD+ Display50MP Rear Camera | 5MP Front Camera5100 mAh BatteryDimensity 6300 Processor1 Year Manufacturer Warranty for Device and 6 Months Manufacturer Warranty for Inbox Accessories,Android mobile,15999,2.9,9.0,Economic
SAMSUNG Galaxy M14 5G ,4 GB RAM | 128 GB ROM16.76 cm (6.6 inch) Display50MP Rear Camera6000 mAh Battery1 year for handset and 6 month for accessories,Android mobile,12449,4.1,365.0,Economic
Google Pixel 8 Pro ,12 GB RAM | 128 GB ROM17.02 cm (6.7 inch) Full HD+ AMOLED Display50MP + 48MP + 48MP | 10.5MP Front Camera5050 mAh BatteryTensor G3 Processor1 Year Domestic Warranty,Android mobile,86999,2.1,115.0,Premium
LAVA Blaze x ,6 GB RAM | 128 GB ROM16.94 cm (6.67 inch) Full HD+ Display64MP Rear Camera5000 mAh BatteryOcta-core 2.6GHz MediaTek Dimensity 7050 6nm processor Processor1 Year Handset Warranty and 6 Months Warranty on Accessories,Android mobile,15840,4.7,3.0,Economic
realme C53 ,4 GB RAM | 128 GB ROM | Expandable Upto 2 TB17.12 cm (6.74 inch) HD Display108MP + 2MP | 8MP Front Camera5000 mAh BatteryT612 Processor1 Year Manufacturer Warranty for Phone and 6 Months Warranty for In the Box Accessories,Android mobile,10990,1.2,1593.0,Economic
realme 12 5G ,6 GB RAM | 128 GB ROM | Expandable Upto 2 TB17.07 cm (6.72 inch) Full HD+ Display108MP + 2MP | 8MP Front Camera5000 mAh BatteryDimensity 6100+ Processor1 Year Manufacturer Warranty for Device and 6 Months Manufacturer Warranty for Inbox Accessories,Android mobile,16999,2.6,500.0,Economic
REDMI 12 5G ,6 GB RAM | 128 GB ROM | Expandable Upto 1 TB17.25 cm (6.79 inch) Full HD+ Display50MP + 2MP | 8MP Front Camera5000 mAh BatterySnapdragon 4 Gen 2 Processor1 Year Manufacturer Warranty for Phone and 6 Months Warranty for In the Box Accessories,Android mobile,13990,4.5,2713.0,Economic
vivo Y200e 5G ,8 GB RAM | 128 GB ROM | Expandable Upto 1 TB16.94 cm (6.67 inch) Full HD+ Display50MP + 2MP | 16MP Front Camera5000 mAh BatterySnapdragon 4 Gen 2 Processor1 Year Manufacturer Warranty for Device and 6 Months Manufacturer Warranty for Inbox Accessories,Android mobile,20999,3.9,46.0,Mid-range
Google Pixel 8a ,8 GB RAM | 128 GB ROM15.49 cm (6.1 inch) Full HD+ Display64MP + 13MP | 13MP Front Camera4404 mAh BatteryTensor G3 Processor1 Year Domestic Warranty,Android mobile,43999,3.6,138.0,Mid-range
vivo T1 Pro 5G ,8 GB RAM | 128 GB ROM16.36 cm (6.44 inch) Full HD+ AMOLED Display64MP + 8MP + 2MP | 16MP Front Camera4700 mAh Lithium BatteryQualcomm Snapdragon 778G 5G Mobile Platform Processor1 Year Handset and 6 Months Accessories,Android mobile,21990,1.8,1964.0,Mid-range
REDMI A2 ,2 GB RAM | 32 GB ROM | Expandable Upto 1 TB16.56 cm (6.52 inch) HD+ Display8MP Rear Camera | 5MP Front Camera5000 mAh BatteryHelio G36 Processor1 Year Manufacturer Warranty for Phone and 6 Months Warranty for In the Box Accessories,Android mobile,7380,4.5,869.0,Economic
vivo Y16 ,3 GB RAM | 32 GB ROM | Expandable Upto 1 TB16.54 cm (6.51 inch) HD+ Display13MP + 2MP | 5MP Front Camera5000 mAh Lithium BatteryMediatek Helio P35 Processor1 Year of Device & 6 Months for In-Box Accessories,Android mobile,8990,1.2,159.0,Economic
vivo Y16 ,4 GB RAM | 64 GB ROM | Expandable Upto 1 TB16.54 cm (6.51 inch) HD+ Display13MP + 2MP | 5MP Front Camera5000 mAh Lithium BatteryMediatek Helio P35 Processor1 Year of Device & 6 Months for In-Box Accessories,Android mobile,15999,1.3,433.0,Economic
REDMI Note 13 Pro+ 5G ,12 GB RAM | 512 GB ROM16.94 cm (6.67 inch) Display200MP (OIS) + 8MP + 2MP | 16MP Front Camera5000 mAh BatteryDimensity 7200 Ultra 5G Processor1 Year Manufacturer Warranty for Phone and 6 Months Warranty for In the Box Accessories,Android mobile,34999,3.4,695.0,Mid-range
REDMI Note 12 5G ,8 GB RAM | 256 GB ROM | Expandable Upto 1 TB16.94 cm (6.67 inch) Full HD+ AMOLED Display48MP + 8MP + 2MP | 13MP Front Camera5000 mAh BatteryQualcomm Snapdragon 4 Gen 1 Processor1 Year Manufacturer Warranty for Phone and 6 Months Warranty for In the Box Accessories,Android mobile,15497,3.6,429.0,Economic
SAMSUNG Galaxy F14 5G ,"6 GB RAM | 128 GB ROM | Expandable Upto 1 TB16.76 cm (6.6 inch) Full HD+ Display50MP + 2MP | 13MP Front Camera6000 mAh BatteryExynos 1330, Octa Core Processor1 Year Manufacturer Warranty for Device and 6 Months Manufacturer Warranty for In-Box Accessories",Android mobile,13490,1.8,8802.0,Economic
Motorola e22s ,4 GB RAM | 64 GB ROM | Expandable Upto 1 TB16.51 cm (6.5 inch) HD+ Display16MP + 2MP | 8MP Front Camera5000 mAh Lithium Polymer BatteryMediatek Helio G37 Processor1 Year on Handset and 6 Months on Accessories,Android mobile,8999,1.9,41.0,Economic
realme Narzo N53 ,6 GB RAM | 128 GB ROM17.12 cm (6.74 inch) Display50MP Rear Camera5000 mAh BatteryDomestic 1 Year on Handset and 6 Months on Accessories,Android mobile,12997,3.7,249.0,Economic
REDMI A3X ,3 GB RAM | 64 GB ROM | Expandable Upto 1 TB17.04 cm (6.71 inch) HD+ Display8MP Rear Camera | 5MP Front Camera5000 mAh Battery1 Year Manufacturer Warranty for Phone and 6 Months Warranty for In the Box Accessories,Android mobile,6999,1.4,27.0,Economic
Motorola G85 5G ,12 GB RAM | 256 GB ROM16.94 cm (6.67 inch) Full HD+ Display50MP + 8MP | 32MP Front Camera5000 mAh Battery6s Gen 3 Processor1 Year on Handset and 6 Months on Accessories,Android mobile,18999,2.2,1153.0,Economic
realme 9i 5G ,4 GB RAM | 64 GB ROM | Expandable Upto 1 TB16.76 cm (6.6 inch) Full HD+ Display50MP + 2MP + 2MP | 8MP Front Camera5000 mAh Lithium Ion BatteryMediatek Dimensity 810 5G Processor1 Year Manufacturer Warranty for Phone and 6 Months Warranty for In-Box Accessories,Android mobile,10499,2.7,2724.0,Economic
Motorola g45 5G ,4 GB RAM | 128 GB ROM | Expandable Upto 1 TB16.51 cm (6.5 inch) HD+ Display50MP + 2MP | 16MP Front Camera5000 mAh BatterySnapdragon 6s Gen 3 Processor1 Year Warranty on Handset and 6 Months Warranty on Accessories,Android mobile,9999,3.0,255.0,Economic
Apple iPhone 16 Plus ,"256 GB ROM17.02 cm (6.7 inch) Super Retina XDR Display48MP + 12MP | 12MP Front CameraA18 Chip, 6 Core Processor Processor1 Year Warranty for Phone and 6 Months Warranty for In-Box Accessories",iPhone,99900,2.8,23.0,Premium
Apple iPhone 16 Plus ,"512 GB ROM17.02 cm (6.7 inch) Super Retina XDR Display48MP + 12MP | 12MP Front CameraA18 Chip, 6 Core Processor Processor1 Year Warranty for Phone and 6 Months Warranty for In-Box Accessories",iPhone,119900,2.9,23.0,Premium
Apple iPhone 16 Plus ,"256 GB ROM17.02 cm (6.7 inch) Super Retina XDR Display48MP + 12MP | 12MP Front CameraA18 Chip, 6 Core Processor Processor1 Year Warranty for Phone and 6 Months Warranty for In-Box Accessories",iPhone,99900,3.5,23.0,Premium
Apple iPhone 16 Pro ,"512 GB ROM16.0 cm (6.3 inch) Super Retina XDR Display48MP + 48MP + 12MP | 12MP Front CameraA18 Pro Chip, 6 Core Processor Processor1 Year Warranty for Phone and 6 Months Warranty for In-Box Accessories",iPhone,149900,3.1,7.0,Premium
Apple iPhone 7 Plus ,32 GB ROM13.94 cm (5.488 inch) Retina HD Display12MP + 12MP | 7MP Front CameraApple A10 Fusion 64-bit processor and Embedded M10 Motion Co-processor1 Year Manufacturer Warranty,iPhone,37900,1.3,2978.0,Mid-range
Apple iPhone 11 ,128 GB ROM15.49 cm (6.1 inch) Liquid Retina HD Display12MP + 12MP | 12MP Front CameraA13 Bionic Chip ProcessorBrand Warranty of 1 Year,iPhone,24999,2.7,11431.0,Economic
Apple iPhone 15 Pro ,"128 GB ROM15.49 cm (6.1 inch) Super Retina XDR Display48MP + 12MP + 12MP | 12MP Front CameraA17 Pro Chip, 6 Core Processor Processor1 Year Warranty for Phone and 6 Months Warranty for In-Box Accessories",iPhone,105999,1.3,109.0,Premium
Apple iPhone 14 ,"128 GB ROM15.49 cm (6.1 inch) Super Retina XDR Display12MP + 12MP | 12MP Front CameraA15 Bionic Chip, 6 Core Processor Processor1 Year Warranty for Phone and 6 Months Warranty for In-Box Accessories",iPhone,50999,4.7,11648.0,Premium
Apple iPhone 15 Pro ,"256 GB ROM15.49 cm (6.1 inch) Super Retina XDR Display48MP + 12MP + 12MP | 12MP Front CameraA17 Pro Chip, 6 Core Processor Processor1 Year Warranty for Phone and 6 Months Warranty for In-Box Accessories",iPhone,115999,1.8,109.0,Premium
Apple iPhone 13 ,256 GB ROM15.49 cm (6.1 inch) Super Retina XDR Display12MP + 12MP | 12MP Front CameraA15 Bionic Chip ProcessorBrand Warranty for 1 Year,iPhone,59900,1.8,13737.0,Premium
Apple iPhone 14 Plus ,"512 GB ROM17.02 cm (6.7 inch) Super Retina XDR Display12MP + 12MP | 12MP Front CameraA15 Bionic Chip, 6 Core Processor Processor1 Year Warranty for Phone and 6 Months Warranty for In-Box Accessories",iPhone,76999,2.1,4658.0,Premium
Apple iPhone 16 Pro ,"128 GB ROM16.0 cm (6.3 inch) Super Retina XDR Display48MP + 48MP + 12MP | 12MP Front CameraA18 Pro Chip, 6 Core Processor Processor1 Year Warranty for Phone and 6 Months Warranty for In-Box Accessories",iPhone,119900,2.7,7.0,Premium
Apple iPhone 11 ,64 GB ROM15.49 cm (6.1 inch) Liquid Retina HD Display12MP + 12MP | 12MP Front CameraA13 Bionic Chip ProcessorBrand Warranty of 1 Year,iPhone,19999,2.6,11431.0,Economic
Apple iPhone 13 Pro ,128 GB ROM15.49 cm (6.1 inch) Super Retina XDR Display12MP + 12MP + 12MP | 12MP Front CameraA15 Bionic Chip ProcessorBrand Warranty for 1 Year,iPhone,119900,1.4,127.0,Premium
Apple iPhone 14 ,"256 GB ROM15.49 cm (6.1 inch) Super Retina XDR Display12MP + 12MP | 12MP Front CameraA15 Bionic Chip, 6 Core Processor Processor1 Year Warranty for Phone and 6 Months Warranty for In-Box Accessories",iPhone,60999,4.2,11648.0,Premium
Apple iPhone 12 mini ,256 GB ROM13.72 cm (5.4 inch) Super Retina XDR Display12MP + 12MP | 12MP Front CameraA14 Bionic Chip with Next Generation Neural Engine ProcessorCeramic ShieldIP68 Water ResistanceAll Screen OLED DisplayBrand Warranty for 1 Year,iPhone,74900,3.5,10202.0,Premium
Apple iPhone 12 mini ,"256 GB ROM13.72 cm (5.4 inch) Super Retina XDR Display12MP + 12MP | 12MP Front CameraA14 Bionic Chip with Next Generation Neural Engine ProcessorCeramic ShieldIndustry-leading IP68 Water ResistanceAll Screen OLED Display12MP TrueDepth Front Camera with Night Mode, 4K Dolby Vision HDR RecordingBrand Warranty for 1 Year",iPhone,74900,1.8,10202.0,Premium
Apple iPhone 13 mini ,512 GB ROM13.72 cm (5.4 inch) Super Retina XDR Display12MP + 12MP | 12MP Front CameraA15 Bionic Chip ProcessorBrand Warranty for 1 Year,iPhone,94900,1.9,328.0,Premium
Apple iPhone 7 Plus ,128 GB ROM13.94 cm (5.488 inch) Retina HD Display12MP + 12MP | 7MP Front CameraApple A10 Fusion 64-bit processor and Embedded M10 Motion Co-processorBrand Warranty of 1 Year,iPhone,42900,2.5,2978.0,Mid-range
Apple iPhone 12 Pro ,"512 GB ROM15.49 cm (6.1 inch) Super Retina XDR Display12MP + 12MP + 12MP | 12MP Front CameraA14 Bionic Chip with Next Generation Neural Engine ProcessorCeramic Shield | Industry-leading IP68 Water ResistanceAll Screen OLED DisplayLiDAR Scanner for Improved AR Experiences, Night Mode PortraitsBrand Warranty for 1 Year",iPhone,139900,2.1,99.0,Premium
Apple iPhone 15 Pro Max ,"256 GB ROM17.02 cm (6.7 inch) Super Retina XDR Display48MP + 12MP + 12MP | 12MP Front CameraA17 Pro Chip, 6 Core Processor Processor1 Year Warranty for Phone and 6 Months Warranty for In-Box Accessories",iPhone,125999,3.8,111.0,Premium
Apple iPhone 14 ,"256 GB ROM15.49 cm (6.1 inch) Super Retina XDR Display12MP + 12MP | 12MP Front CameraA15 Bionic Chip, 6 Core Processor Processor1 Year Warranty for Phone and 6 Months Warranty for In-Box Accessories",iPhone,60999,3.8,11648.0,Premium
Apple iPhone 14 Plus ,"128 GB ROM17.02 cm (6.7 inch) Super Retina XDR Display12MP + 12MP | 12MP Front CameraA15 Bionic Chip, 6 Core Processor Processor1 Year Warranty for Phone and 6 Months Warranty for In-Box Accessories",iPhone,60999,4.7,4658.0,Premium
Apple iPhone 5C ,16 GB ROM10.16 cm (4 inch) Retina Display8MP Rear Camera | 1.2MP Front CameraA6 Chip Processor1 Year Manufacturer Warranty,iPhone,41900,1.5,265.0,Mid-range
Apple iPhone 5C ,16 GB ROM10.16 cm (4 inch) Retina Display8MP Rear Camera | 1.2MP Front CameraA6 Chip Processor1 Year Manufacturer Warranty,iPhone,41900,2.5,265.0,Mid-range
Apple iPhone 5C ,32 GB ROM10.16 cm (4 inch) Retina Display8MP Rear Camera | 1.2MP Front CameraA6 Chip Processor1 Year Manufacturer Warranty,iPhone,53500,2.4,265.0,Premium
Apple iPhone 14 Pro Max ,"1 TB ROM17.02 cm (6.7 inch) Super Retina XDR Display48MP + 12MP + 12MP | 12MP Front CameraA16 Bionic Chip, 6 Core Processor Processor1 Year Warranty for Phone and 6 Months Warranty for In-Box Accessories",iPhone,184900,3.3,170.0,Premium
Apple iPhone 14 Plus ,"128 GB ROM17.02 cm (6.7 inch) Super Retina XDR Display12MP + 12MP | 12MP Front CameraA15 Bionic Chip, 6 Core Processor Processor1 Year Warranty for Phone and 6 Months Warranty for In-Box Accessories",iPhone,60999,2.3,4658.0,Premium
Apple iPhone 14 Plus ,"512 GB ROM17.02 cm (6.7 inch) Super Retina XDR Display12MP + 12MP | 12MP Front CameraA15 Bionic Chip, 6 Core Processor Processor1 Year Warranty for Phone and 6 Months Warranty for In-Box Accessories",iPhone,76999,4.0,4658.0,Premium
Apple iPhone 11 Pro ,256 GB ROM14.73 cm (5.8 inch) Super Retina XDR Display12MP + 12MP + 12MP | 12MP Front CameraA13 Bionic Chip ProcessorBrand Warranty for 1 Year,iPhone,121300,1.0,623.0,Premium
Apple iPhone 13 Pro ,128 GB ROM15.49 cm (6.1 inch) Super Retina XDR Display12MP + 12MP + 12MP | 12MP Front CameraA15 Bionic Chip ProcessorBrand Warranty for 1 Year,iPhone,119900,1.4,127.0,Premium
Apple iPhone 13 mini ,512 GB ROM13.72 cm (5.4 inch) Super Retina XDR Display12MP + 12MP | 12MP Front CameraA15 Bionic Chip ProcessorBrand Warranty for 1 Year,iPhone,94900,4.2,328.0,Premium
Apple iPhone 7 ,32 GB ROM11.94 cm (4.7 inch) Retina HD Display12MP Rear Camera | 7MP Front CameraApple A10 Fusion 64-bit processor and Embedded M10 Motion Co-processoriOS 13 CompatibleBrand Warranty of 1 Year,iPhone,31500,3.8,9140.0,Mid-range
Apple iPhone 7 ,128 GB ROM11.94 cm (4.7 inch) Retina HD Display12MP Rear Camera | 7MP Front CameraApple A10 Fusion 64-bit processor and Embedded M10 Motion Co-processorBrand Warranty of 1 Year,iPhone,34900,2.6,9140.0,Mid-range
Apple iPhone 13 Pro ,512 GB ROM15.49 cm (6.1 inch) Super Retina XDR Display12MP + 12MP + 12MP | 12MP Front CameraA15 Bionic Chip ProcessorBrand Warranty for 1 Year,iPhone,149900,1.8,127.0,Premium
Apple iPhone 5C ,32 GB ROM10.16 cm (4 inch) Retina Display8MP Rear Camera | 1.2MP Front CameraA6 Chip Processor1 Year Manufacturer Warranty,iPhone,53500,2.8,265.0,Premium
Apple iPhone 12 Pro Max ,"128 GB ROM17.02 cm (6.7 inch) Super Retina XDR Display12MP + 12MP + 12MP | 12MP Front CameraA14 Bionic Chip with Next Generation Neural Engine ProcessorCeramic Shield | Industry-leading IP68 Water ResistanceAll Screen OLED DisplayLiDAR Scanner for Improved AR Experiences, Night Mode PortraitsBrand Warranty for 1 Year",iPhone,119900,1.5,101.0,Premium
Apple iPhone 14 Plus ,"128 GB ROM17.02 cm (6.7 inch) Super Retina XDR Display12MP + 12MP | 12MP Front CameraA15 Bionic Chip, 6 Core Processor Processor1 Year Warranty for Phone and 6 Months Warranty for In-Box Accessories",iPhone,60999,2.6,4658.0,Premium
Apple iPhone 15 Plus ,"512 GB ROM17.02 cm (6.7 inch) Super Retina XDR Display48MP + 12MP | 12MP Front CameraA16 Bionic Chip, 6 Core Processor Processor1 Year Warranty for Phone and 6 Months Warranty for In-Box Accessories",iPhone,95999,2.9,1307.0,Premium
Apple iPhone 15 ,"256 GB ROM15.49 cm (6.1 inch) Super Retina XDR Display48MP + 12MP | 12MP Front CameraA16 Bionic Chip, 6 Core Processor Processor1 Year Warranty for Phone and 6 Months Warranty for In-Box Accessories",iPhone,67999,2.7,5245.0,Premium
Apple iPhone 14 Plus ,"512 GB ROM17.02 cm (6.7 inch) Super Retina XDR Display12MP + 12MP | 12MP Front CameraA15 Bionic Chip, 6 Core Processor Processor1 Year Warranty for Phone and 6 Months Warranty for In-Box Accessories",iPhone,76999,4.7,4658.0,Premium
Apple iPhone 8 Plus ,"256 GB ROM13.97 cm (5.5 inch) Retina HD Display12MP + 12MP | 7MP Front CameraA11 Bionic Chip with 64-bit Architecture, Neural Engine, Embedded M11 Motion Coprocessor ProcessorBrand Warranty of 1 Year",iPhone,84900,4.2,354.0,Premium
SAMSUNG 183 L Direct Cool Single Door 5 Star Refrigerator with Base Drawer  with Digital Inverter,"Digital Inverter CompressorBuilt-in Stabilizer1 year comprehensive warranty on the product, 20 years on compressor by the brand.",Fridge,17290,1.7,3405.0,Economic
BOSCH 187 L Direct Cool Single Door 4 Star Refrigerator,Reciprocating CompressorBuilt-in Stabilizer1 Year Comprehensive Warranty on Product and 10 Years Warranty on Compressor,Fridge,17990,2.7,8.0,Economic
"IFB 206 L Direct Cool Single Door 4 Star Refrigerator  with Advanced Inverter Compressor, Premium Glas...",Reciprocating CompressorBuilt-in Stabilizer1 Year Warranty on Product and 10 Years Warranty on Compressor,Fridge,18990,1.8,2.0,Economic
Godrej 237 L Direct Cool Double Door 3 Star Refrigerator  with Separate Veggie Drawer,Inverter CompressorBuilt-in Stabilizer1 Year Comprehensive Warranty on Product and 10 Years on Compressor,Fridge,19990,3.4,314.0,Economic
"Godrej 180 L Direct Cool Single Door 5 Star Refrigerator  with Jumbo Vegetable Tray, Faster Cooling An...",Fixed Speed CompressorBuilt-in Stabilizer1 Year Comprehensive Warranty on Product and 10 Years Warranty on Compressor,Fridge,15690,4.3,12.0,Economic
Godrej 234 L Direct Cool Single Door 5 Star Refrigerator with Base Drawer  with Energy Efficient Inver...,Inverter CompressorBuilt-in Stabilizer1 Year Comprehensive Warranty on Product and 10 Years Warranty on Compressor,Fridge,18990,2.1,314.0,Economic
"LG 185 L Direct Cool Single Door 4 Star Refrigerator with Base Drawer  with Smart Inverter Compressor,...",Smart Inverter CompressorBuilt-in Stabilizer1 Year Warranty on Product and 10 Years Warranty on Compressor from LG,Fridge,16390,1.4,4390.0,Economic
SAMSUNG 236 L Frost Free Double Door 2 Star Convertible Refrigerator  with Digital Inverter and Displa...,"Digital Inverter CompressorBuilt-in Stabilizer1 year comprehensive warranty on the product, 20 years on compressor by the brand.",Fridge,25390,3.0,1235.0,Mid-range
"SAMSUNG 355 L Frost Free Double Door 2 Star Convertible Refrigerator  with Curd Maestro, Convertible 5...",Digital Inverter CompressorBuilt-in Stabilizer1 Year Comprehensive Warranty on Product and 10 Years Warranty on Compressor,Fridge,39490,1.3,69.0,Mid-range
SAMSUNG 256 L Frost Free Double Door 2 Star Convertible Refrigerator  with Digital Inverter and Displa...,"Digital Inverter CompressorBuilt-in Stabilizer1 year comprehensive warranty on the product, 20 years on compressor by the brand.",Fridge,28290,1.9,1235.0,Mid-range
Haier 268 L Frost Free Double Door Top Mount 2 Star Convertible Refrigerator  with Convertible 5 in 1T...,Normal CompressorBuilt-in Stabilizer1 Year Warranty on Product and 10 Years Warranty on Compressor,Fridge,25751,4.7,299.0,Mid-range
realme TechLife 180 L Direct Cool Single Door 3 Star Refrigerator,Reciprocating CompressorBuilt-in Stabilizer1 Year Warranty on Product and 10 Years Warranty on Compressor,Fridge,12690,2.8,214.0,Economic
MarQ by Flipkart 183 L Direct Cool Single Door 2 Star Refrigerator,Reciprocating CompressorBuilt-in Stabilizer1 Year Warranty on Product and 10 Years Warranty on Compressor,Fridge,11490,1.3,385.0,Economic
Godrej 183 L Direct Cool Single Door 2 Star Refrigerator  with Jumbo Vegetable Tray and Wired Shelves,Reciprocatory CompressorBuilt-in Stabilizer1 Year Comprehensive Warranty on Product and 10 Years Warranty on Compressor,Fridge,12290,4.2,404.0,Economic
LG 260 L Frost Free Double Door 2 Star Convertible Refrigerator  with Convertible Refrigerator,Smart InverterBuilt-in Stabilizer1 Year on Product and 10 Years on Compressor From LG,Fridge,25490,2.3,1607.0,Mid-range
Whirlpool 192 L Direct Cool Single Door 3 Star Refrigerator,Normal CompressorBuilt-in Stabilizer1 Year on Product and 10 Years on Compressor from Whirlpool,Fridge,15399,4.7,3.0,Economic
Haier 190 L Direct Cool Single Door 3 Star Refrigerator with Base Drawer  with Large Storage Space1 Ho...,Normal CompressorBuilt-in Stabilizer1 Year Warranty on Product and 10 Years Warranty on Compressor,Fridge,14790,3.0,15.0,Economic
"LG 185 L Direct Cool Single Door 5 Star Refrigerator with Base Drawer  with Smart Inverter Compressor,...",Smart Inverter CompressorBuilt-in Stabilizer1 Year Warranty on Product and 10 Years Warranty on Compressor from LG,Fridge,17290,1.4,224.0,Economic
Godrej 244 L Frost Free Double Door 2 Star Refrigerator  with Wood Finish and Advanced Inverter Techno...,Inverter CompressorBuilt-in Stabilizer1 Year Comprehensive Warranty on Product and 10 Years Warranty on Compressor,Fridge,27990,2.0,47.0,Mid-range
Godrej 294 L Frost Free Double Door 2 Star Refrigerator,Inverter CompressorBuilt-in Stabilizer1 Year Comprehensive Warranty on Product and 10 Years Warranty on Compressor,Fridge,28999,2.8,39.0,Mid-range
Hisense 564 L Frost Free Side by Side Inverter Technology Star Refrigerator,ReciprocatingBuilt-in Stabilizer1 Year Warranty on Product and 10 Years Warranty on Compressor,Fridge,50270,2.2,40.0,Mid-range
Whirlpool 235 L Frost Free Double Door 2 Star Refrigerator,Reciprocating CompressorBuilt-in Stabilizer1 Year Comprehensive Warranty on Product and 9 Years Warranty on Compressor,Fridge,22860,3.3,16.0,Mid-range
SAMSUNG 275 L Frost Free Double Door 3 Star Convertible Refrigerator,"Digital Inverter CompressorBuilt-in Stabilizer1 year comprehensive warranty on product, 20 years on compressor, For all Refrigerators with Digital Inverter Compressors, sold on or after 1st Dec 2022 (All Refrigerator apart from Non-Digital Inverter Technology Direct Cool Models) the Warranty period on the Digital Inverter Compressor shall be revised from 10 years to 20 years.",Fridge,28990,1.3,722.0,Mid-range
"LG 260 L Frost Free Double Door 1 Star Refrigerator  with Smart Inverter With Multi Air Flow Cooling ,...",Smart Inverter CompressorBuilt-in Stabilizer1 Year Warranty on Product and 10 Years Warranty on Compressor From LG,Fridge,21990,4.0,11.0,Mid-range
SAMSUNG 192 L Direct Cool Single Door 3 Star Refrigerator,"Digital Inverter CompressorBuilt-in Stabilizer1 year comprehensive warranty on product, 20 years on compressor, For all Refrigerators with Digital Inverter Compressors, sold on or after 1st Dec 2022 (All Refrigerator apart from Non-Digital Inverter Technology Direct Cool Models) the Warranty period on the Digital Inverter Compressor shall be revised from 10 years to 20 years.",Fridge,17990,2.6,10.0,Economic
SAMSUNG 223 L Direct Cool Single Door 3 Star Refrigerator,Digital Inverter CompressorBuilt-in Stabilizer1 Year Comprehensive Warranty on Product and 10 Years Warranty on Compressor,Fridge,21600,3.6,2.0,Mid-range
Midea 661 L Frost Free Side by Side Refrigerator,DC Inverter CompressorBuilt-in Stabilizer1 Year on Product and 10 Years on Compressor from Midea,Fridge,71990,5.0,1.0,Premium
Whirlpool 184 L Direct Cool Single Door 3 Star Refrigerator,Normal CompressorBuilt-in Stabilizer1 Year on Product and 10 Years on Compressor from Whirlpool,Fridge,15190,2.8,11.0,Economic
SAMSUNG 215 L Direct Cool Single Door 4 Star Refrigerator  with Digi-Touch Cool Digital Inverter with ...,"Digital Inverter CompressorBuilt-in Stabilizer1 year comprehensive warranty on product, 20 years on compressor, For all Refrigerators with Digital Inverter Compressors, sold on or after 1st Dec 2022 (All Refrigerator apart from Non-Digital Inverter Technology Direct Cool Models) the Warranty period on the Digital Inverter Compressor shall be revised from 10 years to 20 years.",Fridge,19990,3.4,134.0,Economic
Haier 215 L Direct Cool Single Door 3 Star Refrigerator with Base Drawer  with Large Storage Space1 Ho...,Normal CompressorBuilt-in Stabilizer1 Year Warranty on Product and 10 Years Warranty on Compressor,Fridge,16308,2.1,15.0,Economic
Kelvinator 170 L Direct Cool Single Door 2 Star Refrigerator,Reciprocating1 Year on Product and 10 Years on Compressor,Fridge,12100,4.3,0.0,Economic
Whirlpool 192 L Direct Cool Single Door 4 Star Refrigerator with Base Drawer,"InverterBuilt-in Stabilizer1 Year on product, 10 years on compressor",Fridge,16999,4.3,0.0,Economic
SAMSUNG 183 L Direct Cool Single Door 4 Star Refrigerator,Digital Inverter CompressorBuilt-in Stabilizer1 Year Comprehensive Warranty on Product and 20 Years Warranty on Compressor,Fridge,18500,4.5,4.0,Economic
Whirlpool 259 L Frost Free Double Door 2 Star Refrigerator  with Glass Door,Inverter CompressorBuilt-in Stabilizer1 Year Comprehensive on the Product and 10 Years on the Compressor from Whirlpool,Fridge,31490,4.5,61.0,Mid-range
IFB 197 L Direct Cool Single Door 3 Star Refrigerator,Non Inverter CompressorBuilt-in Stabilizer1 Year Comprehensive Warranty on Product and 10 Years  Warranty on Compressor,Fridge,16590,3.1,0.0,Economic
Voltas Beko by A Tata Product 340 L Frost Free Double Door Bottom Mount 2 Star Refrigerator,Pro Smart Inverter CompressorBuilt-in Stabilizer2 Years Comprehensive Warranty on Product and 12 Years Warranty on Compressor,Fridge,33490,4.7,20.0,Mid-range
Voltas Beko by A Tata Product 185 L Direct Cool Single Door 3 Star Refrigerator,Reciprocating CompressorBuilt-in Stabilizer2 year comprehensive + additional 08 year on compressor,Fridge,15950,4.4,0.0,Economic
SAMSUNG 183 L Direct Cool Single Door 2 Star Refrigerator with Base Drawer  with Digital Inverter,"Digital Inverter CompressorBuilt-in Stabilizer1 year comprehensive warranty on product, 20 years on compressor, For all Refrigerators with Digital Inverter Compressors, sold on or after 1st Dec 2022 (All Refrigerator apart from Non-Digital Inverter Technology Direct Cool Models) the Warranty period on the Digital Inverter Compressor shall be revised from 10 years to 20 years.",Fridge,17499,3.6,165.0,Economic
Whirlpool 192 L Direct Cool Single Door 3 Star Refrigerator,InverterBuilt-in Stabilizer1 Years Manufacturer Warranty,Fridge,15990,1.4,0.0,Economic
Panasonic 260 L Frost Free Double Door 3 Star Refrigerator,"Inverter CompressorBuilt-in Stabilizer1 year comprehensive warranty on the product, 10 years on compressor by the brand.",Fridge,31280,1.0,0.0,Mid-range
Galanz 485 L Frost Free Multi-Door Refrigerator,Reciprocating Compressor1 Year Comprehensive on Product and 5 Years on Compressor fro Galanz,Fridge,42990,2.1,4.0,Mid-range
Haier 596 L Frost Free Side by Side Convertible Refrigerator  with 100% Convertible Fridge SpaceDigita...,Inverter CompressorBuilt-in Stabilizer1 Year Warranty on Product and 10 Years Warranty on Compressor,Fridge,59990,4.6,162.0,Premium
Haier 598 L Frost Free Multi-Door 3 Star Convertible Refrigerator  with 83% Convertible Fridge SpaceDi...,InverterBuilt-in Stabilizer1 Year Warranty on Product and 10 Years Warranty on Compressor,Fridge,99990,3.5,0.0,Premium
Lloyd by Havells 178 L Direct Cool Single Door 3 Star Refrigerator,Fixed speedBuilt-in Stabilizer1 Year Domestic Warranty on Product and Additional 9 Years on Compressor,Fridge,19500,1.5,488.0,Economic
Hitachi 375 L Frost Free Double Door 2 Star Refrigerator,InverterBuilt-in Stabilizer1 Year Manufacturer Warranty and 10 Years Warranty on Compressor from Hitachi,Fridge,40090,1.3,2.0,Mid-range
"Lloyd 233 L Frost Free Double Door 2 Star Refrigerator  with with Inverter Technology, Ten Vent Techno...",Reciprocating CompressorBuilt-in Stabilizer1 Year Warranty on Product and 10 Years Warranty on Compressor,Fridge,21990,3.3,0.0,Mid-range
BOSCH 290 L Frost Free Double Door 4 Star Convertible Refrigerator,Vario Inverter CompressorBuilt-in Stabilizer1 Year on Product and 10 Years on Compressor from the Date of Purchase,Fridge,42990,5.0,2.0,Mid-range
Panasonic 335 L Frost Free Double Door 2 Star Refrigerator,Inverter CompressorBuilt-in Stabilizer1 Year Warranty on Product and 10 Years on Compressor,Fridge,29990,3.0,163.0,Mid-range
Panasonic 296 L Frost Free Double Door 2 Star Refrigerator,Reciprocatory CompressorBuilt-in Stabilizer1 Year Warranty on Product and 10 Years Warranty on Compressor from Panasonic,Fridge,32590,4.5,5.0,Mid-range
BOSCH 390 L Frost Free Double Door Top Mount 3 Star Refrigerator,InverterBuilt-in Stabilizer1 Year on Product and 10 Years on Compressor,Fridge,51469,5.0,0.0,Mid-range
LG 190 L Direct Cool Single Door 3 Star Refrigerator  with with Fast Ice Making Moist 'N' Fresh,Conventional CompressorBuilt-in Stabilizer1 Year on Product and 10 Years on Compressor From LG,Fridge,21399,1.6,2.0,Mid-range
LG 288 L Frost Free Double Door 2 Star Convertible Refrigerator,Smart Inverter CompressorBuilt-in Stabilizer1 Year on Product and 10 Years on Compressor From LG,Fridge,49799,4.4,2.0,Mid-range
Godrej 233 L Frost Free Double Door 2 Star Refrigerator,Inverter Compressor1 Year Comprehensive Warranty and 10 Years Compressor Warranty,Fridge,24994,3.5,0.0,Mid-range
"LG 635 L Frost Free Side by Side Refrigerator  with Smart Inverter Compressor, AI ThinQ (Wi-Fi), Door ...",Smart Inverter CompressorBuilt-in Stabilizer1 Year Warranty on Product and 10 Years Warranty on Compressor from LG,Fridge,101990,4.2,0.0,Premium
Panasonic 307 L Frost Free Double Door 3 Star Refrigerator,Inverter CompressorBuilt-in Stabilizer1 Year Warranty on Product and 10 Years on Compressor,Fridge,34490,2.2,1.0,Mid-range
Godrej 255 L Frost Free Double Door 2 Star Refrigerator,Inverter CompressorBuilt-in Stabilizer1 Year Warranty on product and 10 Years Warranty on Compressor from Godrej,Fridge,27399,3.4,291.0,Mid-range
Whirlpool 192 L Direct Cool Single Door 4 Star Refrigerator,Normal Compressor1 Year on Product and 10 Years on the Compressor from Whirlpool,Fridge,16490,1.0,1051.0,Economic
SAMSUNG 189 L Direct Cool Single Door 4 Star Refrigerator with Base Drawer  with Digi-Touch Cool Digit...,"Digital Inverter CompressorBuilt-in Stabilizer1 year comprehensive warranty on product, 20 years on compressor, For all Refrigerators with Digital Inverter Compressors, sold on or after 1st Dec 2022 (All Refrigerator apart from Non-Digital Inverter Technology Direct Cool Models) the Warranty period on the Digital Inverter Compressor shall be revised from 10 years to 20 years.",Fridge,25999,3.5,317.0,Mid-range
Whirlpool 245 L Frost Free Double Door 2 Star Refrigerator,Reciprocating Compressor1 Year on Product and 10 Years on the Compressor,Fridge,24599,1.5,10.0,Mid-range
Haier 598 L Frost Free Side by Side Convertible Refrigerator  with 83% Convertible Fridge SpaceDigital...,Inverter CompressorBuilt-in Stabilizer1 Year Warranty on Product and 10 Years Warranty on Compressor,Fridge,93990,4.1,162.0,Premium
SAMSUNG 236 L Frost Free Double Door 2 Star Refrigerator,Digital Inverter CompressorBuilt-in Stabilizer1 Year Warranty on Product and 20 Years Warranty on Compressor,Fridge,27700,1.7,0.0,Mid-range
SAMSUNG 415 L Frost Free Double Door 3 Star Convertible Refrigerator,"Digital Inverter CompressorBuilt-in Stabilizer1 year comprehensive warranty on product, 10 years on compressor",Fridge,45990,4.4,1185.0,Mid-range
SAMSUNG 363 L Frost Free Double Door 1 Star Convertible Refrigerator,Digital Inverter CompressorBuilt-in Stabilizer1 Year Comprehensive Warranty on Product and 10 Years Warranty on Compressor,Fridge,40999,2.2,0.0,Mid-range
SAMSUNG 670 L Frost Free Double Door 2 Star Refrigerator,Digital Inverter CompressorBuilt-in Stabilizer1 Year Warranty on Product and 10 Years Warranty on Compressor From Samsung,Fridge,74990,4.6,23.0,Premium
LG 185 L Direct Cool Single Door 4 Star Refrigerator  with Smart Inverter Compressor,Smart Inverter CompressorBuilt-in Stabilizer1 Year Warranty on Product and 10 Years Warranty on Compressor,Fridge,15490,2.5,5.0,Economic
Racold 25 L Storage Water Geyser with Flexi Pipe and Free Installation ,"Storage Geyser25 L2 Years on Product, 4 Years on Heating Element and 7 Years on Tank",geyser,12499,1.5,21.0,Economic
Racold 15 L Storage Water Geyser ,Storage Geyser15 L2 years on product; 4 years on heating element and 7 years on tank,geyser,10590,3.1,11.0,Economic
MinMAX 15 L Storage Water Geyser ,Storage Geyser15 L1 YEAR COMPERHANSIVE WARRANTY ON GEYSER + 30 MONTHS INNER TANK WARRANTY,geyser,3499,2.6,3.0,Economic
BAJAJ 15 L Storage Water Geyser ,"Storage Geyser15 L10 Years on Tank, 4 Years on Heating Element, 2 Years on Product",geyser,7638,1.6,16.0,Economic
HAVELLS 25 L Storage Water Geyser ,Storage Geyser25 L7 year warranty on inner container ; 4 year warranty on heating element ; 2 year comprehensive Warranty,geyser,7999,3.6,1.0,Economic
Crompton 6 L Storage Water Geyser ,"Storage Geyser6 LTank: 7 years, Heating Element: 3 years, Product: 2 years",geyser,7549,1.6,160.0,Economic
RR 5 L Instant Water Geyser ,"Instant Geyser5 L2 Year on Product, 2 Year on Heating Element, 5 Year on Tank",geyser,2699,2.6,0.0,Economic
OMEGA'S 15 L Storage Water Geyser ,Storage Geyser15 LProduct Warranty (In Years) - 2 . Tank Warranty (In Years) - 5 . Element Warranty (In Years) - 2,geyser,4999,3.1,0.0,Economic
Racold 15 L Storage Water Geyser ,Storage Geyser15 LInner Tank: 5 years Product: 2 years Heating Element: 2 years,geyser,7597,1.4,0.0,Economic
V-Guard 25 L Storage Water Geyser with Free Installation & Flexi Pipes ,"Storage Geyser25 L2 Year (Product), 3 Year (Heating Element) & 5 Year (Inner Tank)",geyser,7899,4.7,1315.0,Economic
V-Guard 6 L Storage Water Geyser ,Storage Geyser6 LMatteo 6 comes with a 2-year offsite domestic warranty for manufacturing defects. Please contact V-Guard Customer Care 1800 103 1300(Toll-free) for service-related issues.,geyser,5799,3.1,1315.0,Economic
"HAVELLS 3 L Instant Water Geyser Color Changing LED Indicator, Rust & Shook Proof ","Instant Geyser3 L5 Years Warranty on Inner Container, 2 Years Warranty on Heating Element, 2 Years Comprehensive Warranty",geyser,3638,4.0,882.0,Economic
Crompton 25 L Storage Water Geyser ,"Storage Geyser25 LTank: 5 years, Heating Element: 2 years, Product: 2 years",geyser,6625,2.0,940.0,Economic
Hindware Smart Appliances 10 L Storage Water Geyser ,Storage Geyser10 L2 years comprehensive warranty,geyser,4499,3.5,1168.0,Economic
Blowhot 6 L Gas Water Geyser ,Gas Geyser6 L2 Years Warranty On Heat Exchange And 1 Year General Warranty,geyser,5990,1.8,59.0,Economic
V-Guard 25 L Storage Water Geyser with Free Installation & Flexi Pipes ,"Storage Geyser25 L2 Year on Product, 4 Year on Heating Element, 7 Year on Inner Tank",geyser,9499,2.1,149.0,Economic
Kenstar 10 L Storage Water Geyser ,Storage Geyser10 L2 Year warranty on Product and 5 years warranty on Tank,geyser,6499,2.6,11.0,Economic
Crompton 15 L Storage Water Geyser ,"Storage Geyser15 LTank 5 Years, Heating Element 2 Years, On Product 2 Years",geyser,5549,1.8,110.0,Economic
V-Guard 25 L Storage Water Geyser with Free Installation & Flexi Pipes ,"Storage Geyser25 L2 Year on Product, 4 Year on Heating Element, 7 Year on Inner Tank",geyser,10399,2.3,149.0,Economic
HAVELLS 3 L Instant Water Geyser ,"Instant Geyser3 L5 year warranty on Inner Container, 2 year comprehensive Warranty",geyser,4149,4.2,882.0,Economic
USHA 25 L Storage Water Geyser ,"Storage Geyser25 L3 years on element, 7 years on Water tank",geyser,6640,4.3,240.0,Economic
Kenstar 25 L Storage Water Geyser ,Storage Geyser25 L2 Year warranty on Product and 5 years warranty on Tank,geyser,6199,3.4,184.0,Economic
ACTIVA 25 L Storage Water Geyser ,"Storage Geyser25 L5 Year Warranty On Inner Tank, 1 Year On electric Components",geyser,3899,1.9,269.0,Economic
HAVELLS 25 L Storage Water Geyser ,Storage Geyser25 L4 years on heating element and 7 years on tank,geyser,12380,2.6,5.0,Economic
Crompton 15 L Storage Water Geyser ,"Storage Geyser15 LTank: 5 years, Heating Element: 2 years, Product: 2 years",geyser,6449,4.2,11.0,Economic
Crompton 3 L Instant Water Geyser ,"Instant Geyser3 LTank warranty 5 years, Element warranty 2 years, Product warranty 2 years.",geyser,2840,2.5,278.0,Economic
HAVELLS 3 L Instant Water Geyser ,"Instant Geyser3 L5 Years Warranty on Inner Container, 2 Years Warranty on Heating Element, 2 Years Comprehensive Warranty",geyser,3638,2.0,10.0,Economic
HAVELLS 10 L Storage Water Geyser with Flexi Pipe and Free Installation ,"Storage Geyser10 L2 Years Comprehensive Warranty on Product, 5 Years Warranty on Inner Container and 2 Years Warranty on Heating Element",geyser,7680,4.7,1952.0,Economic
Venus 15 L Storage Water Geyser ,"Storage Geyser15 LGuarantee - 5 Years on Inner Tank, 2 Years on Heating Element & 2 Years on Product",geyser,5491,4.9,2.0,Economic
Longway 3 L Instant Water Geyser ,Instant Geyser3 L1 Year Limited Domestic Brand Warranty on Product & 5 Years on Inner Tank/Container.,geyser,1999,4.2,24.0,Economic
HAVELLS 15 L Storage Water Geyser with Flexi Pipe and Free Installation ,Storage Geyser15 L7 year warranty on inner container; 2 year comprehensive warranty & 4 year warranty on heating element,geyser,12999,3.5,0.0,Economic
AO Smith 3 L Instant Water Geyser ,"Instant Geyser3 LTank: 5 years, Heating Element: 2 years, Product: 2 years; On-site Service, Customer needs to call the nearby Authorized Service Center, service engineer will come to the site to get the product repaired or inspected.; Warranty of the product is limited to manufacturing defects only.",geyser,3990,1.2,2.0,Economic
STANDARD 5 L Instant Water Geyser ,Instant Geyser5 L7 Years Warranty on Inner Container and 2 Years Warranty on Product,geyser,3759,2.2,0.0,Economic
BAJAJ 6 L Gas Water Geyser ,Gas Geyser6 L2 Year Warranty on Product,geyser,6657,1.5,2.0,Economic
Orient Electric 25 L Storage Water Geyser ,Storage Geyser25 L2 year Warranty on product,geyser,8269,4.7,0.0,Economic
Kenstar 10 L Storage Water Geyser ,"Storage Geyser10 L2 Years Comprehensive Warranty. 7 Years on Tank, 2 Years on Heating Element, 2 Years on Product",geyser,5099,1.1,184.0,Economic
Crompton 10 L Storage Water Geyser ,"Storage Geyser10 LWarranty provided by the manufacrer from the date of purchase: Tank - 5 Years, Heating Element - 2 Years, Product - 2 Years",geyser,5999,2.8,120.0,Economic
Decasa 1 L Instant Water Geyser ,Instant Geyser1 L6 months manufacturing warranty,geyser,999,1.8,4.0,Economic
USHA 10 L Storage Water Geyser ,Storage Geyser10 L2 years comprehensive manufacturer warranty,geyser,5531,3.4,240.0,Economic
CSI INTERNATIONAL 1 L Instant Water Geyser ,Instant Geyser1 L1 year,geyser,1099,2.6,1.0,Economic
FABER 1 L Instant Water Geyser ,"Instant Geyser1 L5 Years on Tank, 2 years on heating element and 1 year on product",geyser,2550,4.4,6.0,Economic
V-Guard 25 L Storage Water Geyser ,Storage Geyser25 L7 Years for inner tank +3 Years on heating element + 2 year product,geyser,9999,4.3,5.0,Economic
Venus 6 L Storage Water Geyser ,"Storage Geyser6 LGuarantee -7 Years on Inner Tank, 3 Years on Heating Element & 2 Years on Product",geyser,5957,4.8,6.0,Economic
Orient Electric 5.5 L Instant Water Geyser ,"Instant Geyser5.5 L2 Years Domestic Warranty on Product, 2 Years Domestic Warranty on Heating Element and 5 Years Domestic Warranty on Inner Tank",geyser,3099,2.8,1173.0,Economic
Crompton 15 L Storage Water Geyser ,"Storage Geyser15 L7 years On Tank, 2 years on Element and Product",geyser,8929,4.7,15.0,Economic
HAVELLS 25 L Storage Water Geyser ,"Storage Geyser25 L7 Years Warranty on Inner Container, 4 Years Warranty on Heating Element and 2 Years Comprehensive",geyser,11590,2.5,2.0,Economic
Jaquar 15 L Storage Water Geyser ,"Storage Geyser15 L7 Years on Tank,4 Years on Heating Element and 2 Years on Other Parts",geyser,9649,4.6,0.0,Economic
Infinix Y4 Max Series Intel Core i3 13th Gen 1315U ,Intel Core i3 Processor (13th Gen)16 GB LPDDR4X RAMWindows 11 Operating System512 GB SSD40.64 cm (16 inch) DisplayNA1 Year Onsite Warranty,laptops,32990,1.5,52.0,Mid-range
Lenovo V14 Intel Core i5 12th Gen 1235U ,Intel Core i5 Processor (12th Gen)8 GB DDR4 RAM64 bit Windows 11 Operating System512 GB SSD35.56 cm (14 inch) DisplayN/A1 Year Carry In To SERVICE CENTER WARRANTY,laptops,36690,1.1,2.0,Mid-range
Lenovo IdeaPad Slim 5 Intel Core i7 13th Gen 13700H ,Intel Core i7 Processor (13th Gen)16 GB LPDDR5 RAMWindows 11 Operating System1 TB SSD40.64 cm (16 inch) Display1Yr Warranty + 1 Yr Premium Care and 1 Yr Accidental Damage Protection,laptops,80190,1.6,9.0,Premium
Lenovo V15 Intel Celeron Dual Core 4th Gen N4500 ,Intel Celeron Dual Core Processor (4th Gen)8 GB DDR4 RAM64 bit Windows 11 Operating System256 GB SSD39.62 cm (15.6 inch) Display1 Years,laptops,22290,3.9,243.0,Mid-range
Lenovo ThinkBook 16 G6 Intel Core i3 13th Gen 1315U ,Intel Core i3 Processor (13th Gen)8 GB DDR5 RAMWindows 11 Operating System512 GB SSD40.64 cm (16 Inch) Display1 Year Onsite warranty,laptops,38990,1.3,14.0,Mid-range
Lenovo LOQ Intel Core i5 12th Gen 12450HX ,Intel Core i5 Processor (12th Gen)8 GB DDR5 RAMWindows 11 Operating System512 GB SSD39.62 cm (15.6 inch) Display1 Year Carry-in Warranty,laptops,50190,4.8,1.0,Mid-range
DELL Intel Core i3 13th Gen ,Intel Core i3 Processor (13th Gen)8 GB DDR4 RAMWindows 11 Operating System512 GB SSD39.62 cm (15.6 inch) Display1 year domestic warranty,laptops,36990,1.4,7.0,Mid-range
MSI Modern 14 Intel Core i5 13th Gen 1335U ,Intel Core i5 Processor (13th Gen)8 GB DDR4 RAMWindows 11 Operating System512 GB SSD35.56 cm (14 Inch) Display1 Year Carry-in Warranty,laptops,40990,3.0,20.0,Mid-range
Acer One 14 Intel Core i3 11th Gen 1115G4 ,Intel Core i3 Processor (11th Gen)16 GB DDR4 RAMWindows 11 Operating System512 GB SSD35.56 cm (14 Inch) Display1 Year Carry-in Warranty,laptops,28990,3.5,804.0,Mid-range
MSI Modern 15 Intel Core i3 12th Gen 1215U ,Intel Core i3 Processor (12th Gen)16 GB DDR4 RAMWindows 11 Operating System512 GB SSD39.62 cm (15.6 Inch) Display1 Year Onsite Warranty,laptops,32990,3.1,113.0,Mid-range
HP Laptop Intel Core i3 12th Gen 1215U ,Intel Core i3 Processor (12th Gen)8 GB DDR4 RAMWindows 11 Home Operating System256 GB SSD100.58 cm (39.6 cm) Display1 Year Carry-in Warranty,laptops,35990,1.8,299.0,Mid-range
HP Intel Core i5 13th Gen 1334U ,Intel Core i5 Processor (13th Gen)8 GB DDR4 RAM64 bit Windows 11 Operating System512 GB SSD39.62 cm (15.6 Inch) DisplayMicrosoft Office Home & Student 20211 Year Onsite Warranty,laptops,52490,3.1,0.0,Premium
ASUS ExpertBook B15 Intel Core i3 12th Gen 1215U ,Intel Core i3 Processor (12th Gen)8 GB DDR4 RAMWindows 11 Operating System512 GB SSD39.62 cm (15.6 Inch) Display1 Year Onsite Warranty,laptops,32990,3.3,10.0,Mid-range
MSI Modern 15 Intel Core i5 12th Gen 1235U ,Intel Core i5 Processor (12th Gen)8 GB DDR4 RAMWindows 11 Operating System512 GB SSD39.62 cm (15.6 Inch) Display1 Year Onsite Warranty,laptops,36990,1.5,136.0,Mid-range
DELL Vostro 3420 Intel Core i3 12th Gen ,Intel Core i3 Processor (12th Gen)8 GB DDR4 RAMWindows 11 Operating System512 GB SSD35.56 cm (14 inch) Display1 Year Onsite Service,laptops,33990,3.3,2.0,Mid-range
HP AMD Ryzen 5 Hexa Core 5500U ,"AMD Ryzen 5 Hexa Core Processor16 GB DDR4 RAM64 bit Windows 11 Operating System512 GB SSD39.62 cm (15.6 inch) DisplayMicrosoft Office 2021 Home & Student, HP Documentation, HP BIOS recovery, HP Smart1 Year Onsite Warranty",laptops,40990,3.8,223.0,Mid-range
ASUS Zenbook 14 OLED AI PC Intel Core Ultra 5 125H ,Intel Core Ultra 5 Processor16 GB LPDDR5X RAMWindows 11 Operating System1 TB SSD35.56 cm (14 Inch) Touchscreen Display1 Year Onsite Warranty,laptops,107990,1.8,1.0,Premium
Acer Aspire Lite Intel Core i3 12th Gen 1215U ,Intel Core i3 Processor (12th Gen)16 GB DDR4 RAMWindows 11 Operating System512 GB SSD39.62 cm (15.6 Inch) Display1 Year Onsite Warranty,laptops,32990,2.8,29.0,Mid-range
ASUS TUF Gaming F17 ,Intel Core i5 Processor (11th Gen)16 GB DDR4 RAMWindows 11 Operating System1 TB SSD43.94 cm (17.3 Inch) Display1 Year Carry-in Warranty,laptops,53990,3.1,500.0,Premium
Lenovo V15 AMD Ryzen 5 Hexa Core 5500U ,AMD Ryzen 5 Hexa Core Processor8 GB DDR4 RAMWindows 11 Operating System512 GB SSD39.62 cm (15.6 Inch) Display1 Year Onsite Warranty,laptops,33900,1.8,126.0,Mid-range
Apple MacBook Air Apple M3 ,"Apple M3 Processor8 GB Unified Memory RAMMac OS Operating System256 GB SSD33.02 cm (13 Inch) DisplayBuilt-in Apps: App Store, Books, Calendar, Contacts, FaceTime, Find My, Freeform, GarageBand, Home, iMovie, Keynote, Mail, Maps, Messages, Music, Notes, Numbers, Pages, Photo Booth, Photos, Podcasts, Preview, QuickTime Player, Reminders, Safari, Shortcuts, Siri, Stocks, Time Machine, TV, Voice Memos1 Year Onsite Warranty",laptops,104990,4.7,24.0,Premium
Lenovo Legion Slim 5 AI Powered AMD Ryzen 7 Octa Core 7840HS ,AMD Ryzen 7 Octa Core Processor16 GB DDR5 RAMWindows 11 Operating System512 GB SSD40.64 cm (16 inch) Display1Yr Warranty + 1 Yr Legion Ultimate Support and 1 Yr Accidental Damage Protection,laptops,100190,4.6,7.0,Premium
HP Laptop Intel Core i3 N305 ,Intel Core i3 Processor8 GB DDR4 RAMWindows 11 Home Operating System512 GB SSD39.62 cm (15.6 inch) Display1 Year Carry-in Warranty,laptops,36990,2.5,0.0,Mid-range
Lenovo IdeaPad Slim 3 AMD Ryzen 5 Quad Core 7520U ,AMD Ryzen 5 Quad Core Processor8 GB LPDDR5 RAMWindows 11 Operating System512 GB SSD35.56 cm (14 Inch) Display1 Year Carry-in Warranty,laptops,37190,2.2,0.0,Mid-range
Acer Intel Core i3 11th Gen ,Intel Core i3 Processor (11th Gen)8 GB DDR4 RAMWindows 11 Operating System512 GB SSD39.62 cm (15.6 inch) Display1 year,laptops,29890,4.1,22.0,Mid-range
Lenovo IdeaPad Slim 3 Intel Core i5 13th Gen 13420H ,Intel Core i5 Processor (13th Gen)16 GB LPDDR5 RAMWindows 11 Operating System512 GB SSD39.62 cm (15.6 Inch) Display1Yr Warranty and 1 Yr Accidental Damage Protection,laptops,56990,3.0,23.0,Premium
Acer Aspire Lite Intel Core i5 12th Gen 1235U ,Intel Core i5 Processor (12th Gen)8 GB DDR4 RAMWindows 11 Operating System512 GB SSD39.62 cm (15.6 inch) Display1 Year Carry-in Warranty,laptops,42490,4.7,4.0,Mid-range
MSI Cyborg 15 AI PC Intel Core Ultra 5 125H ,Intel Core Ultra 5 Processor16 GB DDR5 RAMWindows 11 Operating System1 TB SSD39.62 cm (15.6 Inch) Display2 Year Carry-in Warranty,laptops,89990,2.2,0.0,Premium
Colorful P15 Intel Core i7 12th Gen 12650H ,Intel Core i7 Processor (12th Gen)16 GB DDR5 RAMWindows 11 Operating System512 GB SSD39.62 cm (15.6 Inch) Display2 Year Carry-in Warranty,laptops,69990,3.9,17.0,Premium
HP Victus Intel Core i7 12th Gen 12650H ,Intel Core i7 Processor (12th Gen)16 GB DDR4 RAMWindows 11 Operating System512 GB SSD39.62 cm (15.6 Inch) Display1 Year Onsite Warranty,laptops,79990,1.2,13.0,Premium
ASUS Vivobook S 15 OLED Intel EVO H,Intel Core i5 Processor (13th Gen)16 GB LPDDR5 RAMWindows 11 Operating System512 GB SSD39.62 cm (15.6 Inch) Display1 Year Onsite Warranty,laptops,79990,3.0,2.0,Premium
HP 250 G9 Intel Core i3 12th Gen 1215U ,Intel Core i3 Processor (12th Gen)8 GB DDR4 RAMDOS Operating System512 GB SSD39.62 cm (15.6 inch) DisplayDOS1 Year Domestic Warrenty,laptops,34135,4.6,3.0,Mid-range
ASUS Chromebook Intel Celeron Dual Core N4500 ,Intel Celeron Dual Core Processor8 GB LPDDR4X RAMChrome Operating System39.62 cm (15.6 Inch) Display1 Year Onsite Warranty,laptops,17990,2.5,115.0,Economic
WINGS Nuvobook Pro Aluminium Alloy Metal Body Intel Intel Core i7 11th Gen 1165G7 ,Intel Core i7 Processor (11th Gen)16 GB DDR4 RAMWindows 11 Operating System512 GB SSD35.56 cm (14 Inch) Display1 Year Onsite Warranty,laptops,49990,3.5,21.0,Mid-range
Infinix GT Book Intel Core i5 12th Gen 12450H ,Intel Core i5 Processor (12th Gen)16 GB LPDDR5X RAMWindows 11 Operating System512 GB SSD40.64 cm (16 inch) DisplayControl Center1 Year Domestic Onsite Warranty On Laptop and 6 Months On Adapter,laptops,57990,1.4,0.0,Premium
Lenovo IdeaPad Slim 3 Intel Core i3 11th Gen 1115G4 ,Intel Core i3 Processor (11th Gen)8 GB DDR4 RAM64 bit Windows 11 Operating System512 GB SSD39.62 cm (15.6 Inch) DisplayOffice Home and Student 20211 Year Onsite Warranty + 1 Year ADP,laptops,33990,1.5,600.0,Mid-range
HP 245G9 AMD Ryzen 3 Dual Core AMD Ryzen 3 3250U ,AMD Ryzen 3 Dual Core Processor8 GB DDR4 RAMWindows 11 Operating System512 GB SSD35.56 cm (14 inch) DisplayNA1 Year Onsite Warranty,laptops,26790,1.3,28.0,Mid-range
ASUS Chromebook Intel Celeron Dual Core N4500 ,Intel Celeron Dual Core Processor4 GB LPDDR4X RAMChrome Operating System39.62 cm (15.6 Inch) Display1 Year Onsite Warranty,laptops,19990,2.6,166.0,Economic
MSI Thin 15 Intel Core i7 13th Gen 13620H ,Intel Core i7 Processor (13th Gen)16 GB DDR4 RAMWindows 11 Operating System512 GB SSD39.62 cm (15.6 Inch) Display2 Year Onsite Warranty,laptops,67990,1.7,0.0,Premium
MSI Modern 14 Intel Core i7 12th Gen 1255U ,Intel Core i7 Processor (12th Gen)16 GB DDR4 RAMWindows 11 Operating System512 GB SSD35.56 cm (14 Inch) Display1 Year Onsite Warranty,laptops,47990,3.6,17.0,Mid-range
Lenovo Intel Intel Core i3 12th Gen 1215U ,Intel Core i3 Processor (12th Gen)8 GB DDR4 RAMDOS Operating System512 GB SSD39.62 cm (15.6 Inch) DisplayDOS1 Year Onsite Warranty,laptops,30773,2.9,5.0,Mid-range
ASUS TUF Gaming F17 ,Intel Core i5 Processor (11th Gen)16 GB DDR4 RAMWindows 11 Home Operating System512 GB SSD43.94 cm (17.3 inch) Display1 Year Warranty,laptops,50990,2.0,9.0,Mid-range
Acer Nitro 5 AMD Ryzen 5 Hexa Core 5600H ,"AMD Ryzen 5 Hexa Core Processor8 GB DDR4 RAM64 bit Windows 11 Operating System1 TB HDD|256 GB SSD39.62 cm (15.6 inch) DisplayQuick Access, Acer Care Center, Acer Product Registration, NitroSense, GOTrust, PC Manager1 Year International Travelers Warranty",laptops,66490,1.2,115.0,Premium
SAMSUNG Galaxy Book4 Intel Core 5 120U ,Intel Core 5 Processor16 GB LPDDR4X RAMWindows 11 Operating System512 GB SSD39.62 cm (15.6 Inch) Display1 Year Manufacturer Warranty for Laptop and 6 Months for In-Box Accessories,laptops,68999,3.4,9.0,Premium
Lenovo IdeaPad Slim 5 WUXGA OLED AI PC Intel Core Ultra 5 125H ,Intel Core Ultra 5 Processor16 GB LPDDR5X RAMWindows 11 Operating System1 TB SSD35.56 cm (14 Inch) Display1Yr Warranty + 1 Yr Premium Care and 1 Yr Accidental Damage Protection,laptops,80190,1.6,23.0,Premium
HP Victus Intel Core i5 12th Gen 12450H ,Intel Core i5 Processor (12th Gen)16 GB DDR4 RAMWindows 11 Operating System1 TB SSD39.62 cm (15.6 inch) Display1 Year Onsite Warranty,laptops,68990,4.1,10.0,Premium
DELL AMD Ryzen 5 Hexa Core 5500U ,AMD Ryzen 5 Hexa Core Processor8 GB DDR4 RAMWindows 11 Operating System512 GB SSD39.62 cm (15.6 Inch) Display1 Year Onsite Hardware Service,laptops,40990,4.4,2.0,Mid-range
SAMSUNG Galaxy Book4 360 Evo Intel Core 7 150U ,Intel Core 7 Processor16 GB LPDDR5 RAM64 bit Windows 11 Operating System512 GB SSD39.62 cm (15.6 inch) Touchscreen DisplayMS Office Home and Student 20211 Year Manufacturer Warranty for Laptop and 6 Months for In-Box Accessories,laptops,122990,2.8,2.0,Premium
ASUS VivoBook 14 Intel Celeron Dual Core N4020 ,Intel Celeron Dual Core Processor4 GB DDR4 RAM64 bit Windows 11 Operating System256 GB SSD35.56 cm (14 inch) Display1 Year Onsite Warranty,laptops,17990,3.4,320.0,Economic
HP Chromebook MediaTek Kompanio 500 ,MediaTek Kompanio 500 Processor4 GB LPDDR4X RAMChrome Operating System29.46 cm (11.6 inch) Touchscreen Display1 Year Onsite Warranty,laptops,24999,2.5,337.0,Mid-range
HP Pavilion Intel Core i5 12th Gen core i5 1240P ,Intel Core i5 Processor (12th Gen)16 GB DDR4 RAM64 bit Windows 11 Operating System512 GB SSD39.62 cm (15.6 Inch) Display1 Year Onsite Warranty,laptops,69999,3.4,19.0,Premium
Colorful XS Series Intel Core i5 12th Gen 12500H ,Intel Core i5 Processor (12th Gen)16 GB DDR4 RAMWindows 11 Operating System512 GB SSD39.62 cm (15.6 Inch) Display2 Year Carry-in Warranty,laptops,45990,4.6,6.0,Mid-range
Acer Extensa 15 AMD Ryzen 3 Quad Core 7320U ,AMD Ryzen 3 Quad Core Processor8 GB LPDDR5 RAMWindows 11 Operating System512 GB SSD39.62 cm (15.6 Inch) Display1 Year Onsite Warranty,laptops,41400,3.7,27.0,Mid-range
DELL Intel Core i5 12th Gen 1235U ,Intel Core i5 Processor (12th Gen)16 GB DDR4 RAMWindows 11 Operating System512 GB SSD39.62 cm (15.6 Inch) Display1 Year Onsite Hardware Service,laptops,50490,4.1,5.0,Mid-range
HP 14s AMD Ryzen 5 Hexa Core 5500U ,"AMD Ryzen 5 Hexa Core Processor8 GB DDR4 RAM64 bit Windows 10 Operating System512 GB SSD35.56 cm (14 Inch) DisplayMcAfee LiveSafe (30 day Free trial), Microsoft Office Home & Student 2019, HP Documentation, HP Smart, HP Support Assistant, HP SSRM1 Year Onsite Warranty",laptops,49990,2.5,70.0,Mid-range
DELL Inspiron AMD Ryzen 7 Octa Core 5825U ,AMD Ryzen 7 Octa Core Processor16 GB DDR4 RAM64 bit Windows 11 Operating System512 GB SSD40.64 cm (16 Inch) Display1 Year Onsite Warranty,laptops,86990,3.6,1.0,Premium
Lenovo IdeaPad Pro 5 AMD Ryzen 7 Octa Core 8845HS ,AMD Ryzen 7 Octa Core Processor16 GB LPDDR5X RAMWindows 11 Operating System1 TB SSD40.64 cm (16 inch) Display1 Year Carry-in Warranty,laptops,128190,2.2,0.0,Premium
ASUS Chromebook Touch Intel Celeron Dual Core N3350 ,Intel Celeron Dual Core Processor4 GB LPDDR4 RAMChrome Operating System39.62 cm (15.6 inch) Touchscreen Display1 Year Onsite Warranty,laptops,25990,2.9,307.0,Mid-range
Lenovo IdeaPad 3 Intel Core i3 10th Gen 10110U ,Intel Core i3 Processor (10th Gen)4 GB DDR4 RAM64 bit Windows 11 Operating System256 GB SSD39.62 cm (15.6 inch) DisplayOffice Home and Student 2019 included2 Years Warranty,laptops,34990,2.7,68.0,Mid-range
DELL Intel Core i3 11th Gen ,Intel Core i3 Processor (11th Gen)8 GB DDR4 RAMLinux/Ubuntu Operating System256 GB SSD35.56 cm (14 inch) Display1 Year Domestic Warranty,laptops,33000,3.6,2.0,Mid-range
ASUS TUF Gaming A15 AMD Ryzen 9 Octa Core 8945H ,AMD Ryzen 9 Octa Core Processor16 GB DDR5 RAMWindows 11 Operating System1 TB SSD39.62 cm (15.6 Inch) Display1 Year Onsite Warranty,laptops,127931,3.9,0.0,Premium
ASUS Intel Core i7 12th Gen 12700H ,Intel Core i7 Processor (12th Gen)16 GB DDR4 RAMWindows 11 Operating System512 GB SSD39.62 cm (15.6 Inch) Touchscreen Display1 Year Onsite Warranty,laptops,77990,3.3,0.0,Premium
HP Pavilion Intel Core i7 12th Gen 1255U ,"Intel Core i7 Processor (12th Gen)16 GB DDR4 RAM64 bit Windows 11 Operating System1 TB SSD35.56 cm (14 inch) DisplayMicrosoft Office Home & Student 2021, HP Documentation, HP BIOS recovery, HP Smart1 Year Onsite Warranty",laptops,78990,3.4,19.0,Premium
Acer Aspire 5 Gaming Intel Core i5 12th Gen 1240P ,Intel Core i5 Processor (12th Gen)16 GB DDR4 RAM64 bit Windows 11 Operating System512 GB SSD39.62 cm (15.6 inch) Display1 Year International Travelers Warranty (ITW),laptops,59999,3.3,5.0,Premium
Acer TravelMate P2 Intel Core i7 11th Gen 1165G7 ,Intel Core i7 Processor (11th Gen)16 GB DDR4 RAMWindows 11 Operating System512 GB SSD35.56 cm (14 inch) Display1 Year Onsite Warranty,laptops,39990,4.6,38.0,Mid-range
Acer Aspire 3 Intel Core i7 12th Gen 1255U ,Intel Core i7 Processor (12th Gen)16 GB DDR4 RAM64 bit Windows 11 Operating System512 GB SSD35.56 cm (14 Inch) Display1 Year Domestic Warranty,laptops,45990,1.9,2.0,Mid-range
Apple MacBook AIR Apple M2 ,"Apple M2 Processor8 GB Unified Memory RAMMac OS Operating System512 GB SSD34.54 cm (13.6 Inch) DisplayBuilt-in Apps: iMovie, Siri, GarageBand, Pages, Numbers, Photos, Keynote, Safari, Mail, FaceTime, Messages, Maps, Stocks, Home, Voice Memos, Notes, Calendar, Contacts, Reminders, Photo Booth, Preview, Books, App Store, Time Machine, TV, Music, Podcasts, Find My, QuickTime Player1 Year Limited WarraÂ­nty",laptops,97990,3.7,691.0,Premium
Apple MacBook AIR Apple M2 ,"Apple M2 Processor8 GB Unified Memory RAMMac OS Operating System256 GB SSD34.54 cm (13.6 Inch) DisplayBuilt-in Apps: iMovie, Siri, GarageBand, Pages, Numbers, Photos, Keynote, Safari, Mail, FaceTime, Messages, Maps, Stocks, Home, Voice Memos, Notes, Calendar, Contacts, Reminders, Photo Booth, Preview, Books, App Store, Time Machine, TV, Music, Podcasts, Find My, QuickTime Player1 Year Limited Warranty",laptops,77990,2.4,691.0,Premium
Apple MacBook AIR Apple M2 ,"Apple M2 Processor16 GB Unified Memory RAMMac OS Operating System1 TB SSD34.54 cm (13.6 Inch) DisplayBuilt-in Apps: iMovie, Siri, GarageBand, Pages, Numbers, Photos, Keynote, Safari, Mail, FaceTime, Messages, Maps, Stocks, Home, Voice Memos, Notes, Calendar, Contacts, Reminders, Photo Booth, Preview, Books, App Store, Time Machine, TV, Music, Podcasts, Find My, QuickTime Player1 Year Limited Warranty",laptops,159900,2.1,0.0,Premium
Apple MacBook Pro Apple M3 Max ,"Apple M3 Max Processor36 GB Unified Memory RAMMac OS Operating System1 TB SSD40.64 cm (16 Inch) DisplayBuilt-in Apps- App Store, Books, Calendar, Contacts, FaceTime, Find My, Freeform, GarageBand, Home, iMovie, Keynote, Mail, Maps, Messages, Music, Notes, Numbers, Pages, Photo Booth, Photos, Podcasts, Preview, QuickTime Player, Reminders, Safari, Shortcuts, Siri, Stocks, Time Machine, TV, Voice Memos1 Year Limited Warranty",laptops,328990,2.5,0.0,Premium
Apple MacBook AIR Apple M2 ,"Apple M2 Processor8 GB Unified Memory RAMMac OS Operating System256 GB SSD34.54 cm (13.6 Inch) DisplayBuilt-in Apps: iMovie, Siri, GarageBand, Pages, Numbers, Photos, Keynote, Safari, Mail, FaceTime, Messages, Maps, Stocks, Home, Voice Memos, Notes, Calendar, Contacts, Reminders, Photo Booth, Preview, Books, App Store, Time Machine, TV, Music, Podcasts, Find My, QuickTime Player1 Year Limited Warranty",laptops,77990,2.2,691.0,Premium
Thomson 10 kg,1400 RPM Max Speed5 Star Rating2 Years Comprehensive Warranty on Product and 5 Years Warranty on Motor,washing machine,10999,2.9,1149.0,Economic
Voltas Beko by A Tata Product 10 kg,"1350 rpm Max Speed5 Star Rating2 Years Comprehensive Warranty on Product, 5 Years Warranty on Spin Motor and 10 Years Warranty on Wash Motor",washing machine,13490,1.7,444.0,Economic
LG 10 kg,1300 rpm Max Speed5 Star Rating2 Years Comprehensive Warranty on Product and 5 Years Warranty on Motor,washing machine,17490,3.2,323.0,Economic
LG 8 kg,800 RPM Max Speed5 Star Rating2 Years Warranty on Complete Washing Machine and 5 Years on Motor from LG,washing machine,15590,2.6,5.0,Economic
ONIDA 8 kg,700 rpm Max Speed5 Star Rating2 Years Comprehensive Warranty on Product and 10 Years Warranty on Wash Motor from Onida,washing machine,16990,3.8,4571.0,Economic
Haier 8 kg,800 rpm Max Speed5 Star Rating2 Years Comprehensive Warranty on Product and 10 Years Warranty on Motor from Haier,washing machine,17490,2.3,2377.0,Economic
IFB 9 kg,"1400 rpm Max Speed5 Star RatingWith In-Built Heater4 Years Warranty on Product, 10 Years Warranty on Motor and 10 Years Spares Support",washing machine,38540,3.0,8238.0,Mid-range
MarQ by Flipkart by Flipkart 8 kg,1350 RPM Max Speed1 Year Warranty on Product and 5 Years Warranty On Wash Motor,washing machine,5099,4.0,19.0,Economic
Admiral 8.5 kg,1350 rpm Max Speed5 Star Rating3 Years Warranty on Product,washing machine,12649,2.5,1.0,Economic
Whirlpool 8.5 kg,"1450 rpm Max Speed5 Star Rating2 Years Comprehensive Warranty and 5 Years Warranty on Wash Motor, Spin motor and Prime Mover from Whirlpool",washing machine,13379,1.5,264.0,Economic
Whirlpool 8.5 kg,1450 RPM Max Speed5 Star Rating2 Years Comprehensive Warranty and 5 Years Warranty on Motor and Prime Mover From Whirlpool,washing machine,13220,2.0,9.0,Economic
Voltas Beko by A Tata Product 6.5 kg,"1000 rpm Max Speed5 Star RatingWith In-Built Heater3 Years Comprehensive Warranty on Product, 12 Years Warranty on Motor",washing machine,21990,1.2,97.0,Mid-range
Godrej 7.5 kg,1400 rpm Max Speed2 Years Comprehensive Warranty and 5 Years Warranty on Motor from Godrej,washing machine,11290,1.9,52.0,Economic
ONIDA 8 kg,"1450 rpm Max Speed5 Star Rating2 Years Comprehensive Warranty on Product, 5 Years Warranty on Motor",washing machine,9390,4.8,925.0,Economic
IFB 7 kg,"1200 RPM Max Speed5 Star RatingWith In-Built HeaterWith Wi-Fi Connectivity4 Years Comprehensive Warranty on Product, 10 Years Warranty on Motor, 10 Years Spares Support",washing machine,28990,2.2,8238.0,Mid-range
ONIDA 8 kg,"1450 rpm Max Speed5 Star Rating2 Years Comprehensive Warranty on Product, and Additional 5 Years on Motor",washing machine,9990,4.1,925.0,Economic
IFB 9 kg,"1400 rpm Max Speed5 Star RatingWith In-Built Heater4 Years Comprehensive Warranty, 10 Years Motor Warranty, 10 Years Spares Support",washing machine,37990,4.5,89.0,Mid-range
BOSCH 6.5 kg,680 rpm Max Speed5 Star Rating2 Years Warranty on Product and 10 Years on Motor,washing machine,22990,3.7,121.0,Mid-range
Whirlpool 6.5 kg,740 rpm Max Speed5 Star Rating2 Years Comprehensive Warranty on Product and 5 Years Warranty on Motor,washing machine,13990,1.4,1437.0,Economic
realme TechLife 8.5 kg,1400 RPM Max Speed5 Star Rating2 Years Comprehensive and 5 Years on Wash Motor,washing machine,9690,4.5,6055.0,Economic
SAMSUNG 11.5 Kg,"1300 rpm Max Speed5 Star Rating2 years on product, 2 years on motor (T&C Apply)",washing machine,18999,4.7,34.0,Economic
Whirlpool 9.5 kg,1400 rpm Max Speed2 Years Comprehensive Warranty on Product and 10 Years on Wash Motor and Prime Mover from Whirlpool,washing machine,17157,2.2,426.0,Economic
Voltas Beko by A Tata Product 6 kg,1000 rpm Max Speed5 Star RatingWith In-Built Heater3 Years Comprehensive Warranty on Product and 12 Years Warranty on Motor,washing machine,19990,4.3,14.0,Economic
LG 9.5 kg,1350 RPM Max Speed5 Star Rating1 Years Comprehensive Warranty on Product and 5 Years Warranty on Motor,washing machine,18690,4.2,0.0,Economic
Voltas Beko by A Tata Product 8 kg,"1200 rpm Max Speed5 Star RatingWith In-Built Heater3 Years Comprehensive Warranty on Product, 12 Years Warranty on Motor",washing machine,31540,4.3,1.0,Mid-range
Intex 7.5 kg,1300 rpm Max Speed2 Years Comprehensive Warranty on Product and 5 Years Warranty on Wash Motor,washing machine,7290,4.5,2407.0,Economic
IFB 6.5 kg,"1000 rpm Max Speed5 Star RatingWith In-Built Heater4 Years Comprehensive Warranty, 10 Years Motor Warranty, 10 Years Spares Support",washing machine,24490,2.9,200.0,Mid-range
Haier 6.5 kg,800 rpm Max Speed5 Star Rating2 Years Warranty on Product and 10 Years Warranty on Motor,washing machine,24000,3.7,1.0,Mid-range
Haier 7 kg,1300 RPM Max Speed2 Years Comprehensive Warranty on Product and 5 Years Warranty on Motor from Haier,washing machine,12014,1.7,2.0,Economic
Siemens 7.5 kg,1400 rpm Max Speed5 Star RatingWith In-Built Heater2 Years Comprehensive Warranty on Product and 10 Years Warranty on Motor,washing machine,52090,4.1,2.0,Mid-range
IFB 6.5 kg,"720 RPM Max Speed5 Star Rating4 Years Comprehensive Warranty on Product, 10 Years Warranty on Motor, 10 Years Spares Support",washing machine,16990,4.7,1590.0,Economic
LG 9 kg,1350 RPM Max Speed5 Star RatingManufacturer Warranty: 2 Years Comprehensive,washing machine,17990,4.6,5.0,Economic
IFB 8 kg,720 RPM Max Speed5 Star Rating4 Years Super Warranty + 10 Years Spare Parts Support + 10 Years Motor Warranty,washing machine,27000,3.0,0.0,Mid-range
BOSCH 9 kg,1200 rpm Max Speed5 Star RatingWith In-Built Heater2 Years Comprehensive Warranty on Product and 10 Years Warranty on Motor,washing machine,40849,3.9,0.0,Mid-range
TCL 8.5 kg,800 rpm Max Speed1 Year Comprehensive Warranty on Product and 5 Years on Motor,washing machine,19990,2.7,6.0,Economic
LG 8 kg,780 RPM Max SpeedWith In-Built Heater2 Years Warranty on Product and 10 Years on Motor,washing machine,23999,4.8,0.0,Mid-range
White Westinghouse (Trademark by Electrolux) 7.5 kg,720 rpm Max Speed2 Years Warranty on Product and 5 Years on Motor,washing machine,14499,3.3,0.0,Economic
Godrej 6 kg,720 rpm Max Speed5 Star Rating2 Years on Product and 10 Years on Motor from Godrej,washing machine,15110,1.2,932.0,Economic
LG 7.5 kg,1300 RPM Max Speed5 Star Rating2 Years Comprehensive Warranty on product and 5 Years on Wash Motor from LG,washing machine,13490,4.8,0.0,Economic
SAMSUNG 8.5 kg,"1300 rpm Max Speed5 Star Rating2 years on product, 2 years on motor (T&C Apply)",washing machine,14090,1.1,2498.0,Economic
LG 11 kg,1300 rpm Max Speed5 Star Rating2 Years Comprehensive Warranty on Product and 5 Years on Motor,washing machine,18990,2.4,351.0,Economic
