Product_Name,Product_Description,Product_Type,Price,Ratings,No_of_reviews,Predicted_Category
CMF by Nothing Phone 1 ,8 GB RAM | 128 GB ROM | Expandable Upto 2 TB16.94 cm (6.67 inch) Full HD+ Display50MP + 2MP | 16MP Front Camera5000 mAh BatteryDimensity 7300 5G Processor1 Year Manufacturing Warranty,Android mobile,16499,3.1,561.0,Economic
REDMI Note 13 Pro 5G ,8 GB RAM | 128 GB ROM16.94 cm (6.67 inch) Display200MP (OIS) + 8MP + 2MP | 16MP Front Camera5100 mAh Battery7s Gen 2 Mobile Platform 5G Processor1 Year Manufacturer Warranty for Phone and 6 Months Warranty for In the Box Accessories,Android mobile,19270,4.5,1791.0,Economic
vivo T3x 5G ,4 GB RAM | 128 GB ROM | Expandable Upto 1 TB17.07 cm (6.72 inch) Full HD+ Display50MP + 2MP | 8MP Front Camera6000 mAh Battery6 Gen 1 Processor1 Year Manufacturer Warranty for Device and 6 Months Manufacturer Warranty for Inbox Accessories,Android mobile,12999,1.3,977.0,Economic
realme P2 Pro 5G ,8 GB RAM | 128 GB ROM17.02 cm (6.7 inch) Full HD+ Display50MP + 8MP | 32MP Front Camera5200 mAh Battery7s Gen2 Processor1 Year Manufacturer Warranty for Device and 6 Months Manufacturer Warranty for Inbox Accessories,Android mobile,21999,1.2,96.0,Mid-range
SAMSUNG Galaxy S23 FE ,8 GB RAM | 128 GB ROM16.26 cm (6.4 inch) Full HD+ Display50MP + 12MP | 10MP Front Camera4500 mAh BatterySamsung Exynos 2200 Processor1 Year Manufacturer Warranty for Device and 6 Months for In-Box Accessories,Android mobile,29999,2.8,1969.0,Mid-range
Infinix Hot 50 5G ,4 GB RAM | 128 GB ROM | Expandable Upto 1 TB17.02 cm (6.7 inch) HD+ Display48MP + Depth Sensor | 8MP Front Camera5000 mAh Lithium-ion Polymer BatteryDimensity 6300 Processor1 Year Warranty on Handset and 6 Months Warranty on Accessories,Android mobile,9999,2.9,31.0,Economic
REDMI 13 5G ,8 GB RAM | 128 GB ROM17.25 cm (6.79 inch) Full HD+ Display108MP Rear Camera5030 mAh BatteryQualcomm SM4450 Snapdragon 4 Gen 2 AE (4 nm) Processor1 year manufacture warranty,Android mobile,14294,3.4,50.0,Economic
Motorola Edge 50 Neo ,8 GB RAM | 256 GB ROM16.26 cm (6.4 inch) Super HD Display50MP + 13MP + 10MP | 32MP Front Camera4310 mAh BatteryDimensity 7300 Processor1 Year Warranty on Handset and 6 Months Warranty on Accessories,Android mobile,23999,4.9,346.0,Mid-range
vivo T3x 5G ,8 GB RAM | 128 GB ROM | Expandable Upto 1 TB17.07 cm (6.72 inch) Full HD+ Display50MP + 2MP | 8MP Front Camera6000 mAh Battery6 Gen 1 Processor1 Year Manufacturer Warranty for Device and 6 Months Manufacturer Warranty for Inbox Accessories,Android mobile,15999,4.1,872.0,Economic
realme C63 ,4 GB RAM | 128 GB ROM | Expandable Upto 2 TB17.13 cm (6.745 inch) HD+ Display50MP Rear Camera | 8MP Front Camera5000 mAh BatteryT612 Processor1 Year Manufacturer Warranty for Device and 6 Months Manufacturer Warranty for Inbox Accessories,Android mobile,8999,1.2,179.0,Economic
MOTOROLA Edge 50 ,8 GB RAM | 256 GB ROM16.94 cm (6.67 inch) Display50MP + 13MP + 10MP | 32MP Front Camera5000 mAh BatterySnapdragon 7 Gen 1 Accelerated Edition Processor1 Year Warranty on Handset and 6 Months Warranty on Accessories,Android mobile,26999,4.1,690.0,Mid-range
Motorola g64 5G ,12 GB RAM | 256 GB ROM | Expandable Upto 1 TB16.51 cm (6.5 inch) Full HD+ Display50MP (OIS) + 8MP | 16MP Front Camera6000 mAh BatteryDimensity 7025 Processor1 Year on Handset and 6 Months on Accessories,Android mobile,14999,1.7,2018.0,Economic
vivo T3 Ultra ,12 GB RAM | 256 GB ROM17.22 cm (6.78 inch) Display50MP + 8MP | 50MP Front Camera5500 mAh BatteryDimensity 9200+ Processor1 Year Warranty on Handset and 6 Months Warranty on Accessories,Android mobile,35999,4.9,119.0,Mid-range
IQOO Z9 Lite 5G ,4 GB RAM | 128 GB ROM16.66 cm (6.56 inch) Display50MP Rear Camera5000 mAh Battery1 YEAR,Android mobile,10137,1.7,37.0,Economic
POCO X6 5G ,12 GB RAM | 512 GB ROM16.94 cm (6.67 inch) Display64MP + 8MP + 2MP | 16MP Front Camera5100 mAh Battery7s Gen 2 Mobile Platform 5G Processor1 Year Manufacturer Warranty for Phone and 6 Months Warranty for In the Box Accessories,Android mobile,18999,3.3,550.0,Economic
SAMSUNG Galaxy M15 5G ,6 GB RAM | 128 GB ROM16.51 cm (6.5 inch) Display50MP Rear Camera6000 mAh BatteryDomestic Warranty Of 1 Year For Handset And 6 Month For Accessories.,Android mobile,11899,1.7,44.0,Economic
realme C67 5G ,6 GB RAM | 128 GB ROM | Expandable Upto 2 TB17.07 cm (6.72 inch) Full HD+ Display50MP + 2MP | 8MP Front Camera5000 mAh BatteryDimensity 6100+ Processor1 Year Manufacturer Warranty for Phone and 6 Months Warranty for In the Box Accessories,Android mobile,10499,1.4,103.0,Economic
REDMI Note 13 Pro+ 5G ,8 GB RAM | 256 GB ROM16.94 cm (6.67 inch) Display200MP (OIS) + 8MP + 2MP | 16MP Front Camera5000 mAh BatteryDimensity 7200 Ultra 5G Processor1 Year Manufacturer Warranty for Phone and 6 Months Warranty for In the Box Accessories,Android mobile,27999,3.1,943.0,Mid-range
itel P55 ,8 GB RAM | 128 GB ROM16.66 cm (6.56 inch) Display50MP Rear Camera5000 mAh Battery1 Year Manufacturer Warranty,Android mobile,7112,3.3,12.0,Economic
POCO M6 Plus 5G ,6 GB RAM | 128 GB ROM | Expandable Upto 1 TB17.25 cm (6.79 inch) Full HD+ Display108MP + 2MP | 13MP Front Camera5030 mAh BatterySnapdragon 4 Gen2 AE Processor1 Year Manufacturer Warranty for Phone and 6 Months Warranty for In the Box Accessories,Android mobile,11499,4.6,480.0,Economic
REDMI Note 13 Pro 5G ,8 GB RAM | 128 GB ROM16.94 cm (6.67 inch) Display200MP (OIS) + 8MP + 2MP | 16MP Front Camera5100 mAh Battery7s Gen 2 Mobile Platform 5G Processor1 Year Manufacturer Warranty for Phone and 6 Months Warranty for In the Box Accessories,Android mobile,22999,4.8,1791.0,Mid-range
realme Narzo N63 4G ,4 GB RAM | 128 GB ROM17.13 cm (6.745 inch) Display50MP Rear Camera5000 mAh BatteryDomestic Warranty  1 year for handset and 6 months for accessories.,Android mobile,8999,2.0,53.0,Economic
OnePlus Nord CE4 lite 5G ,8 GB RAM | 256 GB ROM16.94 cm (6.67 inch) Display50MP Rear Camera5500 mAh Battery1 year,Android mobile,22702,2.8,135.0,Mid-range
realme 13 Pro 5G ,8 GB RAM | 256 GB ROM17.02 cm (6.7 inch) Full HD+ Display50MP + 8MP + 2MP | 32MP Front Camera5200 mAh BatterySnapdragon 7s Gen2 Processor1 Year Manufacturer Warranty for Device and 6 Months Manufacturer Warranty for Inbox Accessories,Android mobile,26999,4.5,232.0,Mid-range
SAMSUNG Galaxy A35 5G ,8 GB RAM | 128 GB ROM | Expandable Upto 1 TB16.76 cm (6.6 inch) Full HD+ Display50MP + 8MP + 5MP | 13MP Front Camera5000 mAh BatterySamsung Exynos 1380 Processor1 Year Manufacturer Warranty for Device and 6 Months for In-Box Accessories,Android mobile,30999,2.6,119.0,Mid-range
SAMSUNG Galaxy M14 4G ,4 GB RAM | 64 GB ROM16.76 cm (6.6 inch) Display50MP Rear Camera6000 mAh Battery1 year for handset and 6 month for accessories,Android mobile,8390,3.3,68.0,Economic
Samsung Galaxy S21 FE 5G with Snapdragon 888 ,8 GB RAM | 256 GB ROM16.26 cm (6.4 inch) Full HD+ Display12MP + 12MP + 8MP (OIS) | 32MP Front Camera4500 mAh Lithium-ion BatterySnapdragon 888 Processor1 Year Manufacturer Warranty for Device and 6 Months Manufacturer Warranty for In-Box Accessories,Android mobile,27499,3.7,13964.0,Economic
SAMSUNG Galaxy S24 Ultra 5G ,12 GB RAM | 256 GB ROM17.27 cm (6.8 inch) Quad HD+ Display200MP + 50MP + 12MP + 10MP | 12MP Front Camera5000 mAh BatterySnapdragon 8 Gen 3 Processor1 Year Manufacturer Warranty for Device and 6 Months for In-Box Accessories,Android mobile,121999,3.4,260.0,Premium
SAMSUNG Galaxy A54 5G ,"8 GB RAM | 256 GB ROM | Expandable Upto 1 TB16.26 cm (6.4 inch) Full HD+ Display50MP + 12MP + 5MP | 32MP Front Camera5000 mAh BatteryExynos 1380, Octa Core Processor1 Year Manufacturer Warranty for Device and 6 Months Manufacturer Warranty for In-Box Accessories",Android mobile,37499,2.4,326.0,Mid-range
Motorola g64 5G ,12 GB RAM | 256 GB ROM | Expandable Upto 1 TB16.51 cm (6.5 inch) Full HD+ Display50MP (OIS) + 8MP | 16MP Front Camera6000 mAh BatteryDimensity 7025 Processor1 Year on Handset and 6 Months on Accessories,Android mobile,14999,3.2,2018.0,Economic
itel Aura 05i|Leather Finish|4000 Mah Battery|Type C Charging Support ,2 GB RAM | 32 GB ROM | Expandable Upto 128 GB16.76 cm (6.6 inch) HD+ Display5MP + 0.3MP | 2MP Front Camera4000 mAh BatteryUnisoc SC9863A1 Processor1 Year Manufacturer Warranty for Device and 6 Months Manufacturer Warranty for Inbox Accessories,Android mobile,5580,4.5,31.0,Economic
realme C65 5G ,8 GB RAM | 128 GB ROM | Expandable Upto 2 TB16.94 cm (6.67 inch) HD+ Display50MP Rear Camera | 8MP Front Camera5000 mAh BatteryDimensity 6300 Processor1 Year Manufacturer Warranty for Device and 6 Months Manufacturer Warranty for Inbox Accessories,Android mobile,13499,1.5,1.0,Economic
SAMSUNG Galaxy M35 5G ,8 GB RAM | 256 GB ROM16.76 cm (6.6 inch) Display50MP Rear Camera6000 mAh Battery1 YEAR,Android mobile,21281,2.0,7.0,Mid-range
Tecno Spark Go 2024 ,3 GB RAM | 64 GB ROM | Expandable Upto 1 TB16.66 cm (6.56 inch) HD+ Display13MP Rear Camera | 8MP Front Camera5000 mAh BatteryUnisoc T606 ProcessorDomestic Warranty of 12 Months on Phone & 6 Months on Accessories,Android mobile,6699,5.0,16.0,Economic
REDMI Note 13 Pro+ 5G ,12 GB RAM | 256 GB ROM16.94 cm (6.67 inch) Display200MP (OIS) + 8MP + 2MP | 16MP Front Camera5000 mAh BatteryDimensity 7200 Ultra 5G Processor1 Year Manufacturer Warranty for Phone and 6 Months Warranty for In the Box Accessories,Android mobile,25574,2.3,695.0,Mid-range
realme 13 Pro 5G ,8 GB RAM | 256 GB ROM17.02 cm (6.7 inch) Full HD+ Display50MP + 8MP + 2MP | 32MP Front Camera5200 mAh BatterySnapdragon 7s Gen2 Processor1 Year Manufacturer Warranty for Device and 6 Months Manufacturer Warranty for Inbox Accessories,Android mobile,26999,4.8,232.0,Mid-range
Infinix Hot 12 Pro ,6 GB RAM | 64 GB ROM | Expandable Upto 256 GB16.76 cm (6.6 inch) HD+ Display50 MP + Depth Lens | 8MP Front Camera5000 mAh Lithium-ion Polymer BatteryUnisoc T616 Processor1 Year on Handset and 6 Months on Accessories,Android mobile,7149,2.5,711.0,Economic
vivo Y18 ,4 GB RAM | 128 GB ROM | Expandable Upto 1 TB16.66 cm (6.56 inch) Display50MP + 0.08MP | 8MP Front Camera5000 mAh BatteryHelios G85 Processor1 Year Manufacturer Warranty for Device and 6 Months Manufacturer Warranty for Inbox Accessories,Android mobile,9499,2.7,35.0,Economic
vivo V30e ,8 GB RAM | 128 GB ROM17.22 cm (6.78 inch) Full HD+ Display50MP + 8MP | 50MP Front Camera5500 mAh Battery6 Gen 1 Processor1 Year Manufacturer Warranty for Device and 6 Months Manufacturer Warranty for Inbox Accessories,Android mobile,25999,4.6,311.0,Mid-range
realme GT 6T 5G ,8 GB RAM | 256 GB ROM17.22 cm (6.78 inch) Display50MP Rear Camera5500 mAh Battery1 Year,Android mobile,28683,4.9,77.0,Mid-range
Infinix Zero 40 5G ,12 GB RAM | 512 GB ROM17.22 cm (6.78 inch) Full HD+ Display108MP + 50MP + 2MP | 50MP Front Camera5000 mAh Lithium-ion Polymer BatteryDimensity 8200 Ultimate Processor1 Year Warranty on Handset and 6 Months Warranty on Accessories,Android mobile,30999,4.0,39.0,Mid-range
vivo T2x 5G ,6 GB RAM | 128 GB ROM16.71 cm (6.58 inch) Full HD+ Display50MP + 2MP | 8MP Front Camera5000 mAh BatteryMediatek Dimensity 6020 Processor1 Year of Device & 6 Months for Inbox Accessories,Android mobile,18999,3.8,23617.0,Economic
SAMSUNG Galaxy F15 5G ,6 GB RAM | 128 GB ROM | Expandable Upto 1 TB16.51 cm (6.5 inch) Full HD+ Display50MP + 5MP + 2MP | 13MP Front Camera6000 mAh Lithium ion BatteryMediaTek Dimensity 6100+ Processor1 Year Manufacturer Warranty for Device and 6 Months Manufacturer Warranty for In-Box Accessories,Android mobile,14999,2.4,2095.0,Economic
Infinix Note 11 ,4 GB RAM | 64 GB ROM | Expandable Upto 512 GB17.02 cm (6.7 inch) Full HD+ AMOLED Display50 MP + 2 MP + AI Lens | 16MP Front Camera5000 mAh Li-ion Polymer BatteryMediatek Helio G88 Processor1 Year on Handset and 6 Months on Accessories,Android mobile,8124,2.9,4630.0,Economic
itel A50C ,2 GB RAM | 32 GB ROM16.94 cm (6.67 inch) Display8MP Rear Camera4000 mAh Battery1 year manufacturer warranty,Android mobile,6199,3.9,1.0,Economic
REDMI A3X ,3 GB RAM | 64 GB ROM | Expandable Upto 1 TB17.04 cm (6.71 inch) HD+ Display8MP Rear Camera | 5MP Front Camera5000 mAh Battery1 Year Manufacturer Warranty for Phone and 6 Months Warranty for In the Box Accessories,Android mobile,6999,4.4,27.0,Economic
Nothing Phone ,12 GB RAM | 512 GB ROM17.02 cm (6.7 inch) Full HD+ Display50 MP(OIS) +50MP | 32MP Front Camera4700 mAh Lithium ion BatteryQualcomm Snapdragon 8+ Gen 1 ProcessorLTPO AMOLED (1 Hz - 120 Hz)1 Year Manufacturing Warranty,Android mobile,38999,4.5,2226.0,Mid-range
realme P1 5G ,6 GB RAM | 128 GB ROM | Expandable Upto 2 TB16.94 cm (6.67 inch) Full HD+ Display50MP + 2MP | 16MP Front Camera5000 mAh BatteryDimensity 7050 Processor1 Year Manufacturer Warranty for Device and 6 Months Manufacturer Warranty for Inbox Accessories,Android mobile,13999,1.2,2631.0,Economic
vivo Y28s 5G ,6 GB RAM | 128 GB ROM | Expandable Upto 1 TB16.66 cm (6.56 inch) Full HD+ Display50MP + 0.08MP | 8MP Front Camera5000 mAh BatteryDimensity 6300 Processor1 Year Manufacturer Warranty for Device and 6 Months Manufacturer Warranty for Inbox Accessories,Android mobile,14999,4.9,8.0,Economic
OnePlus Nord CE3 5G ,8 GB RAM | 128 GB ROM17.02 cm (6.7 inch) Display50MP Rear Camera | 16MP Front Camera5000 mAh BatteryDomestic 1 Year of Device & 6 Months for In-Box Accessories,Android mobile,19649,1.2,862.0,Mid-range
vivo Y28s 5G ,8 GB RAM | 128 GB ROM | Expandable Upto 1 TB16.66 cm (6.56 inch) Display50MP + 0.08MP | 8MP Front Camera5000 mAh BatteryDimensity 6300 Processor1 Year Manufacturer Warranty for Device and 6 Months Manufacturer Warranty for Inbox Accessories,Android mobile,16499,1.8,2.0,Economic
vivo Y58 5G ,8 GB RAM | 128 GB ROM | Expandable Upto 1 TB17.07 cm (6.72 inch) Display50MP + 2MP | 8MP Front Camera6000 mAh Battery4 Gen 2 Processor1 Year Manufacturer Warranty for Device and 6 Months Manufacturer Warranty for Inbox Accessories,Android mobile,18286,1.2,11.0,Economic
LAVA Blaze 2 5G with Dual Sim|50MP Rear Camera|5000 mAh Battery|Expandable Upto 1 TB ,6 GB RAM | 128 GB ROM16.66 cm (6.56 inch) Full HD+ Display50MP Rear Camera5000 mAh Battery1 Year Handset Warranty and 6 Months Warranty on Accessories,Android mobile,10399,2.4,66.0,Economic
vivo Y58 5G ,8 GB RAM | 128 GB ROM | Expandable Upto 1 TB17.07 cm (6.72 inch) Display50MP + 2MP | 8MP Front Camera6000 mAh Battery4 Gen 2 Processor1 Year Manufacturer Warranty for Device and 6 Months Manufacturer Warranty for Inbox Accessories,Android mobile,18328,3.7,11.0,Economic
realme 13 5G ,8 GB RAM | 128 GB ROM | Expandable Upto 2 TB17.07 cm (6.72 inch) Full HD+ Display50MP + 2MP | 16MP Front Camera5000 mAh BatteryDimensity 6300 Processor1 Year Manufacturer Warranty for Device and 6 Months Manufacturer Warranty for Inbox Accessories,Android mobile,17999,1.9,21.0,Economic
OPPO F27 5G ,8 GB RAM | 128 GB ROM | Expandable Upto 2 TB16.94 cm (6.67 inch) Full HD+ Display50MP + 2MP | 32MP Front Camera5000 mAh BatteryDimensity 6300 Processor1 Year Manufacturer Warranty for Device and 6 Months Manufacturer Warranty for Inbox Accessories,Android mobile,20999,2.5,20.0,Mid-range
Tecno Pova 5 Pro 5G ,8 GB RAM | 256 GB ROM | Expandable Upto 1 TB17.22 cm (6.78 inch) Full HD+ Display50MP + 0.08MP | 16MP Front Camera5000 mAh BatteryMediaTek Dimensity 6080 ProcessorDomestic Warranty of 12 Months on Phone & 6 Months on Accessories,Android mobile,15990,4.7,154.0,Economic
vivo Y75 ,8 GB RAM | 128 GB ROM | Expandable Upto 1 TB16.36 cm (6.44 inch) Full HD+ AMOLED Display50MP + 8MP + 2MP | 44MP Front Camera4050 mAh Lithium BatteryMediatek G96 Processor1 Year on Handset and 6 Months on Accessories,Android mobile,19990,2.1,237.0,Economic
vivo V30 5G ,12 GB RAM | 256 GB ROM17.22 cm (6.78 inch) Full HD+ Display50MP + 50MP | 50MP Front Camera5000 mAh Battery7 Gen 3 Processor1 Year Manufacturer Warranty for Device and 6 Months Manufacturer Warranty for Inbox Accessories,Android mobile,35999,1.6,91.0,Mid-range
OnePlus Nord CE 3 Lite 5G ,8 GB RAM | 256 GB ROM17.07 cm (6.72 inch) Display108MP Rear Camera5000 mAh BatteryDomestic Warranty of 12 months on phone & 6 months on accessories,Android mobile,18489,4.1,6406.0,Economic
Tecno Spark 10 5G ,8 GB RAM | 128 GB ROM16.76 cm (6.6 inch) Display50MP Rear Camera5000 mAh BatteryDomestic Warranty 1 Year For Handset And 6 Month For Accessories.,Android mobile,11499,2.3,19.0,Economic
REDMI 13C ,6 GB RAM | 128 GB ROM | Expandable Upto 1 TB17.12 cm (6.74 inch) HD+ Display50MP Rear Camera | 8MP Front Camera5000 mAh BatteryHelio G85 Processor1 Year Manufacturer Warranty for Phone and 6 Months Warranty for In the Box Accessories,Android mobile,10699,2.5,717.0,Economic
realme GT Neo 3T ,6 GB RAM | 128 GB ROM16.81 cm (6.62 inch) Full HD+ AMOLED Display64MP + 8MP + 2MP | 16MP Front Camera5000 mAh Lithium Ion BatteryQualcomm Snapdragon 870 Processor1 Year Manufacturer Warranty for Phone and 6 Months Warranty for In-Box Accessories,Android mobile,20999,3.5,2345.0,Mid-range
IQOO Z9s Pro 5G ,8 GB RAM | 256 GB ROM17.2 cm (6.77 inch) Display50MP Rear Camera5500 mAh Battery1 Year on Handset and 6 Months on Accessories,Android mobile,30000,2.9,13.0,Mid-range
Infinix Zero 30 5G ,12 GB RAM | 256 GB ROM17.22 cm (6.78 inch) Full HD+ Display108MP (OIS) + 13MP + 2MP | 50MP Front Camera5000 mAh Lithium-ion Polymer BatteryDimensity 8020 Processor1 Year Warranty on the Handset and 6 Months Warranty on the Accessories,Android mobile,22999,3.7,1797.0,Mid-range
vivo Y200 5G ,8 GB RAM | 128 GB ROM16.94 cm (6.67 inch) Full HD+ Display64MP + 2MP | 16MP Front Camera4800 mAh Battery4 Gen 1 Processor1 Year Manufacturer Warranty for Device and 6 Months Manufacturer Warranty for Inbox Accessories,Android mobile,23999,1.7,204.0,Mid-range
realme Narzo N53 ,8 GB RAM | 128 GB ROM17.12 cm (6.74 inch) Display50MP Rear Camera5000 mAh BatteryDomestic 1 Year on Handset and 6 Months on Accessories,Android mobile,12939,3.5,100.0,Economic
Apple iPhone 15 Pro ,"256 GB ROM15.49 cm (6.1 inch) Super Retina XDR Display48MP + 12MP + 12MP | 12MP Front CameraA17 Pro Chip, 6 Core Processor Processor1 Year Warranty for Phone and 6 Months Warranty for In-Box Accessories",iPhone,115999,1.9,109.0,Premium
Apple iPhone 14 Pro Max ,"512 GB ROM17.02 cm (6.7 inch) Super Retina XDR Display48MP + 12MP + 12MP | 12MP Front CameraA16 Bionic Chip, 6 Core Processor Processor1 Year Warranty for Phone and 6 Months Warranty for In-Box Accessories",iPhone,164900,3.9,170.0,Premium
Apple iPhone 13 ,512 GB ROM15.49 cm (6.1 inch) Super Retina XDR Display12MP + 12MP | 12MP Front CameraA15 Bionic Chip ProcessorBrand Warranty for 1 Year,iPhone,79900,4.7,13737.0,Premium
Apple iPhone 14 ,"512 GB ROM15.49 cm (6.1 inch) Super Retina XDR Display12MP + 12MP | 12MP Front CameraA15 Bionic Chip, 6 Core Processor Processor1 Year Warranty for Phone and 6 Months Warranty for In-Box Accessories",iPhone,66999,5.0,11648.0,Premium
Apple iPhone XR ,128 GB ROM15.49 cm (6.1 inch) Display12MP Rear Camera | 7MP Front CameraA12 Bionic Chip ProcessoriOS 13 CompatibleBrand Warranty of 1 Year,iPhone,52900,2.4,8489.0,Premium
Apple iPhone 15 Pro Max ,"256 GB ROM17.02 cm (6.7 inch) Super Retina XDR Display48MP + 12MP + 12MP | 12MP Front CameraA17 Pro Chip, 6 Core Processor Processor1 Year Warranty for Phone and 6 Months Warranty for In-Box Accessories",iPhone,125999,4.8,111.0,Premium
Apple iPhone 12 Pro ,"256 GB ROM15.49 cm (6.1 inch) Super Retina XDR Display12MP + 12MP + 12MP | 12MP Front CameraA14 Bionic Chip with Next Generation Neural Engine ProcessorCeramic Shield | Industry-leading IP68 Water ResistanceAll Screen OLED DisplayLiDAR Scanner for Improved AR Experiences, Night Mode PortraitsBrand Warranty for 1 Year",iPhone,119900,1.0,99.0,Premium
Apple IPhone 4 ,8 GB ROM8.89 cm (3.5 inch) NA Display5MP Rear Camera | 0.3MP Front Camera1 Year Manufacturer Warranty,iPhone,22900,4.5,183.0,Mid-range
Apple iPhone XS ,256 GB ROM14.73 cm (5.8 inch) Super Retina HD Display12MP + 12MP | 7MP Front CameraA12 Bionic Chip Processor1 Year Limited Warranty for Products and Accessories,iPhone,103900,4.2,865.0,Premium
Apple iPhone 12 mini ,"256 GB ROM13.72 cm (5.4 inch) Super Retina XDR Display12MP + 12MP | 12MP Front CameraA14 Bionic Chip with Next Generation Neural Engine ProcessorCeramic ShieldIndustry-leading IP68 Water ResistanceAll Screen OLED Display12MP TrueDepth Front Camera with Night Mode, 4K Dolby Vision HDR RecordingBrand Warranty for 1 Year",iPhone,74900,4.5,10202.0,Premium
Apple iPhone 11 Pro ,512 GB ROM14.73 cm (5.8 inch) Super Retina XDR Display12MP + 12MP + 12MP | 12MP Front CameraA13 Bionic Chip ProcessorBrand Warranty for 1 Year,iPhone,140300,1.9,623.0,Premium
Apple iPhone 15 ,"128 GB ROM15.49 cm (6.1 inch) Super Retina XDR Display48MP + 12MP | 12MP Front CameraA16 Bionic Chip, 6 Core Processor Processor1 Year Warranty for Phone and 6 Months Warranty for In-Box Accessories",iPhone,57999,1.8,5245.0,Premium
Apple iPhone 11 Pro Max ,64 GB ROM16.51 cm (6.5 inch) Super Retina XDR Display12MP + 12MP + 12MP | 12MP Front CameraA13 Bionic Chip ProcessorBrand Warranty for 1 Year,iPhone,117100,1.5,99.0,Premium
Apple iPhone 14 Pro ,"256 GB ROM15.49 cm (6.1 inch) Super Retina XDR Display48MP + 12MP + 12MP | 12MP Front CameraA16 Bionic Chip, 6 Core Processor Processor1 Year Warranty for Phone and 6 Months Warranty for In-Box Accessories",iPhone,129900,1.0,153.0,Premium
Apple iPhone 14 Pro ,"1 TB ROM15.49 cm (6.1 inch) Super Retina XDR Display48MP + 12MP + 12MP | 12MP Front CameraA16 Bionic Chip, 6 Core Processor Processor1 Year Warranty for Phone and 6 Months Warranty for In-Box Accessories",iPhone,169900,2.1,153.0,Premium
Apple iPhone 7 ,32 GB ROM11.94 cm (4.7 inch) Retina HD Display12MP Rear Camera | 7MP Front CameraApple A10 Fusion 64-bit processor and Embedded M10 Motion Co-processoriOS 13 CompatibleBrand Warranty of 1 Year,iPhone,31500,4.9,9140.0,Mid-range
Apple iPhone 13 Pro Max ,128 GB ROM17.02 cm (6.7 inch) Super Retina XDR Display12MP + 12MP + 12MP | 12MP Front CameraA15 Bionic Chip ProcessorBrand Warranty for 1 Year,iPhone,129900,3.8,195.0,Premium
Apple iPhone 5s ,16 GB ROM10.16 cm (4 inch) Retina Display8MP Rear Camera | 1.2MP Front CameraApple A7 64-bit processor and M7 Motion Co-processor1 Year Manufacturer Warranty,iPhone,25000,3.3,7294.0,Economic
Apple iPhone 5C ,8 GB ROM10.16 cm (4 inch) Retina Display8MP Rear Camera | 1.2MP Front CameraA6 Chip Processor1 Year Manufacturer Warranty,iPhone,14999,3.3,265.0,Economic
Apple iPhone 14 ,"512 GB ROM15.49 cm (6.1 inch) Super Retina XDR Display12MP + 12MP | 12MP Front CameraA15 Bionic Chip, 6 Core Processor Processor1 Year Warranty for Phone and 6 Months Warranty for In-Box Accessories",iPhone,66999,3.3,11648.0,Premium
Apple iPhone 13 Pro ,512 GB ROM15.49 cm (6.1 inch) Super Retina XDR Display12MP + 12MP + 12MP | 12MP Front CameraA15 Bionic Chip ProcessorBrand Warranty for 1 Year,iPhone,149900,4.3,127.0,Premium
Apple iPhone 11 Pro ,512 GB ROM14.73 cm (5.8 inch) Super Retina XDR Display12MP + 12MP + 12MP | 12MP Front CameraA13 Bionic Chip ProcessorBrand Warranty for 1 Year,iPhone,140300,1.3,623.0,Premium
Apple iPhone 11 Pro Max ,64 GB ROM16.51 cm (6.5 inch) Super Retina XDR Display12MP + 12MP + 12MP | 12MP Front CameraA13 Bionic Chip ProcessorBrand Warranty for 1 Year,iPhone,117100,4.1,99.0,Premium
Apple iPhone 7 ,32 GB ROM11.94 cm (4.7 inch) Retina HD Display12MP Rear Camera | 7MP Front CameraApple A10 Fusion 64-bit processor and Embedded M10 Motion Co-processoriOS 13 CompatibleBrand Warranty of 1 Year,iPhone,31500,1.4,9140.0,Mid-range
Apple iPhone 16 Pro Max ,"512 GB ROM17.53 cm (6.9 inch) Super Retina XDR Display48MP + 48MP + 12MP | 12MP Front CameraA18 Pro Chip, 6 Core Processor Processor1 Year Warranty for Phone and 6 Months Warranty for In-Box Accessories",iPhone,164900,1.8,6.0,Premium
Apple iPhone XR ,128 GB ROM15.49 cm (6.1 inch) Display12MP Rear Camera | 7MP Front CameraA12 Bionic Chip ProcessoriOS 13 CompatibleBrand Warranty of 1 Year,iPhone,52900,3.9,8489.0,Premium
Apple iPhone 14 Pro Max ,"128 GB ROM17.02 cm (6.7 inch) Super Retina XDR Display48MP + 12MP + 12MP | 12MP Front CameraA16 Bionic Chip, 6 Core Processor Processor1 Year Warranty for Phone and 6 Months Warranty for In-Box Accessories",iPhone,134900,3.1,170.0,Premium
Apple iPhone 13 ,128 GB ROM15.49 cm (6.1 inch) Super Retina XDR Display12MP + 12MP | 12MP Front CameraA15 Bionic Chip ProcessorBrand Warranty for 1 Year,iPhone,49900,3.8,13737.0,Premium
Apple iPhone 16 Pro Max ,"1 TB ROM17.53 cm (6.9 inch) Super Retina XDR Display48MP + 48MP + 12MP | 12MP Front CameraA18 Pro Chip, 6 Core Processor Processor1 Year Warranty for Phone and 6 Months Warranty for In-Box Accessories",iPhone,184900,1.8,6.0,Premium
Apple iPhone 8 ,"256 GB ROM11.94 cm (4.7 inch) Retina HD Display12MP Rear Camera | 7MP Front CameraA11 Bionic Chip with 64-bit Architecture, Neural Engine, Embedded M11 Motion Coprocessor ProcessorBrand Warranty of 1 Year",iPhone,77000,4.6,801.0,Premium
Godrej 30 L Qube Personal Cooling Solution,,Fridge,7679,4.0,541.0,Economic
Haier 190 L Direct Cool Single Door 2 Star Refrigerator with Base Drawer  with Large Storage Space1 Ho...,Normal CompressorBuilt-in Stabilizer1 Year Warranty on Product and 10 Years Warranty on Compressor,Fridge,13490,3.0,490.0,Economic
"SAMSUNG 385 L Frost Free Double Door 2 Star Convertible Refrigerator  with Digital Inverter, Convertib...","Digital Inverter CompressorBuilt-in Stabilizer1 year comprehensive warranty on the product, 20 years on compressor by the brand.",Fridge,44990,1.2,69.0,Mid-range
Haier 602 L Frost Free Side by Side Convertible Refrigerator  with 100% Convertible Fridge SpaceDigita...,Inverter CompressorBuilt-in Stabilizer1 Year on Product and 10 Years on Compressor,Fridge,63490,4.9,162.0,Premium
Whirlpool 235 L Frost Free Triple Door Refrigerator,Reciprocating CompressorBuilt-in Stabilizer1 Year Comprehensive Warranty on Product and  9 Years Warranty on Compressor,Fridge,26290,1.5,4083.0,Mid-range
"LG 655 L Frost Free Side by Side Refrigerator  with Smart Inverter Compressor, Express Freeze & Multi ...",Smart Inverter Compressor1 Year Warranty on Product and 10 Years Warranty on Compressor (T&C),Fridge,72990,1.8,35.0,Premium
SAMSUNG 223 L Direct Cool Single Door 3 Star Refrigerator with Base Drawer  with Digital Inverter,"Digital Inverter CompressorBuilt-in Stabilizer1 year comprehensive warranty on the product, 20 years on compressor by the brand.",Fridge,19190,3.5,1366.0,Economic
Admiral 175 L Direct Cool Single Door 3 Star Refrigerator,Reciprocating CompressorBuilt-in Stabilizer3 Years on Product and 5 Years on Compressor Warranty,Fridge,10790,2.0,8.0,Economic
Whirlpool 207 L Direct Cool Single Door 5 Star Refrigerator,"Reciprocating CompressorBuilt-in Stabilizer1 Year Comprehensive Warranty on Product, 9 Years Warranty on Compressor",Fridge,19690,4.1,1.0,Economic
SAMSUNG 236 L Frost Free Double Door 2 Star Convertible Refrigerator  with Digital Inverter and Displa...,"Digital Inverter CompressorBuilt-in Stabilizer1 year comprehensive warranty on the product, 20 years on compressor by the brand.",Fridge,24990,1.1,1235.0,Mid-range
Admiral 165 L Direct Cool Single Door 2 Star Refrigerator,Reciprocating CompressorBuilt-in Stabilizer3 Years on Product and 5 Years on Compressor Warranty,Fridge,10290,2.3,8.0,Economic
BOSCH 195 L Direct Cool Single Door 4 Star Refrigerator,VarioInverter CompressorBuilt-in Stabilizer1 Year on Product and 10 Years on Compressor from Bosch,Fridge,18900,1.2,0.0,Economic
"IFB 187 L Direct Cool Single Door 3 Star Refrigerator with Base Drawer  with Powered by E-Tech,with Ex...",Reciprocating CompressorBuilt-in Stabilizer1 Year Warranty on Product and 10 Years Warranty on Compressor,Fridge,15590,4.1,6.0,Economic
Whirlpool 230 L Direct Cool Single Door 3 Star Refrigerator,Inverter CompressorBuilt-in Stabilizer1 Year Warranty on Product and 9 Years Warranty on Compressor,Fridge,17990,2.6,450.0,Economic
"IFB 206 L Direct Cool Single Door 4 Star Refrigerator  with Advanced Inverter Compressor, Converti-Coo...",Reciprocating CompressorBuilt-in Stabilizer1 Year Warranty on Product and 10 Years Warranty on Compressor,Fridge,17990,2.2,0.0,Economic
Whirlpool 192 L Direct Cool Single Door 3 Star Refrigerator,Non Inverter CompressorBuilt-in Stabilizer1 Year on Product and 10 Years on Compressor from Whirlpool,Fridge,14490,1.3,0.0,Economic
SAMSUNG 246 L Direct Cool Single Door 3 Star Refrigerator,Digital Inverter CompressorBuilt-in Stabilizer1 Year Comprehensive Warranty on Product and 10 Years Warranty on Compressor,Fridge,25000,3.8,0.0,Mid-range
Whirlpool 285 L Frost Free Double Door 2 Star Convertible Refrigerator,Inverter CompressorBuilt-in Stabilizer1 Year Warranty on Product and 9 Years Warranty on Compressor,Fridge,31490,4.6,2.0,Mid-range
SAMSUNG 183 L Direct Cool Single Door 1 Star Refrigerator,Digital Inverter CompressorBuilt-in Stabilizer1 Year Comprehensive Warranty on Product and 20 Years Warranty on Compressor,Fridge,15000,3.8,1.0,Economic
Liebherr 310 L Frost Free Double Door 2 Star Refrigerator,"NextGen 8 Step Inverter CompressorBuilt-in Stabilizer1-year comprehensive warranty (additional 2 years warranty upon registration completed within 15 days of purchase) and 10 Years Warranty on Compressor. Registration can be done via the QR Code on the product or by contacting our customer care team via email.
Offer Period: 13 Oct'2023-31 Dec' 2023",Fridge,45990,2.6,0.0,Mid-range
Whirlpool 308 L Frost Free Double Door 3 Star Refrigerator,Reciprocating CompressorBuilt-in Stabilizer1 Year Warranty on Product and 10 Years Warranty on Compressor,Fridge,32490,4.2,60.0,Mid-range
Panasonic 279 L Frost Free Double Door 3 Star Refrigerator  with 6-Stage Smart Inverter Jumbo Vegetabl...,Inverter CompressorBuilt-in Stabilizer1 Year Comprehensive Warranty on Product and 10 Years on Compressor,Fridge,29990,1.8,65.0,Mid-range
SAMSUNG 183 L Direct Cool Single Door 4 Star Refrigerator with Base Drawer  with Digital Inverter,"Digital Inverter CompressorBuilt-in Stabilizer1 year comprehensive warranty on the product, 20 years on compressor by the brand.",Fridge,16190,3.1,3405.0,Economic
Godrej 265 L Frost Free Double Door 3 Star Convertible Refrigerator,Inverter compressorBuilt-in Stabilizer1 Year Warranty on Product and 10 Years on Compressor from Godrej,Fridge,24790,2.7,107.0,Mid-range
Whirlpool 192 L Direct Cool Single Door 4 Star Refrigerator with Base Drawer,Inverter Compressor1 Year Comprehensive Warranty on Product and 9 Years Warranty on Compressor,Fridge,16650,4.8,1.0,Economic
Haier 240 L Frost Free Double Door Top Mount 3 Star Convertible Refrigerator  with Convertible 5 in 1T...,Normal CompressorBuilt-in Stabilizer1 Year Warranty on Product and 10 Years Warranty on Compressor,Fridge,24790,4.8,205.0,Mid-range
Liebherr 240 L Frost Free Double Door 2 Star Refrigerator,"NextGen 8 Step Inverter CompressorBuilt-in Stabilizer1-year comprehensive warranty (additional 2 years warranty upon registration completed within 15 days of purchase) and 10 Years Warranty on Compressor. Registration can be done via the QR Code on the product or by contacting our customer care team via email.
Offer Period: 13 Oct'2023-31 Dec' 2023",Fridge,23990,2.4,0.0,Mid-range
Haier 190 L Direct Cool Single Door 2 Star Refrigerator,Normal CompressorBuilt-in Stabilizer1 Year Comprehensive Warranty on the Product and 10 Years Warranty on Compressor,Fridge,12544,5.0,0.0,Economic
Whirlpool 215 L Frost Free Triple Door Refrigerator,Reciprocating CompressorBuilt-in Stabilizer1 Year on Product and 10 Years on Compressor From Whirlpool,Fridge,25390,1.3,4083.0,Mid-range
Whirlpool 192 L Direct Cool Single Door 3 Star Refrigerator with Base Drawer,Inverter CompressorBuilt-in Stabilizer1 Year on Product and 10 Years on Compressor from Whirlpool,Fridge,15690,1.5,0.0,Economic
Whirlpool 327 L Frost Free Double Door 2 Star Convertible Refrigerator  with 10-in-1 Convertible Modes,Inverter CompressorBuilt-in Stabilizer1 Year Warranty on Product and 9 Years Warranty on Compressor,Fridge,34499,4.2,20.0,Mid-range
Midea 482 L Frost Free Side by Side Refrigerator,Inverter CompressorBuilt-in Stabilizer1 Year Warranty on Product and 10 Years on Compressor,Fridge,38990,4.9,43.0,Mid-range
Whirlpool 235 L Frost Free Double Door 2 Star Convertible Refrigerator,"Inverter CompressorBuilt-in Stabilizer1 Year Comprehensive Warranty on the Product, 10 Years Warranty on Compressor",Fridge,22399,4.0,0.0,Mid-range
Liebherr 205 L Direct Cool Single Door 4 Star Refrigerator,"ReciprocatingBuilt-in Stabilizer1-year comprehensive warranty (additional 2 years warranty upon registration completed within 15 days of purchase) and 10 Years Warranty on Compressor. Registration can be done via the QR Code on the product or by contacting our customer care team via email.
Offer Period: 13 Oct'2023-31 Dec' 2023",Fridge,16990,4.4,19.0,Economic
Haier 375 L Frost Free Double Door Top Mount 3 Star Refrigerator,InverterBuilt-in Stabilizer1 Year Warranty on Product and 10 Years Warranty on Compressor,Fridge,39990,2.0,9.0,Mid-range
Whirlpool 192 L Direct Cool Single Door 3 Star Refrigerator with Base Drawer,Normal CompressorBuilt-in Stabilizer1 Year Comprehensive Warranty on Product and 9 Years Additional Warranty on Compressor,Fridge,15888,1.9,0.0,Economic
Haier 190 L Direct Cool Single Door 3 Star Refrigerator,Normal CompressorBuilt-in Stabilizer1 Year Comprehensive Warranty on the Product and 10 Years Warranty on Compressor,Fridge,16018,3.9,0.0,Economic
Godrej 253 L Frost Free Double Door 2 Star Refrigerator,Inverter CompressorBuilt-in Stabilizer1 Year Comprehensive Warranty on Product and 10 Years Warranty on Compressor,Fridge,24599,4.8,881.0,Mid-range
Godrej 192 L Direct Cool Single Door 3 Star Refrigerator,"Fixed Speed Compressor1 Year Comprehensive Warrantyon Product, 10 Year Warranty on Compressor",Fridge,18490,3.8,4.0,Economic
SAMSUNG 189 L Direct Cool Single Door 5 Star Refrigerator,Digital Inverter CompressorBuilt-in Stabilizer1 Year Comprehensive Warranty on Product and 20 Years Warranty on Compressor,Fridge,21490,1.5,2.0,Mid-range
Haier 215 L Direct Cool Single Door 3 Star Refrigerator with Base Drawer,Digital InverterBuilt-in Stabilizer1 Years Manufacturer Warranty,Fridge,22300,1.3,3.0,Mid-range
Hitachi 565 L Frost Free Double Door 3 Star Refrigerator,Inverter CompressorBuilt-in Stabilizer1 Year Warranty on Product and 10 Years Warranty on Compressor from Hitachi,Fridge,73190,1.7,7.0,Premium
SAMSUNG 189 L Frost Free Single Door 5 Star Refrigerator,Digital Inverter CompressorBuilt-in Stabilizer1 Year Comprehensive Warranty on Product and 20 Years Warranty on Compressor,Fridge,17700,4.7,3.0,Economic
Haier 190 L Direct Cool Single Door 2 Star Refrigerator,NormalBuilt-in Stabilizer1 Years Manufacturer Warranty,Fridge,18990,2.9,0.0,Economic
LG 437 L Frost Free Double Door 2 Star Convertible Refrigerator,Smart Inverter CompressorBuilt-in Stabilizer1 Year on Product and 10 Years on Compressor From LG,Fridge,49990,2.9,4.0,Mid-range
SAMSUNG 198 L Direct Cool Single Door 4 Star Refrigerator with Base Drawer,"Digital Inverter CompressorBuilt-in Stabilizer1 year comprehensive warranty on product, 20 years on compressor, For all Refrigerators with Digital Inverter Compressors, sold on or after 1st Dec 2022 (All Refrigerator apart from Non-Digital Inverter Technology Direct Cool Models) the Warranty period on the Digital Inverter Compressor shall be revised from 10 years to 20 years.",Fridge,16990,3.8,2209.0,Economic
Lloyd by Havells 190 L Direct Cool Single Door 4 Star Refrigerator with Base Drawer,Fixed speedBuilt-in Stabilizer1 Year on Product and 10 Years on Compressor From Lloyd,Fridge,23990,1.5,488.0,Mid-range
Voltas Beko by A Tata Product 634 L Frost Free Side by Side Refrigerator,Pro Smart Inverter CompressorBuilt-in Stabilizer2 Years Comprehensive Warranty on Product and 12 Years Warranty on Compressor,Fridge,124990,4.3,1.0,Premium
LG 694 L Frost Free Side by Side Inverter Technology Star Refrigerator,Smart Inverter CompressorBuilt-in Stabilizer1 Year Warranty on Product and 10 Years Warranty on Compressor From LG,Fridge,99990,3.1,0.0,Premium
Electrolux 545 L Frost Free Side by Side Refrigerator  with Inverter with TasteLock Technology Ultimat...,Inverter1 Year Standard Warranty on Product and 9 Years Additional Warranty on Compressor (Refrigerant or Gas is Chargeable),Fridge,85990,2.7,0.0,Premium
Godrej 192 L Direct Cool Single Door 3 Star Refrigerator,"Fixed Speed Compressor1 Year Comprehensive Warrantyon Product, 10 Year Warranty on Compressor",Fridge,18490,2.6,4.0,Economic
"LG 655 L Frost Free Side by Side Refrigerator  with Smart Inverter Compressor, AI ThinQ (Wi-Fi), Door ...",Smart Inverter CompressorBuilt-in Stabilizer1 Year Warranty on Product and 10 Years on Compressor From LG,Fridge,84990,2.9,0.0,Premium
TOSHIBA 252 L Frost Free Double Door 2 Star Refrigerator,DC Inverter CompressorBuilt-in Stabilizer1 Year on Product and 10 Years on Compressor from Toshiba,Fridge,24499,4.4,0.0,Mid-range
IFB 265 L Frost Free Double Door 2 Star Refrigerator,"Inverter CompressorBuilt-in Stabilizer1 Year Comprehensive Warranty on the Product, 10 Years Warranty on Compressor",Fridge,27800,1.4,0.0,Mid-range
Godrej 180 L Direct Cool Single Door 4 Star Refrigerator with Base Drawer  with Faster Bottle Cooling ...,Fixed speed compressorBuilt-in Stabilizer1 Year Comprehensive Warranty on Product and 10 Years Warranty on Compressor,Fridge,15190,2.2,203.0,Economic
Whirlpool 192 L Direct Cool Single Door 3 Star Refrigerator  with Auto Defrost,Inverter CompressorBuilt-in Stabilizer1 Year Comprehensive Warranty on Product and 9 Years Warranty on Compressor,Fridge,18999,4.9,6.0,Economic
Lloyd by Havells 240 L Frost Free Double Door 2 Star Refrigerator,Reciprocating CompressorBuilt-in Stabilizer1 Year Warranty on product and 9 year warranty on Compressor,Fridge,27990,1.6,0.0,Mid-range
Voltas Beko by A Tata Product 185 L Direct Cool Single Door 3 Star Refrigerator,Reciprocating CompressorBuilt-in Stabilizer2 year comprehensive + additional 08 year on compressor,Fridge,23190,5.0,0.0,Mid-range
Voltas Beko by A Tata Product 245 L Direct Cool Single Door 3 Star Refrigerator,Reciprocating CompressorBuilt-in Stabilizer2 Years Comprehensive Warranty on Product and Additional 10 Years Warranty on Compressor,Fridge,29999,2.5,132.0,Mid-range
SAMSUNG 415 L Frost Free Double Door 2 Star Refrigerator,Digital Inverter CompressorBuilt-in Stabilizer1 Year Comprehensive Warranty on Product and 10 Years Warrranty on Compressor,Fridge,44990,2.2,922.0,Mid-range
LG 185 L Direct Cool Single Door 2 Star Refrigerator,Reciprocating CompressorBuilt-in Stabilizer1 Year Warranty on Product and 10 Years Warranty on Compressor from LG,Fridge,13490,3.4,781.0,Economic
SAMSUNG 236 L Frost Free Double Door 2 Star Refrigerator,Digital Inverter CompressorBuilt-in Stabilizer1 Year Comprehensive Warranty on Product and 20 Years Warranty on Compressor,Fridge,29000,3.4,2.0,Mid-range
Mr.SHOT 1 L Instant Water Geyser ,Instant Geyser1 LOne Year Spare Replacement Warranty is available for this Model from the date of purchase If any Manufacturing defect.fOR ANY QUERY YOU CAN connect with us on 9364153797,geyser,1595,3.7,46.0,Economic
Crompton 10 L Storage Water Geyser ,"Storage Geyser10 LTank: 7 years, Heating Element: 2 years, Product: 2 years",geyser,6449,4.9,1414.0,Economic
Racold 10 L Storage Water Geyser with Flexi Pipe and Free Installation ,"Storage Geyser10 L2 Years on Product, 3 Years on Heating Element and 7 Years on Tank",geyser,7599,1.9,183.0,Economic
Crompton 5 L Instant Water Geyser ,"Instant Geyser5 LTank: 5 years, Heating Element: 2 years, Product: 2 years",geyser,3599,3.3,22.0,Economic
AO Smith 15 L Storage Water Geyser ,"Storage Geyser15 LComprehensive-2 Years, Heating Element-2+2* Years, Tank-7 Years",geyser,9199,1.9,7.0,Economic
Racold 10 L Storage Water Geyser ,Storage Geyser10 L7 years inner tank || 4 years element || 2 years product,geyser,9895,4.1,0.0,Economic
Racold 25 L Storage Water Geyser ,"Storage Geyser25 L2 Years on Product, 4 Years on Heating Element and 7 Years on Tank",geyser,12499,2.9,31.0,Economic
AO Smith 15 L Storage Water Geyser ,"Storage Geyser15 L7 Years Warranty on Tank, 3 Years Extended Warranty, 2 Years Comprehensive Warranty",geyser,6799,4.6,962.0,Economic
Orient Electric 25 L Storage Water Geyser ,Storage Geyser25 L2 Years Domestic Warranty on Product,geyser,5199,2.7,1502.0,Economic
Relaxo 15 L Storage Water Geyser ,Storage Geyser15 L24 Months  Limited Domestic Warranty,geyser,3149,2.8,47.0,Economic
Hindware Smart Appliances 15 L Storage Water Geyser ,Storage Geyser15 L2 years comprehensive warranty,geyser,4699,4.7,1628.0,Economic
AO Smith 15 L Storage Water Geyser ,"Storage Geyser15 L7 Years Warranty on Tank, 4 Years Extended Warranty, 2 Years Comprehensive Warranty",geyser,11699,3.6,37.0,Economic
RR 15 L Storage Water Geyser ,"Storage Geyser15 L2 Year on Product, 3 Year on Heating Element, 5 Year on Tank",geyser,5099,4.3,2.0,Economic
Orient Electric 3 L Instant Water Geyser ,"Instant Geyser3 L2 Years Domestic Warranty on Product, 2 Years on Heating Element and 5 Years on Inner Tank",geyser,2399,4.0,321.0,Economic
Capital 1 L Instant Water Geyser ,Instant Geyser1 Lna,geyser,1199,1.4,605.0,Economic
CG 6 L Storage Water Geyser ,Storage Geyser6 L5 Year Inner Tank Warranty 2 Year Product Warranty,geyser,4269,4.3,38.0,Economic
ACTIVA 10 L Instant Water Geyser ,Instant Geyser10 L2 YEAR ON INNER TANK 1 YEAR ON COMPONENT,geyser,3299,1.5,357.0,Economic
SURYA 6.5 L Gas Water Geyser ,Gas Geyser6.5 L1 Year warranty other than Breakage,geyser,5229,2.3,8.0,Economic
Crompton 15 L Storage Water Geyser ,"Storage Geyser15 L7 Years Inner Tank, 3 Years Element, 2 Years Product",geyser,8499,2.2,8.0,Economic
DIGISMART 1 L Instant Water Geyser ,Instant Geyser1 L1 Year Manufacturer Warranty,geyser,1399,2.8,85.0,Economic
GESTOR 25 L Storage Water Geyser ,Storage Geyser25 L1 Year Limited Domestic Brand Warranty on Product & 5 Years on Inner Tank/Container.,geyser,3790,4.6,325.0,Economic
GESTOR 15 L Storage Water Geyser ,Storage Geyser15 L1 Year Limited Domestic Brand Warranty on Product & 5 Years on Inner Tank/Container.,geyser,3590,3.8,325.0,Economic
V-Guard 10 L Storage Water Geyser with Free Installation & Flexi Pipes ,"Storage Geyser10 L2 Year on Product, 4 Year on Heating Element, 7 Year on Inner Tank",geyser,8549,2.0,29.0,Economic
HAVELLS 50 L Storage Water Geyser ,Storage Geyser50 L7 year warranty on inner container Tank ; 4 year warranty on heating element ; 2 year comprehensive Warranty on All Product.,geyser,16999,4.3,140.0,Economic
USHA 25 L Storage Water Geyser ,"Storage Geyser25 L2 Years on Product, 3 Years on Heating Element and 8 Years on Tank",geyser,9650,1.3,24.0,Economic
Amplesta 25 L Storage Water Geyser ,"Storage Geyser25 L5 Years on Tank, 2 Years on Heating Element and 2 Years on Product",geyser,4999,2.0,123.0,Economic
HAVELLS 3 L Instant Water Geyser ,"Instant Geyser3 L5 YEAR ON INNER CONTAINER , 2 YEAR COMPREHENSIVE WARRUNTY",geyser,3499,1.2,0.0,Economic
Hindware 5 L Instant Water Geyser ,"Instant Geyser5 L2 Years Overall, 2 Years on Heating Element, 5 Years on Tank",geyser,2799,3.2,0.0,Economic
Racold 6 L Gas Water Geyser ,Gas Geyser6 L2 year  Warranty,geyser,6149,1.3,19.0,Economic
V-Guard 25 L Storage Water Geyser with Free Installation & Flexi Pipes ,"Storage Geyser25 L2 Year (Product), 3 Year (Heating Element) & 7 Year (Inner Tank)",geyser,9099,3.1,6.0,Economic
BAJAJ 6 L Storage Water Geyser ,Storage Geyser6 L2 Year Manufacturer Warranty,geyser,7095,4.6,1.0,Economic
BAJAJ 15 L Storage Water Geyser ,"Storage Geyser15 L2 Year Warranty on Product, 2 year heating element, 5 year on inner tank",geyser,10999,3.2,0.0,Economic
Racold 20 L Storage Water Geyser ,Storage Geyser20 L2 Years on Product,geyser,10799,2.7,11.0,Economic
BAJAJ 25 L Storage Water Geyser ,Storage Geyser25 Lcompany side warranty,geyser,7000,4.2,0.0,Economic
V-Guard 3 L Instant Water Geyser ,Instant Geyser3 L2 Years Manufacturer Warranty,geyser,3540,4.7,13.0,Economic
Crompton 25 L Storage Water Geyser ,"Storage Geyser25 LTank: 7 years, Heating Element: 3 years, Product: 2 years",geyser,9789,1.7,160.0,Economic
HAVELLS 10 L Storage Water Geyser ,Storage Geyser10 LNa,geyser,7680,2.7,3.0,Economic
ACTIVA 15 L Storage Water Geyser ,"Storage Geyser15 L5 Year Warranty On Inner Tank, 1 Year On Components",geyser,4299,2.6,38.0,Economic
Venus 6 L Storage Water Geyser ,"Storage Geyser6 LGuarantee -7 Years on Inner Tank, 3 Years on Heating Element & 2 Years on Product",geyser,5957,4.6,43.0,Economic
Singer 15 L Storage Water Geyser ,Storage Geyser15 LNA,geyser,5479,3.9,0.0,Economic
Paragon 2 L Instant Water Geyser ,Instant Geyser2 L2 Years Replacement Warranty on Geyser,geyser,2990,3.5,22.0,Economic
HAVELLS 15 L Storage Water Geyser ,"Storage Geyser15 L7 Years Warranty on Inner Container, 4 Years Warranty on Heating Element, 2 Years Comprehensive Warranty",geyser,11440,3.5,2.0,Economic
Crompton 3 L Instant Water Geyser ,"Instant Geyser3 LTank: 5 years, Heating Element: 2 years, Product: 2 years",geyser,2549,1.0,1.0,Economic
Sansui 15 L Storage Water Geyser ,Storage Geyser15 L2 Years Warranty,geyser,4799,1.2,47.0,Economic
Crompton 6 L Storage Water Geyser ,"Storage Geyser6 L2 Years Warranty on Product, 5 Years on Tank and 5 Years on Heating Element",geyser,6929,3.1,2.0,Economic
Candes 10 L Storage Water Geyser ,"Storage Geyser10 L1 Year Warranty on Components & 4 Years Warranty on Inner Container  including On-Site & Off-Site, Domestic & International Warranty",geyser,3459,4.7,544.0,Economic
Indo 10 L Storage Water Geyser ,Storage Geyser10 LWarranty Against Manufacturing Defencts Only,geyser,4800,2.0,18.0,Economic
GESTOR 25 L Storage Water Geyser ,Storage Geyser25 L1 Year Limited Domestic Brand Warranty on Product & 5 Years on Inner Tank/Container.,geyser,3990,1.2,4.0,Economic
ACTIVA 15 L Storage Water Geyser ,"Storage Geyser15 L5 Year Warranty On Inner Tank, 1 Year On Components",geyser,3399,3.4,2294.0,Economic
FABER 3 L Instant Water Geyser ,"Instant Geyser3 LWarranty: 5 Years on Tank, 3 years on heating element and 2year on product",geyser,2390,3.4,1.0,Economic
Crompton 10 L Storage Water Geyser ,"Storage Geyser10 L2 Years for Geyser, 3 Years for Element, 5 Years for Tank",geyser,6950,2.5,27.0,Economic
BAJAJ 3 L Instant Water Geyser ,Instant Geyser3 LOnsite Warranty,geyser,3695,4.2,25.0,Economic
Racold 15 L Storage Water Geyser with Flexi Pipe and Free Installation ,"Storage Geyser15 L2 Years on Product, 4 Years on Heating Element and 7 Years on Tank",geyser,14299,4.5,0.0,Economic
V-Guard 15 L Storage Water Geyser ,"Storage Geyser15 L2 Year on Product, 3 Year on Heating Element, 7 Year on Inner Tank",geyser,7799,4.0,167.0,Economic
HAVELLS 15 L Storage Water Geyser ,"Storage Geyser15 L7 Years Warranty on Inner Container, 4 Years Warranty on Heating Element, 2 Years Comprehensive Warranty",geyser,10199,5.0,0.0,Economic
GRINISH 1 L Instant Water Geyser ,Instant Geyser1 L1 Year Manufacturer Warranty,geyser,1350,2.0,9.0,Economic
Crompton 10 L Storage Water Geyser ,"Storage Geyser10 LTank: 7 years, Heating Element: 2 years, Product: 2 years",geyser,5435,3.5,1414.0,Economic
V-Guard 10 L Storage Water Geyser ,Storage Geyser10 L2 YEAR ON SITE,geyser,8400,4.8,3.0,Economic
Fantabulous 1 L Instant Water Geyser ,Instant Geyser1 LNA,geyser,897,2.2,26.0,Economic
CSI INTERNATIONAL 1 L Instant Water Geyser ,Instant Geyser1 L1 Year,geyser,1392,2.5,1426.0,Economic
SURYA 10 L Storage Water Geyser ,Storage Geyser10 L7 year inner tank and 2 year electrical component,geyser,5649,1.4,1.0,Economic
BAJAJ 3 L Instant Water Geyser ,Instant Geyser3 L2 YEAR WARRANTY ON PRODUCT 3YEAR WARRANTY ON HEATING ELEMENT 5 YEAR ON INNER TANK,geyser,3299,4.8,4.0,Economic
Racold 50 L Storage Water Geyser ,Storage Geyser50 LInner Tank: 7 years Product: 2 years Heating Element: 3 years,geyser,17499,2.0,0.0,Economic
GRINISHA 1 L Instant Water Geyser ,Instant Geyser1 LNA,geyser,1399,3.4,24.0,Economic
Racold 25 L Storage Water Geyser ,Storage Geyser25 L2 years on product; 4 years on heating element and 7 years on tank,geyser,15990,2.3,0.0,Economic
DIGISMART 3 L Instant Water Geyser ,Instant Geyser3 L1 year warranty,geyser,1699,4.7,85.0,Economic
Racold 15 L Storage Water Geyser ,"Storage Geyser15 L2 Years on Product, 4 Years on Heating Element and 7 Years on Tank",geyser,14499,1.2,31.0,Economic
Paradise 15 L Storage Water Geyser ,Storage Geyser15 LOnly heating element replacement,geyser,3600,3.5,0.0,Economic
HAVELLS 25 L Storage Water Geyser ,Storage Geyser25 L7 year warranty on inner container ; 4 year warranty on heating element ; 2 year comprehensive Warranty,geyser,10999,1.6,140.0,Economic
Acer Aspire Lite AMD Ryzen 7 Octa Core 5700U ,AMD Ryzen 7 Octa Core Processor16 GB DDR4 RAM64 bit Windows 11 Operating System1 TB SSD39.62 cm (15.6 Inch) Display1 Year Onsite Warranty,laptops,37990,3.4,3.0,Mid-range
HP Victus Intel Core i5 12th Gen 12450H ,Intel Core i5 Processor (12th Gen)16 GB DDR4 RAMWindows 11 Operating System512 GB SSD39.62 cm (15.6 inch) Display1 Year Onsite Warranty,laptops,65990,2.9,13.0,Premium
"ASUS Vivobook 15, with Backlit Keyboard, Intel Core i3 12th Gen ",Intel Core i3 Processor (12th Gen)8 GB DDR4 RAMWindows 11 Operating System512 GB SSD39.62 cm (15.6 Inch) Display1-year warranty,laptops,35990,2.2,476.0,Mid-range
Lenovo V15 Series AMD Athlon Dual Core 7120U ,AMD Athlon Dual Core Processor8 GB DDR5 RAMWindows 11 Operating System512 GB SSD39.62 cm (15.6 Inch) Display1 Year Onsite Warranty,laptops,24990,3.2,45.0,Mid-range
Apple MacBook AIR Apple M2 ,"Apple M2 Processor8 GB Unified Memory RAMMac OS Operating System256 GB SSD34.54 cm (13.6 Inch) DisplayBuilt-in Apps: iMovie, Siri, GarageBand, Pages, Numbers, Photos, Keynote, Safari, Mail, FaceTime, Messages, Maps, Stocks, Home, Voice Memos, Notes, Calendar, Contacts, Reminders, Photo Booth, Preview, Books, App Store, Time Machine, TV, Music, Podcasts, Find My, QuickTime Player1 Year Limited WarraÂ­nty",laptops,77990,1.2,691.0,Premium
Acer Aspire 3 Intel Celeron Dual Core N4500 ,Intel Celeron Dual Core Processor8 GB LPDDR4X RAMWindows 11 Operating System512 GB SSD39.62 cm (15.6 Inch) Display1 Year Onsite Warranty,laptops,22990,4.6,45.0,Mid-range
HP 15s Intel Core i3 12th Gen 1215U ,Intel Core i3 Processor (12th Gen)8 GB DDR4 RAMWindows 11 Operating System512 GB SSD100.58 cm (39.6 cm) Display1 Year Onsite Warranty,laptops,35990,2.5,299.0,Mid-range
Acer Predator Helios Neo 16 Intel Core i7 14th Gen 14700HX ,Intel Core i7 Processor (14th Gen)16 GB DDR5 RAMWindows 11 Operating System1 TB SSD40.64 cm (16 Inch) Display1 Year Carry-in Warranty,laptops,119990,2.1,1.0,Premium
MSI Modern 15 Intel Core i5 12th Gen 1235U ,Intel Core i5 Processor (12th Gen)16 GB DDR4 RAMWindows 11 Operating System512 GB SSD39.62 cm (15.6 inch) Display1 Year Onsite Warranty,laptops,41990,4.1,1.0,Mid-range
DELL AMD Ryzen 5 Hexa Core 5500U ,AMD Ryzen 5 Hexa Core Processor8 GB DDR4 RAMWindows 11 Operating System512 GB SSD39.62 cm (15.6 Inch) Display1 Year Onsite Hardware Service,laptops,34990,5.0,7.0,Mid-range
Infinix Y4 Max Series Intel Core i7 13th Gen 1355U ,Intel Core i7 Processor (13th Gen)16 GB LPDDR4X RAMWindows 11 Operating System512 GB SSD40.64 cm (16 inch) DisplayNA1 Year Onsite Warranty,laptops,47990,3.4,0.0,Mid-range
ZEBRONICS Pro Series Z Intel Core i5 12th Gen 1235U ,Intel Core i5 Processor (12th Gen)8 GB DDR4 RAMWindows 11 Operating System512 GB SSD39.62 cm (15.6 inch) Display1 Year Carry-in Warranty,laptops,29990,3.3,94.0,Mid-range
"ASUS Vivobook S 15 OLED Powered, Intel EVO H Series, AI PC Intel Core Ultra 5 125H ",Intel Core Ultra 5 Processor16 GB LPDDR5X RAMWindows 11 Operating System1 TB SSD39.62 cm (15.6 Inch) DisplayMicrosoft Office Home & Student 20211 Year Onsite Warranty,laptops,96990,2.2,4.0,Premium
Infinix Y4 Max Series Intel Core i3 13th Gen 1315U ,Intel Core i3 Processor (13th Gen)8 GB LPDDR4X RAMWindows 11 Operating System512 GB SSD40.64 cm (16 inch) DisplayNA1 Year Onsite Warranty,laptops,29990,2.4,11.0,Mid-range
Acer Aspire 3 Intel Celeron Dual Core N4500 ,Intel Celeron Dual Core Processor8 GB LPDDR4X RAMWindows 11 Operating System512 GB SSD35.56 cm (14 Inch) Display1 Year Carry-in Warranty,laptops,19990,1.8,45.0,Economic
MSI Modern 14 Intel Core i7 12th Gen 1255U ,Intel Core i7 Processor (12th Gen)16 GB DDR4 RAMWindows 11 Operating System512 GB SSD35.56 cm (14 Inch) Display1 Year Onsite Warranty,laptops,47990,1.7,17.0,Mid-range
Acer Nitro V Intel Core i5 14th Gen 14450HX ,Intel Core i5 Processor (14th Gen)16 GB DDR5 RAMWindows 11 Operating System512 GB SSD40.64 cm (16 inch) Display1 Year Carry-in Warranty,laptops,99990,3.8,0.0,Premium
Acer Aspire Lite Intel Core i3 12th Gen 1215U ,Intel Core i3 Processor (12th Gen)16 GB DDR4 RAMWindows 11 Operating System1 TB SSD39.62 cm (15.6 Inch) Display1 Year Onsite Warranty,laptops,36900,1.1,29.0,Mid-range
"ASUS Vivobook 15, with Backlit Keyboard, Intel Core i5 13th Gen 1335U ",Intel Core i5 Processor (13th Gen)8 GB DDR4 RAMWindows 11 Operating System512 GB SSD39.62 cm (15.6 Inch) Display1 Year Onsite Warranty,laptops,47990,4.6,0.0,Mid-range
ASUS Vivobook Intel Core i5 13th Gen 13500H ,Intel Core i5 Processor (13th Gen)16 GB DDR4 RAMWindows 11 Operating System512 GB SSD40.64 cm (16 inch) DisplayMicrosoft Office Home & Student 20211 Year Onsite Warranty,laptops,60990,2.7,10.0,Premium
Acer Aspire 7 Intel Core i5 13th Gen 13420H ,Intel Core i5 Processor (13th Gen)16 GB DDR4 RAMWindows 11 Operating System512 GB SSD39.62 cm (15.6 Inch) Display1 Year Onsite Warranty,laptops,51990,4.8,30.0,Premium
MSI Thin 15 Intel Core i5 13th Gen 13420H ,Intel Core i5 Processor (13th Gen)16 GB DDR4 RAMWindows 11 Operating System512 GB SSD39.62 cm (15.6 Inch) Display2 Year Onsite Warranty,laptops,54990,3.3,1.0,Premium
ASUS Vivobook Go 14 AMD Ryzen 5 Quad Core 7520U ,AMD Ryzen 5 Quad Core Processor8 GB LPDDR5 RAM64 bit Windows 11 Home Operating System512 GB SSD35.56 cm (14 inch) DisplayOffice Home and Student 20211 Year Onsite Warranty,laptops,36990,4.4,4.0,Mid-range
HP Pavilion AMD Ryzen 5 Dual Core 5500U ,AMD Ryzen 5 Dual Core Processor8 GB DDR4 RAMWindows 11 Operating System512 GB SSD39.62 cm (15.6 inch) Display1 Year Onsite Warranty,laptops,47990,2.4,171.0,Mid-range
GIGABYTE Intel Core i7 13th Gen 13700H ,Intel Core i7 Processor (13th Gen)16 GB LPDDR5 RAMWindows 11 Operating System1 TB SSD35.56 cm (14 Inch) Display2 Year Carry-in Warranty,laptops,109990,2.8,0.0,Premium
Ultimus Intel Celeron Dual Core N4020 ,Intel Celeron Dual Core Processor4 GB DDR4 RAMWindows 11 Operating System35.81 cm (14.1 inch) Display1 Year Onsite Warranty,laptops,11990,1.4,297.0,Economic
"ASUS Vivobook 15, with Backlit Keyboard, Intel Core i5 12th Gen 1235U ",Intel Core i5 Processor (12th Gen)16 GB DDR4 RAMWindows 11 Operating System512 GB SSD39.62 cm (15.6 Inch) Display1 Year Onsite warranty,laptops,52990,2.1,3.0,Mid-range
Lenovo IdeaPad Slim 1 AMD Ryzen 3 Quad Core 7320U ,AMD Ryzen 3 Quad Core Processor8 GB LPDDR5 RAMWindows 11 Operating System512 GB SSD39.62 cm (15.6 inch) Display1Yr Warranty and 1 Yr Accidental Damage Protection,laptops,32190,3.8,16.0,Mid-range
ASUS TUF Gaming A15 AMD Ryzen 7 Octa Core 7435HS ,AMD Ryzen 7 Octa Core Processor16 GB DDR5 RAMWindows 11 Operating System512 GB SSD39.62 cm (15.6 Inch) Display1 Year Onsite Warranty,laptops,56990,3.8,0.0,Premium
Lenovo IdeaPad 3 Intel Core i3 12th Gen 1215U ,Intel Core i3 Processor (12th Gen)8 GB DDR4 RAMWindows 11 Operating System512 GB SSD39.62 cm (15.6 Inch) Display1 Year Carry-in Warranty,laptops,34990,1.2,0.0,Mid-range
Lenovo AMD Ryzen 3 Quad Core 7th Gen ,AMD Ryzen 3 Quad Core Processor (7th Gen)16 GB DDR5 RAMWindows 11 Operating System512 GB SSD39.62 cm (15.6 inch) Display1 year Onsite Warrenty,laptops,33990,3.5,0.0,Mid-range
ASUS Vivobook 15 Intel Core i5 13th Gen 1335U ,Intel Core i5 Processor (13th Gen)8 GB DDR4 RAMWindows 11 Operating System512 GB SSD39.62 cm (15.6 Inch) Display1 Year Onsite Warranty,laptops,47990,3.1,0.0,Mid-range
HP 14s Intel Core i3 11th Gen ,Intel Core i3 Processor (11th Gen)8 GB DDR4 RAM64 bit Windows 11 Operating System512 GB SSD35.56 cm (14 Inch) Display1 Year Onsite Warranty,laptops,37890,3.2,69.0,Mid-range
Acer Aspire 3 Backlit Intel Core i3 12th Gen 1215U ,Intel Core i3 Processor (12th Gen)8 GB DDR4 RAM64 bit Windows 11 Operating System256 GB SSD35.56 cm (14 Inch) Display1 Year Domestic Warranty,laptops,25990,3.8,3.0,Mid-range
Lenovo Yoga 7 OLED AMD Ryzen 7 Octa Core 7735U ,AMD Ryzen 7 Octa Core Processor16 GB LPDDR5 RAMWindows 11 Operating System1 TB SSD35.56 cm (14 inch) Touchscreen DisplayOffice Home & Student 20211Yr Warranty + 1 Yr Premium Care and 1 Yr Accidental Damage Protection,laptops,94890,1.4,1.0,Premium
Lenovo IdeaPad Slim 3 Intel Core i5 12th Gen 12450H ,Intel Core i5 Processor (12th Gen)8 GB LPDDR5 RAMWindows 11 Operating System512 GB SSD35.56 cm (14 Inch) Display1Yr Warranty and 1 Yr Accidental Damage Protection,laptops,66090,4.9,32.0,Premium
HP 15s Intel Core i5 12th Gen 1235U ,Intel Core i5 Processor (12th Gen)16 GB DDR4 RAM64 bit Windows 11 Operating System512 GB SSD39.62 cm (15.6 inch) Display1 Year Onsite Warranty,laptops,51990,4.0,36.0,Premium
Lenovo AMD Ryzen 3 Quad Core 7330 U ,AMD Ryzen 3 Quad Core Processor8 GB DDR4 RAMWindows 11 Operating System512 GB SSD39.62 cm (15.6 inch) Display1 Year Warranty,laptops,28990,1.6,0.0,Mid-range
Lenovo IdeaPad Pro 5 2K OLED AI PC Intel Core Ultra 9 185H ,Intel Core Ultra 9 Processor32 GB LPDDR5X RAMWindows 11 Operating System1 TB SSD40.64 cm (16 Inch) Touchscreen Display1Yr Warranty + 1 Yr Premium Care and 1 Yr Accidental Damage Protection,laptops,147190,2.8,10.0,Premium
HP Intel Core i3 12th Gen 1215U ,Intel Core i3 Processor (12th Gen)8 GB DDR4 RAMWindows 11 Operating System512 GB SSD39.62 cm (15.6 Inch) Display1 Year Onsite Warranty,laptops,38990,3.3,0.0,Mid-range
ASUS TUF Gaming A16 Advantage Edition AMD Ryzen 7 Octa Core 7435HS ,AMD Ryzen 7 Octa Core Processor16 GB DDR5 RAMWindows 11 Operating System512 GB SSD40.64 cm (16 inch) Display1 Year Onsite Warranty,laptops,84990,3.2,0.0,Premium
HP Victus 15 AMD Ryzen 5 Hexa Core 5600H ,AMD Ryzen 5 Hexa Core Processor16 GB DDR4 RAMWindows 11 Operating System512 GB SSD38.86 cm (15.3 Inch) Display1 Year Onsite Warranty,laptops,62990,4.2,30.0,Premium
ASUS TUF Gaming F17 Intel Core i5 11th Gen 11260H ,"Intel Core i5 Processor (11th Gen)8 GB DDR4 RAM64 bit Windows 11 Operating System512 GB SSD43.94 cm (17.3 inch) DisplayWindows 11, Microsoft Office H&S 2021, 1 Year McAfee1 Year Onsite Warranty",laptops,49990,1.0,1.0,Mid-range
"ASUS Zenbook S 13 OLED 1 cm Thin & 1 kg Light, Intel EVO Intel Core i5 13th Gen 1335U ",Intel Core i5 Processor (13th Gen)16 GB LPDDR5 RAMWindows 11 Operating System512 GB SSD33.78 cm (13.3 Inch) Display1 Year Onsite Warranty,laptops,85990,1.2,3.0,Premium
Lenovo LOQ Intel Core i5 12th Gen 12450HX ,Intel Core i5 Processor (12th Gen)8 GB DDR5 RAMWindows 11 Operating System512 GB SSD39.62 cm (15.6 Inch) Display1 Year Onsite Warranty,laptops,51990,4.7,0.0,Premium
Lenovo IdeaPad Flex 5 AMD Ryzen 7 Octa Core 7730U ,AMD Ryzen 7 Octa Core Processor16 GB LPDDR4X RAMWindows 11 Operating System512 GB SSD35.56 cm (14 Inch) Touchscreen Display1 Year Onsite Premium Support with 1 Year Onsite Warranty,laptops,69890,3.4,1.0,Premium
Acer Aspire 3 Backlit Intel Core i5 12th Gen 1235U ,Intel Core i5 Processor (12th Gen)16 GB DDR4 RAM64 bit Windows 11 Operating System512 GB SSD35.56 cm (14 Inch) Display1 Year Domestic Warranty,laptops,37990,1.8,54.0,Mid-range
MICROSOFT Surface Pro (11th Edition) AI PC Qualcomm Snapdragon X Plus ,Qualcomm Snapdragon X Plus Processor16 GB LPDDR5X RAMWindows 11 Operating System256 GB SSD33.02 cm (13 Inch) Touchscreen Display1 Year Onsite Warranty,laptops,113990,4.4,0.0,Premium
Lenovo ThinkBook 15 G4 Intel Core i5 12th Gen 1235U ,Intel Core i5 Processor (12th Gen)8 GB DDR4 RAMWindows 11 Operating System512 GB SSD39.62 cm (15.6 Inch) Display1 Year Onsite Warranty,laptops,50190,3.8,16.0,Premium
HP Victus AMD Ryzen 5 Hexa Core 5600H ,"AMD Ryzen 5 Hexa Core Processor8 GB DDR4 RAM64 bit Windows 11 Operating System512 GB SSD39.62 cm (15.6 inch) DisplayMicrosoft Office Home & Student 2021, HP Documentation, HP e-service, HP BIOS recovery, HP SSRM, HP Smart, HP Jumpstarts1 Year Onsite Warranty",laptops,58950,4.6,7.0,Premium
Lenovo Thinkpad E14 G5 Intel Core i5 13th Gen 1335U with 3 year Warranty ,Intel Core i5 Processor (13th Gen)16 GB DDR4 RAM64 bit Windows 11 Operating System512 GB SSD35.56 cm (14 inch) DisplayMS OFFICE3 year Onsite Warranty,laptops,72990,4.4,0.0,Premium
Lenovo LOQ AMD Ryzen 7 Octa Core 7435HS ,AMD Ryzen 7 Octa Core Processor24 GB DDR5 RAMWindows 11 Operating System512 GB SSD39.62 cm (15.6 Inch) Display1Yr Warranty and 1 Yr Accidental Damage Protection,laptops,85490,3.2,37.0,Premium
HP 14s Intel Core i3 11th Gen 1125G4 ,Intel Core i3 Processor (11th Gen)8 GB DDR4 RAM64 bit Windows 11 Operating System256 GB SSD35.56 cm (14 inch) DisplayMicrosoft Office Home & Student 20191 Year Onsite Warranty,laptops,38999,1.4,323.0,Mid-range
Lenovo IdeaPad Slim 3 AMD Ryzen 3 Quad Core 7320U ,AMD Ryzen 3 Quad Core Processor8 GB LPDDR5 RAMWindows 11 Operating System512 GB SSD39.62 cm (15.6 Inch) DisplayMicrosoft Office Home & Student 20211 Year Carry-in Warranty,laptops,31990,1.7,0.0,Mid-range
Lenovo IdeaPad 3 Intel Intel Core i3 11th Gen ,Intel Core i3 Processor (11th Gen)8 GB DDR4 RAMWindows 11 Operating System512 GB SSD39.62 cm (15.6 inch) Display1 YEAR,laptops,33998,4.7,56.0,Mid-range
DELL Inspiron 5430 Intel Core i7 13th Gen 13th Generation IntelÃÂ® CoreÃ¢âÂ¢ i7,"Intel Core i7 Processor (13th Gen)16 GB LPDDR5 RAM64 bit Windows 11 Operating System512 GB SSD35.81 cm (14.1 Inch) DisplayWindows 11, Microsoft Office Home and Student 2021, McAfeeÂ® Multi Device Security 15-month subscription1 Year Onsite Hardware Service",laptops,77890,4.5,1.0,Premium
HP Pavilion Eyesafe Intel Core i5 12th Gen i5,Intel Core i5 Processor (12th Gen)16 GB DDR4 RAM64 bit Windows 11 Operating System512 GB SSD39.62 cm (15.6 Inch) Display1 Year Onsite Warranty,laptops,72499,3.1,30.0,Premium
MSI Commercial 14 H Pro Intel Core i7 13th Gen 13700H ,Intel Core i7 Processor (13th Gen)32 GB DDR4 RAMWindows 11 Operating System1 TB SSD35.56 cm (14 Inch) Display3 Year Carry-in Warranty,laptops,99990,1.5,0.0,Premium
HP Pavilion Plus Intel Core i5 13th Gen 1340P ,Intel Core i5 Processor (13th Gen)16 GB LPDDR5 RAMWindows 11 Operating System512 GB SSD35.56 cm (14 Inch) Display1 Year Onsite Warranty,laptops,80990,2.0,9.0,Premium
DELL G15,Intel Core i7 Processor (13th Gen)16 GB DDR5 RAM64 bit Windows 11 Operating System1 TB SSD39.62 cm (15.6 inch) DisplayNA1 Year Onsite Premium Support,laptops,102900,2.5,0.0,Premium
HP Pavilion AI PC Intel Core Ultra 7 155U ,Intel Core Ultra 7 Processor16 GB LPDDR5X RAMWindows 11 Operating System512 GB SSD40.64 cm (16 Inch) Display1 Year Carry-in Warranty,laptops,85990,4.9,0.0,Premium
Lenovo IdeaPad Gaming 3 Intel Intel Core i5 11th Gen 11300H ,Intel Core i5 Processor (11th Gen)8 GB DDR4 RAM64 bit Windows 10 Operating System512 GB SSD39.62 cm (15.6 inch) Display1 Year Warranty + 1 Year Premium Care + 1 Year ADP,laptops,51500,3.9,15.0,Premium
Thomson NEO Core Series Intel Core i5 12th Gen 1235U ,Intel Core i5 Processor (12th Gen)8 GB LPDDR4 RAMWindows 11 Operating System512 GB SSD39.62 cm (15.6 inch) Display1 Year Onsite warranty,laptops,32990,4.1,6.0,Mid-range
Apple MacBook AIR Apple M2 ,"Apple M2 Processor8 GB Unified Memory RAMMac OS Operating System512 GB SSD34.54 cm (13.6 Inch) DisplayBuilt-in Apps: iMovie, Siri, GarageBand, Pages, Numbers, Photos, Keynote, Safari, Mail, FaceTime, Messages, Maps, Stocks, Home, Voice Memos, Notes, Calendar, Contacts, Reminders, Photo Booth, Preview, Books, App Store, Time Machine, TV, Music, Podcasts, Find My, QuickTime Player1 Year Limited Warranty",laptops,97990,4.5,691.0,Premium
realme TechLife 7 kg,1400 RPM Max Speed5 Star Rating2 Years Comprehensive and 5 Years on Wash Motor,washing machine,7490,2.6,6055.0,Economic
Voltas Beko by A Tata Product 12 kg,"1350 rpm Max Speed5 Star Rating2 Years Comprehensive Warranty on Product, 5 Years Spin Motor Warranty and 10 Years Motor Warranty",washing machine,14990,4.2,444.0,Economic
BOSCH 7 kg,1200 RPM Max Speed5 Star Rating2 Years Warranty on Product and 12 Years Warranty on Wash Motor,washing machine,30990,1.7,71.0,Mid-range
Midea 6.5 kg,1300 RPM Max Speed5 Star Rating2 Years Warranty on Product 5 Years Warranty on Wash Motor,washing machine,6990,3.3,4.0,Economic
IFB 6.5 kg,"1000 rpm Max Speed5 Star RatingWith In-Built Heater4 Years Comprehensive Warranty on Product, 10 Years Warranty on Motor and 10 Years Spares Support",washing machine,23990,1.7,8238.0,Mid-range
Whirlpool 7 kg,1400 rpm Max Speed5 Star Rating4 Years Comprehensive Warranty and 5 Years Warranty on Motor,washing machine,9890,2.4,1340.0,Economic
Voltas Beko by A Tata Product 8 kg,1200 rpm Max Speed5 Star RatingWith In-Built Heater3 Years Comprehensive Warranty on Product and 12 Years Warranty on Motor,washing machine,24990,1.3,34.0,Mid-range
BOSCH 9/6 kg,"1400 RPM Max Speed5 Star RatingWith In-Built Heater2 Years Comprehensive on Product , 12 Years on Motor",washing machine,54990,3.4,3.0,Premium
BOSCH 7 kg,1000 rpm Max Speed5 Star RatingWith In-Built Heater2 Years Comprehensive Warranty on Product and 10 Years Warranty on Motor,washing machine,30490,3.8,38.0,Mid-range
FOXSKY 8.5 kg,1300 rpm Max Speed5 Star Rating2 Years Warranty on Product and 5 Years Warranty on Motor,washing machine,8199,2.8,13.0,Economic
Haier 8 Kg,"1300 rpm Max Speed5 Star Rating2 Years Comprehensive Warranty on Product, 5 Years Warranty on Wash & Spin Motor from Haier",washing machine,11990,3.9,99.0,Economic
Voltas Beko by A Tata Product 14 kg,750 RPM Max Speed5 Star Rating2 Years Comprehensive Warranty and 5 Years on Motor from Lloyd,washing machine,15470,3.6,17.0,Economic
Voltas Beko by A Tata Product 9 kg,1350 rpm Max Speed5 Star Rating2 Year Comprehensive Warranty on Product and 8 Years Warranty on Wash Motor & Additional 3 Year on Spin Motor (2 Years Standard + 3 Years Extended Warranty on Spin Motor),washing machine,12890,2.1,6.0,Economic
IFB 7 kg,"720 RPM Max Speed5 Star Rating4 Years Comprehensive Warranty on Product, 10 Years Warranty on Motor, 10 Years Spares Support",washing machine,17490,4.6,1590.0,Economic
Voltas Beko by A Tata Product 14 kg,"1350 RPM Max Speed5 Star Rating2 Years Comprehensive Warranty on Product, 5 Years Spin Motor Warranty and 10 Years Motor Warranty",washing machine,15800,4.9,17.0,Economic
Thomson 8.5 kg,1400 RPM Max Speed5 Star Rating2 Years Comprehensive Warranty on Product and 5 Years Warranty on Motor,washing machine,9999,1.6,1149.0,Economic
BOSCH 8 kg,1200 rpm Max Speed5 Star RatingWith In-Built Heater2 Years Comprehensive Warranty on Product and 10 Years Warranty on Motor,washing machine,52038,4.5,0.0,Premium
LG 6.5 kg,1000 rpm Max Speed5 Star RatingWith In-Built Heater2 Years Comprehensive and 10 Years on Motor from LG,washing machine,24990,1.3,417.0,Mid-range
SAMSUNG 8 kg,"1400 rpm Max Speed5 Star RatingWith In-Built HeaterWith Wi-Fi Connectivity2 years comprehensive warranty on the product, 20 years warranty on the DIT Motor",washing machine,36990,4.0,1011.0,Mid-range
Whirlpool 6 kg,"1400 rpm Max Speed5 Star Rating2 Years
  Comprehensive Warranty and 5 Years Warranty on Wash Motor and Prime Mover
  from Whirlpool",washing machine,9640,2.8,1795.0,Economic
Haier 10 kg,1300 RPM Max Speed2 Years Comprehensive Warranty and 5 Years Warranty on Motor from Haier,washing machine,16400,3.2,7.0,Economic
LG 7 kg,700 rpm Max Speed5 Star Rating2 Years Comprehensive and 10 Years on Motor from LG,washing machine,25490,1.3,65.0,Mid-range
Godrej 10.5 Kg,1440 rpm Max Speed5 Star Rating2 Years Comprehensive Warranty on Product and 5 Years Warranty on Motor,washing machine,18980,4.1,1.0,Economic
Godrej 6.5 kg,800 rpm Max Speed2 Years comprehensive warranty from Godrej,washing machine,10290,3.9,20.0,Economic
Whirlpool 7.5 kg,740 rpm Max SpeedWith In-Built Heater2 Years Comprehensive Warranty and 10 Years Warranty on Motor and Prime Mover from Whirlpool,washing machine,27570,3.3,129.0,Mid-range
Whirlpool 6.5 kg,740 rpm Max Speed5 Star RatingWith In-Built Heater2 Years Warranty on Product and 10 Years on Motor,washing machine,18490,2.9,153.0,Economic
Godrej 11.5 kg,720 RPM Max Speed5 Star Rating4 Years Complete,washing machine,17949,2.7,0.0,Economic
SAMSUNG 8 kg,"700 rpm Max Speed5 Star Rating2 years comprehensive warranty on the product, 20 years warranty on the DIT Motor",washing machine,19990,1.9,4973.0,Mid-range
ONIDA 8.5 kg,1300 rpm Max Speed5 Star Rating1 Year Warranty on Product and 10 Years Warranty on Wash Motor,washing machine,10890,4.0,925.0,Economic
Haier 7 kg,740 rpm Max Speed1 Year Standard Brand Warranty on Product,washing machine,11622,1.1,6.0,Economic
Haier 6.5 kg,1000 RPM Max Speed1 Years Warranty on Product and 4 Years on Motor From Haier,washing machine,15900,2.0,0.0,Economic
Haier 7 kg,1300 RPM Max Speed5 Star Rating2 Years Comprehensive Warranty on Product and 5 Years Warranty on Motor from Haier,washing machine,12500,1.2,0.0,Economic
LG 7.5 kg,1300 rpm Max Speed5 Star Rating2 Years Comprehensive and 5 Years on Motor From LG,washing machine,15990,4.5,254.0,Economic
SAMSUNG 9 kg,"1300 RPM Max Speed5 Star Rating2 years on product, 5 years on motor",washing machine,17229,4.9,0.0,Economic
SAMSUNG 8 kg,"700 rpm Max Speed5 Star Rating2 years comprehensive warranty on the product, 20 years warranty on the DIT Motor",washing machine,22490,3.5,0.0,Mid-range
Lloyd 9 kg,"1300 RPM Max Speed5 Star Rating2 Years on comprehansive warranty, 5 Years Warranty on Spin Motor and 10 Years Warranty on Wash Motor",washing machine,14999,2.3,3.0,Economic
Voltas Beko by A Tata Product 6 kg,700 rpm Max Speed5 Star Rating3 Years Comprehensive and Additional 9 Years On Motor from Voltas Beko,washing machine,13491,3.9,3.0,Economic
LG 8 kg,780 RPM Max Speed5 Star RatingWith In-Built Heater2 Years Comprehensive Warranty and 10 Years Warranty on Motor from LG,washing machine,25650,4.9,0.0,Mid-range
LG 11 kg,700 RPM Max Speed5 Star RatingWith In-Built Heater2 Years Comprehensive and 10 Years on Motor from LG,washing machine,39990,4.1,0.0,Mid-range
BLACK+DECKER 8 kg,"1400 rpm Max Speed5 Star RatingWith In-Built Heater2 Years Comprehensive Warranty on Product, 5 Years Warranty on PCB and 10 Years Warranty on Motor",washing machine,23999,4.8,1.0,Mid-range
Lloyd by Havells 7 kg,600 rpm Max Speed2 Years Comprehensive Warranty and 5 Years on Motor from Lloyd,washing machine,10990,2.8,1.0,Economic
Whirlpool 8 kg,1400 rpm Max Speed5 Star Rating4 Years Comprehensive warranty on Product 10 Years on wash motor 4 Years on Spin motor,washing machine,12350,2.8,1340.0,Economic
White Westinghouse (Trademark by Electrolux) 8 kg,1400 rpm Max Speed5 Star Rating2 Years Warranty on Product and 4 Years on Motor,washing machine,9499,3.2,91.0,Economic
LG 8 kg,1350 RPM Max Speed5 Star Rating2 Years Comprehensive and 5 Years on Motor From LG,washing machine,15999,3.1,2.0,Economic
SAMSUNG 6.5 kg,"1300 rpm Max Speed5 Star Rating2 years on product, 2 years on motor (T&C Apply)",washing machine,11767,3.8,13.0,Economic
BOSCH 7 kg,1200 rpm Max Speed5 Star RatingWith In-Built Heater2 Years Comprehensive Warranty on Product and 10 Years Warranty on Motor,washing machine,29990,4.7,71.0,Mid-range
White Westinghouse (Trademark by Electrolux) 10.5 kg,1600 rpm Max Speed2 Years Comprehensive Warranty on Product and 5 Years Warranty on Motor,washing machine,11799,1.3,71.0,Economic
Kelvinator 8.5 kg,1300 RPM Max Speed5 Star Rating1 Year Complete Warranty + 4 Year Wash Motor Warranty,washing machine,12130,1.1,0.0,Economic
IFB 10 kg,"720 RPM Max Speed5 Star RatingWith In-Built Heater4 Years Comprehensive Warranty on Product, 10 Years Warranty on Motor and 10 Years Spares Support",washing machine,30790,4.2,1590.0,Mid-range
Godrej 6.2 kg,740 rpm Max Speed2 Years Manufacturer Warranty from Godrej,washing machine,14389,1.9,1.0,Economic
Voltas Beko by A Tata Product 12 kg,1350 RPM Max Speed5 Star Rating2 Years Manufacturer Warranty,washing machine,14243,2.3,0.0,Economic
Godrej 6.5 kg,700 rpm Max Speed2 Years Comprehensive Warranty and 10 Years Warranty on Motor from Godrej,washing machine,18990,2.5,19.0,Economic
Whirlpool 7 kg,1350 RPM Max Speed5 Star Rating2 years comprehensive + additional 3 years on wash and spin motor,washing machine,11185,2.4,2.0,Economic
Lloyd by Havells 6.5 kg,680 rpm Max Speed2 Years Comprehensive Warranty and 10 Years on Motor from Lloyd,washing machine,15300,2.3,0.0,Economic
Godrej 7.2 kg,1440 rpm Max Speed2 Years Comprehensive Warranty and 5 Years Warranty on Motor from Godrej,washing machine,12290,2.8,1.0,Economic
Haier 6.5 kg,1000 RPM Max Speed5 Star RatingWith In-Built Heater5 Years Comprehensive Warranty on Product and 12 Years Warranty on Motor,washing machine,27900,4.9,0.0,Mid-range
Haier 7 kg,800 RPM Max Speed2 years warranty on product and 10 years on motor from Haier,washing machine,16436,1.9,0.0,Economic
BOSCH 8 kg,1200 RPM Max SpeedWith In-Built Heater2 Years Warranty on Product and 10 Years on Motor,washing machine,56490,3.4,0.0,Premium
Panasonic 8 kg,"702 RPM Max Speed5 Star RatingWith In-Built Heater2 YEAR WARRANTY   , 8 YEAR MOTOR",washing machine,30783,2.4,0.0,Mid-range
BOSCH 6.5 kg,1200 rpm Max Speed5 Star RatingWith In-Built Heater2 Years Comprehensive Warranty on Product and 12 Years Warranty on Wash Motor,washing machine,38490,1.7,0.0,Mid-range
SAMSUNG 9 kg,"1400 rpm Max Speed5 Star Rating2 years comprehensive warranty on the product, 20 years warranty on the DIT Motor",washing machine,38199,2.8,78.0,Mid-range
SAMSUNG 6 kg,"1000 rpm Max Speed5 Star RatingWith In-Built Heater2 years comprehensive warranty on the product, 20 years warranty on the DIT Motor",washing machine,24890,4.6,438.0,Mid-range
