Product_Name,Product_Description,Product_Type,Price,Ratings,No_of_reviews,Predicted_Category
REDMI Note 13 Pro 5G ,12 GB RAM | 256 GB ROM16.94 cm (6.67 inch) Display200MP (OIS) + 8MP + 2MP | 16MP Front Camera5100 mAh Battery7s Gen 2 Mobile Platform 5G Processor1 Year Manufacturer Warranty for Phone and 6 Months Warranty for In the Box Accessories,Android mobile,21720,3.2,367.0,Mid-range
Nothing Phone ,12 GB RAM | 256 GB ROM17.02 cm (6.7 inch) Full HD+ Display50MP + 50MP | 50MP Front Camera5000 mAh BatteryDimensity 7350 Pro 5G Processor1 Year Manufacturing Warranty,Android mobile,25999,4.7,75.0,Mid-range
REDMI 13 5G ,6 GB RAM | 128 GB ROM | Expandable Upto 1 TB17.25 cm (6.79 inch) Full HD+ Display108MP + 2MP | 13MP Front Camera5030 mAh Lithium Polymer Battery4 Gen 2 AE Processor1 Year Manufacturer Warranty for Phone and 6 Months Warranty for In the Box Accessories,Android mobile,13499,3.6,269.0,Economic
REDMI Note 13 Pro 5G ,12 GB RAM | 256 GB ROM16.94 cm (6.67 inch) Display200MP (OIS) + 8MP + 2MP | 16MP Front Camera5100 mAh Battery7s Gen 2 Mobile Platform 5G Processor1 Year Manufacturer Warranty for Phone and 6 Months Warranty for In the Box Accessories,Android mobile,25999,2.6,367.0,Mid-range
REDMI Note 13 5G ,6 GB RAM | 128 GB ROM16.94 cm (6.67 inch) Display108MP Rear Camera5000 mAh Battery1 Year Brand Warranty,Android mobile,16990,4.9,1056.0,Economic
SAMSUNG Galaxy A54 5G ,"8 GB RAM | 128 GB ROM | Expandable Upto 1 TB16.26 cm (6.4 inch) Full HD+ Display50MP + 12MP + 5MP | 32MP Front Camera5000 mAh BatteryExynos 1380, Octa Core Processor1 Year Manufacturer Warranty for Device and 6 Months Manufacturer Warranty for In-Box Accessories",Android mobile,23695,3.7,326.0,Mid-range
Infinix SMART 8 ,8 GB RAM | 128 GB ROM | Expandable Upto 2 TB16.76 cm (6.6 inch) HD+ Display50MP + AI Lens | 8MP Front Camera5000 mAh BatteryHelio G36 Processor1 Year on Handset and 6 Months on Accessories,Android mobile,7999,3.1,563.0,Economic
Motorola Edge 50 Neo ,8 GB RAM | 256 GB ROM16.26 cm (6.4 inch) Super HD Display50MP + 13MP + 10MP | 32MP Front Camera4310 mAh BatteryDimensity 7300 Processor1 Year Warranty on Handset and 6 Months Warranty on Accessories,Android mobile,23999,2.2,346.0,Mid-range
IQOO Z9 Lite 5G ,4 GB RAM | 128 GB ROM16.66 cm (6.56 inch) Display50MP Rear Camera5000 mAh Battery1 YEAR,Android mobile,10176,1.2,37.0,Economic
Motorola Edge 50 Neo ,8 GB RAM | 256 GB ROM16.26 cm (6.4 inch) Super HD Display50MP + 13MP + 10MP | 32MP Front Camera4310 mAh BatteryDimensity 7300 Processor1 Year Warranty on Handset and 6 Months Warranty on Accessories,Android mobile,23999,4.4,346.0,Mid-range
realme P1 Pro 5G ,8 GB RAM | 256 GB ROM17.02 cm (6.7 inch) Full HD+ Display50MP + 8MP | 16MP Front Camera5000 mAh Battery6 Gen 1 Processor1 Year Manufacturer Warranty for Device and 6 Months Manufacturer Warranty for Inbox Accessories,Android mobile,20999,3.0,1377.0,Mid-range
realme 12x 5G ,6 GB RAM | 128 GB ROM | Expandable Upto 2 TB17.07 cm (6.72 inch) Full HD+ Display50MP + 2MP | 8MP Front Camera5000 mAh BatteryDimensity 6100+ Processor1 Year Manufacturer Warranty for Device and 6 Months Manufacturer Warranty for Inbox Accessories,Android mobile,12499,2.2,3309.0,Economic
realme 12 Pro 5G ,12 GB RAM | 256 GB ROM17.02 cm (6.7 inch) Full HD+ Display50MP + 8MP + 32MP | 16MP Front Camera5000 mAh BatterySnapdragon 6 Gen 1 Processor1 Year Manufacturer Warranty for Device and 6 Months Manufacturer Warranty for Inbox Accessories,Android mobile,24999,4.3,552.0,Mid-range
IQOO Z9 Lite 5G ,6 GB RAM | 128 GB ROM16.66 cm (6.56 inch) Display50MP Rear Camera5000 mAh Battery1 YEAR,Android mobile,11258,4.1,26.0,Economic
SAMSUNG galaxy M15 5G ,6 GB RAM | 128 GB ROM16.51 cm (6.5 inch) Display50MP Rear Camera6000 mAh BatteryMediaTek ProcessorDomestic Warranty Of 1 Year For Handset And 6 Month For Accessories.,Android mobile,11899,1.9,44.0,Economic
Infinix HOT 40i ,8 GB RAM | 256 GB ROM | Expandable Upto 2 TB16.76 cm (6.6 inch) HD+ Display50MP + AI Lens | 32MP Front Camera5000 mAh BatteryUnisoc T606 Processor1 Year on Handset and 6 Months on Accessories,Android mobile,8999,2.3,1020.0,Economic
REDMI 13C 5G ,4 GB RAM | 128 GB ROM | Expandable Upto 1 TB17.12 cm (6.74 inch) HD+ Display50MP Rear Camera | 5MP Front Camera5000 mAh BatteryMediatek Dimensity 6100+ Processor1 Year Manufacturer Warranty for Phone and 6 Months Warranty for In the Box Accessories,Android mobile,8999,2.1,959.0,Economic
OnePlus Nord CE4 lite 5G ,8 GB RAM | 256 GB ROM16.94 cm (6.67 inch) Display50MP Rear Camera5500 mAh Battery1 year,Android mobile,21268,1.5,135.0,Mid-range
realme GT 6 ,16 GB RAM | 512 GB ROM17.22 cm (6.78 inch) Full HD+ Display50MP + 8MP + 50MP | 32MP Front Camera5500 mAh Battery8s Gen 3 Mobile Platform Processor1 Year Manufacturer Warranty for Device and 6 Months Manufacturer Warranty for Inbox Accessories,Android mobile,44999,4.7,213.0,Mid-range
OPPO F25 Pro 5G ,8 GB RAM | 128 GB ROM | Expandable Upto 2 TB17.02 cm (6.7 inch) Full HD+ Display64MP + 8MP + 2MP | 32MP Front Camera5000 mAh BatteryDimensity 7050 Processor1 Year Manufacturer Warranty for Device and 6 Months Manufacturer Warranty for Inbox Accessories,Android mobile,19999,3.0,372.0,Economic
realme 70 TURBO 5G ,6 GB RAM | 128 GB ROM16.94 cm (6.67 inch) Full HD+ Display50MP Rear Camera5000 mAh BatterySegment's Fastest Dimensity 7300 Energy 5G Chipset Processor12 Months Brand warranty,Android mobile,16398,1.7,4.0,Economic
realme NARZO 70 5G ,8 GB RAM | 128 GB ROM16.94 cm (6.67 inch) Full HD+ AMOLED Display50MP Rear Camera | 16MP Front Camera5000 mAh Battery1 Year Domestic Warranty for Phone and 6 Months Warranty for In-Box Accessories,Android mobile,16299,2.7,40.0,Economic
Motorola g64 5G ,8 GB RAM | 128 GB ROM | Expandable Upto 1 TB16.51 cm (6.5 inch) Full HD+ Display50MP (OIS) + 8MP | 16MP Front Camera6000 mAh BatteryDimensity 7025 Processor1 Year on Handset and 6 Months on Accessories,Android mobile,14999,4.1,2051.0,Economic
vivo V40 5G ,12 GB RAM | 512 GB ROM17.22 cm (6.78 inch) Full HD+ Display50MP + 50MP | 50MP Front Camera5500 mAh BatterySnapdragon 7 Gen 3 Processor1 Year Warranty on Handset and 6 Months Warranty on Accessories,Android mobile,41999,1.5,40.0,Mid-range
Motorola g04s ,4 GB RAM | 64 GB ROM | Expandable Upto 1 TB16.76 cm (6.6 inch) HD+ Display50MP Rear Camera | 5MP Front Camera5000 mAh BatteryT606 Processor1 Year on Handset and 6 Months on Accessories,Android mobile,6999,3.5,1165.0,Economic
realme 11 5G ,8 GB RAM | 128 GB ROM | Expandable Upto 2 TB17.07 cm (6.72 inch) Full HD+ Display108MP + 2MP | 16MP Front Camera5000 mAh BatteryDimensity 6100+ Processor1 Year Manufacturer Warranty for Phone and 6 Months Warranty for In the Box Accessories,Android mobile,13299,3.5,5464.0,Economic
Tecno Spark Go 2024 ,3 GB RAM | 64 GB ROM | Expandable Upto 1 TB16.66 cm (6.56 inch) HD+ Display13MP Rear Camera | 8MP Front Camera5000 mAh BatteryUnisoc T606 ProcessorDomestic Warranty of 12 Months on Phone & 6 Months on Accessories,Android mobile,6899,4.3,16.0,Economic
vivo T2 Pro 5G ,8 GB RAM | 128 GB ROM17.22 cm (6.78 inch) Full HD+ Display64MP + 2MP | 16MP Front Camera4600 mAh BatteryDimensity 7200 Processor1 Year Manufacturer Warranty for Phone and 6 Months Warranty for In the Box Accessories,Android mobile,22999,4.9,9035.0,Mid-range
realme P1 5G ,6 GB RAM | 128 GB ROM | Expandable Upto 2 TB16.94 cm (6.67 inch) Full HD+ Display50MP + 2MP | 16MP Front Camera5000 mAh BatteryDimensity 7050 Processor1 Year Manufacturer Warranty for Device and 6 Months Manufacturer Warranty for Inbox Accessories,Android mobile,13999,2.3,2631.0,Economic
realme NARZO 70X 5G ,6 GB RAM | 128 GB ROM17.07 cm (6.72 inch) Display50MP Rear Camera | 8MP Front Camera5000 mAh BatteryDimensity 6100+ 5G Chipset Processor1 Year Domestic Warranty for Phone and 6 Months Warranty for In-Box Accessories,Android mobile,12145,3.0,112.0,Economic
vivo V30 Pro 5G ,12 GB RAM | 512 GB ROM17.22 cm (6.78 inch) Full HD+ Display50MP + 50MP + 50MP | 50MP Front Camera5000 mAh BatteryDimensity 8200 5G Processor1 Year Manufacturer Warranty for Device and 6 Months Manufacturer Warranty for Inbox Accessories,Android mobile,43999,4.0,213.0,Mid-range
Infinix Zero 40 5G ,12 GB RAM | 512 GB ROM17.22 cm (6.78 inch) Full HD+ Display108MP + 50MP + 2MP | 50MP Front Camera5000 mAh Lithium-ion Polymer BatteryDimensity 8200 Ultimate Processor1 Year Warranty on Handset and 6 Months Warranty on Accessories,Android mobile,30999,4.5,39.0,Mid-range
Motorola g64 5G ,12 GB RAM | 256 GB ROM | Expandable Upto 1 TB16.51 cm (6.5 inch) Full HD+ Display50MP (OIS) + 8MP | 16MP Front Camera6000 mAh BatteryDimensity 7025 Processor1 Year on Handset and 6 Months on Accessories,Android mobile,14999,1.6,2018.0,Economic
SAMSUNG Galaxy A15 5G ,6 GB RAM | 128 GB ROM | Expandable Upto 1 TB16.51 cm (6.5 inch) Full HD+ Display50MP + 5MP + 2MP | 13MP Front Camera5000 mAh BatteryDimensity 6100+ Processor1 Year Manufacturer Warranty for Device and 6 Months for In-Box Accessories,Android mobile,17999,2.7,37.0,Economic
REDMI 13 5G ,8 GB RAM | 128 GB ROM17.25 cm (6.79 inch) Display108MP Rear Camera5030 mAh BatteryBrand Warranty,Android mobile,13835,4.8,50.0,Economic
Tecno Spark 10 5G ,4 GB RAM | 64 GB ROM | Expandable Upto 1 TB16.76 cm (6.6 inch) HD+ Display50MP Rear Camera | 8MP Front Camera5000 mAh BatteryMediatek Dimensity 6020 Processor1 Year Manufacturer Warranty for Device and 6 Months Manufacturer Warranty for In-Box Accessories,Android mobile,9499,1.3,10.0,Economic
REDMI Note 13 Pro+ 5G ,12 GB RAM | 512 GB ROM16.94 cm (6.67 inch) Display200MP (OIS) + 8MP + 2MP | 16MP Front Camera5000 mAh BatteryDimensity 7200 Ultra 5G Processor1 Year Manufacturer Warranty for Phone and 6 Months Warranty for In the Box Accessories,Android mobile,31999,3.2,695.0,Mid-range
OPPO A38 ,4 GB RAM | 128 GB ROM | Expandable Upto 1 TB16.66 cm (6.56 inch) HD Display50MP + 2MP | 5MP Front Camera5000 mAh BatteryHelio G70 (MT6769) Processor1 Year Manufacturer Warranty for Phone and 6 Months Warranty for In the Box Accessories,Android mobile,10980,2.4,68.0,Economic
realme 9i 5G ,6 GB RAM | 128 GB ROM | Expandable Upto 1 TB16.76 cm (6.6 inch) Full HD+ Display50MP + 2MP + 2MP | 8MP Front Camera5000 mAh Lithium Ion BatteryMediatek Dimensity 810 5G Processor1 Year Manufacturer Warranty for Phone and 6 Months Warranty for In-Box Accessories,Android mobile,11899,1.8,734.0,Economic
Infinix HOT 30i ,8 GB RAM | 128 GB ROM | Expandable Upto 1 TB16.76 cm (6.6 inch) HD+ Display50MP + AI Lens | 5MP Front Camera5000 mAh BatteryG37 Processor1 Year on Handset and 6 Months on Accessories,Android mobile,9499,2.8,8371.0,Economic
Xiaomi 14 CIVI ,12 GB RAM | 512 GB ROM16.64 cm (6.55 inch) Display50MP Rear Camera | 32MP + 32MP Dual Front Camera4700 mAh Battery8s Gen 3 Mobile Platform Processor1 Year Manufacturer Warranty for Phone and 6 Months Warranty for In the Box Accessories,Android mobile,45999,2.9,37.0,Mid-range
itel P40 ,"3 GB RAM | 32 GB ROM16.76 cm (6.6 inch) Display13MP Rear Camera6000 mAh BatteryOne Time Screen Replacement Within 100 Days of Purchase, 1 Year Warranty on Mobile Device & 6 Months on Accessories",Android mobile,5990,1.6,14.0,Economic
Infinix Note 40X 5G ,12 GB RAM | 256 GB ROM | Expandable Upto 1 TB17.22 cm (6.78 inch) Full HD+ Display108MP + 2MP + AI Lens | 8MP Front Camera5000 mAh Lithium-ion Polymer BatteryDimensity 6300 Processor1 Year Warranty on Handset and 6 Months Warranty on Accessories,Android mobile,13999,5.0,202.0,Economic
POCO M4 Pro ,"6 GB RAM | 128 GB ROM | Expandable Upto 1 TB16.33 cm (6.43 inch) Full HD+ AMOLED Display64MP + 8MP + 2MP | 16MP Front Camera5000 mAh Lithium-ion Polymer BatteryMediatek Helio G96 ProcessorOne Year for Handset, 6 Months for Accessories",Android mobile,12999,4.8,15811.0,Economic
realme GT Neo 3T ,6 GB RAM | 128 GB ROM16.81 cm (6.62 inch) Full HD+ AMOLED Display64MP + 8MP + 2MP | 16MP Front Camera5000 mAh Lithium Ion BatteryQualcomm Snapdragon 870 Processor1 Year Manufacturer Warranty for Phone and 6 Months Warranty for In-Box Accessories,Android mobile,20999,3.9,2345.0,Mid-range
OnePlus Nord CE 2 5G ,6 GB RAM | 128 GB ROM16.33 cm (6.43 inch) Display64MP Rear Camera4500 mAh Battery1 Year Warranty,Android mobile,21489,1.3,54.0,Mid-range
Google Pixel 7 ,8 GB RAM | 128 GB ROM16.0 cm (6.3 inch) Full HD+ Display50MP + 12MP | 10.8MP Front Camera4270 mAh BatteryGoogle Tensor G2 ProcessorNA,Android mobile,36999,2.5,1894.0,Mid-range
realme Narzo 60x 5G ,4 GB RAM | 128 GB ROM17.07 cm (6.72 inch) Display50MP Rear Camera5000 mAh Battery1 Year Brand Warranty,Android mobile,11809,2.9,318.0,Economic
realme 10 Pro 5G ,6 GB RAM | 128 GB ROM | Expandable Upto 1 TB17.07 cm (6.72 inch) Full HD+ Display108MP + 2MP | 16MP Front Camera5000 mAh BatteryQualcomm Snapdragon 695 5G Processor1 Year Manufacturer Warranty for Phone and 6 Months Warranty for In-Box Accessories,Android mobile,18999,4.6,3037.0,Economic
Xiaomi 14 CIVI ,12 GB RAM | 512 GB ROM16.64 cm (6.55 inch) Display50MP Rear Camera | 32MP + 32MP Dual Front Camera4700 mAh Battery8s Gen 3 Mobile Platform Processor1 Year Manufacturer Warranty for Phone and 6 Months Warranty for In the Box Accessories,Android mobile,46999,3.4,37.0,Mid-range
POCO M4 Pro 5G ,"4 GB RAM | 64 GB ROM | Expandable Upto 1 TB16.76 cm (6.6 inch) Full HD+ Display50MP + 8MP | 16MP Front Camera5000 mAh Lithium-ion Polymer BatteryMediatek Dimensity 810 ProcessorOne Year for Handset, 6 Months for Accessories",Android mobile,10999,3.3,4214.0,Economic
SAMSUNG Galaxy A23 ,6 GB RAM | 128 GB ROM | Expandable Upto 1 TB16.76 cm (6.6 inch) Full HD+ Display50MP Rear Camera | 8MP Front Camera5000 mAh Li-Ion BatteryOcta-core(EXYNOS) Processor1 year manufacturer warranty for device and 6 months manufacturer warranty for in-box,Android mobile,13990,2.2,69.0,Economic
Nokia C32 ,4 GB RAM | 128 GB ROM16.55 cm (6.517 inch) Display50MP Rear Camera | 8MP Front Camera5000 mAh BatterySC9863A1 Processor1 Year Replacement Guarantee for Device and 6 Months Manufacturer Warranty for In-Box Accessories Including Battery from the Date of Purchase,Android mobile,7999,2.6,119.0,Economic
Apple iPhone 15 ,"256 GB ROM15.49 cm (6.1 inch) Super Retina XDR Display48MP + 12MP | 12MP Front CameraA16 Bionic Chip, 6 Core Processor Processor1 Year Warranty for Phone and 6 Months Warranty for In-Box Accessories",iPhone,67999,3.0,5245.0,Premium
Apple iPhone 16 Pro ,"256 GB ROM16.0 cm (6.3 inch) Super Retina XDR Display48MP + 48MP + 12MP | 12MP Front CameraA18 Pro Chip, 6 Core Processor Processor1 Year Warranty for Phone and 6 Months Warranty for In-Box Accessories",iPhone,129900,3.7,7.0,Premium
Apple iPhone SE ,"64 GB ROM11.94 cm (4.7 inch) Retina HD Display12MP Rear Camera | 7MP Front CameraA13 Bionic Chip with 3rd Gen Neural Engine ProcessorWater and Dust Resistant (1 meter for Upto 30 minutes, IP67)Fast Charge CapableWireless charging (Works with Qi Chargers | Qi Chargers are Sold SeparatelyBrand Warranty for 1 Year",iPhone,39900,2.0,12015.0,Mid-range
Apple iPhone 12 ,"256 GB ROM15.49 cm (6.1 inch) Super Retina XDR Display12MP + 12MP | 12MP Front CameraA14 Bionic Chip with Next Generation Neural Engine ProcessorCeramic ShieldIndustry-leading IP68 Water ResistanceAll Screen OLED Display12MP TrueDepth Front Camera with Night Mode, 4K Dolby Vision HDR RecordingBrand Warranty for 1 Year",iPhone,64900,4.3,13924.0,Premium
Apple iPhone 14 Plus ,"512 GB ROM17.02 cm (6.7 inch) Super Retina XDR Display12MP + 12MP | 12MP Front CameraA15 Bionic Chip, 6 Core Processor Processor1 Year Warranty for Phone and 6 Months Warranty for In-Box Accessories",iPhone,76999,4.6,4658.0,Premium
Apple iPhone 14 Pro ,"128 GB ROM15.49 cm (6.1 inch) Super Retina XDR Display48MP + 12MP + 12MP | 12MP Front CameraA16 Bionic Chip, 6 Core Processor Processor1 Year Warranty for Phone and 6 Months Warranty for In-Box Accessories",iPhone,119900,3.2,153.0,Premium
Apple iPhone 11 ,64 GB ROM15.49 cm (6.1 inch) Liquid Retina HD Display12MP + 12MP | 12MP Front CameraA13 Bionic Chip ProcessorBrand Warranty of 1 Year,iPhone,19999,4.1,11431.0,Economic
Apple iPhone 15 Plus ,"512 GB ROM17.02 cm (6.7 inch) Super Retina XDR Display48MP + 12MP | 12MP Front CameraA16 Bionic Chip, 6 Core Processor Processor1 Year Warranty for Phone and 6 Months Warranty for In-Box Accessories",iPhone,95999,2.0,1307.0,Premium
Apple iPhone XR ,64 GB ROM15.5 cm (6.102 inch) Display12MP Rear Camera | 7MP Front CameraA12 Bionic Chip ProcessoriOS 13 CompatibleBrand Warranty of 1 Year,iPhone,47900,4.7,8489.0,Mid-range
Apple iPhone 13 Pro Max ,128 GB ROM17.02 cm (6.7 inch) Super Retina XDR Display12MP + 12MP + 12MP | 12MP Front CameraA15 Bionic Chip ProcessorBrand Warranty for 1 Year,iPhone,129900,4.2,195.0,Premium
Apple iPhone 12 Pro ,"128 GB ROM15.49 cm (6.1 inch) Super Retina XDR Display12MP + 12MP + 12MP | 12MP Front CameraA14 Bionic Chip with Next Generation Neural Engine ProcessorCeramic Shield | Industry-leading IP68 Water ResistanceAll Screen OLED DisplayLiDAR Scanner for Improved AR Experiences, Night Mode PortraitsBrand Warranty for 1 Year",iPhone,109900,1.5,99.0,Premium
Apple iPhone XR ,128 GB ROM15.49 cm (6.1 inch) Display12MP Rear Camera | 7MP Front CameraA12 Bionic Chip ProcessoriOS 13 CompatibleBrand Warranty of 1 Year,iPhone,52900,1.5,8489.0,Premium
Apple iPhone 14 Pro ,"256 GB ROM15.49 cm (6.1 inch) Super Retina XDR Display48MP + 12MP + 12MP | 12MP Front CameraA16 Bionic Chip, 6 Core Processor Processor1 Year Warranty for Phone and 6 Months Warranty for In-Box Accessories",iPhone,129900,2.1,153.0,Premium
Apple iPhone 16 ,"128 GB ROM15.49 cm (6.1 inch) Super Retina XDR Display48MP + 12MP | 12MP Front CameraA18 Chip, 6 Core Processor Processor1 Year Warranty for Phone and 6 Months Warranty for In-Box Accessories",iPhone,79900,3.7,29.0,Premium
Apple iPhone 6s Plus ,16 GB ROM13.97 cm (5.5 inch) Retina HD Display12MP Rear Camera | 5MP Front CameraApple A9 64-bit processor and Embedded M9 Motion Co-processorBrand Warranty of 1 Year,iPhone,49999,3.3,2359.0,Mid-range
Apple iPhone 6s ,32 GB ROM11.94 cm (4.7 inch) Retina HD Display12MP Rear Camera | 5MP Front CameraApple A9 64-bit processor and M9 Motion Co-processorBrand Warranty of 1 Year,iPhone,29990,3.4,9180.0,Mid-range
Apple iPhone 6 ,16 GB ROM11.94 cm (4.7 inch) Retina HD Display8MP Rear Camera | 1.2MP Front CameraApple A8 64-bit processor and M8 Motion Co-processor1 Year Manufacturer Warranty,iPhone,52000,4.5,16120.0,Mid-range
Apple iPhone 15 Plus ,"512 GB ROM17.02 cm (6.7 inch) Super Retina XDR Display48MP + 12MP | 12MP Front CameraA16 Bionic Chip, 6 Core Processor Processor1 Year Warranty for Phone and 6 Months Warranty for In-Box Accessories",iPhone,95999,3.5,1307.0,Premium
Apple iPhone 16 Plus ,"256 GB ROM17.02 cm (6.7 inch) Super Retina XDR Display48MP + 12MP | 12MP Front CameraA18 Chip, 6 Core Processor Processor1 Year Warranty for Phone and 6 Months Warranty for In-Box Accessories",iPhone,99900,3.1,23.0,Premium
Apple iPhone XS Max ,64 GB ROM16.51 cm (6.5 inch) Super Retina HD Display12MP + 12MP | 7MP Front CameraA12 Bionic Chip ProcessoriOS 13 Compatible1 Year Limited Warranty for Products and Accessories,iPhone,109900,2.1,146.0,Premium
Apple iPhone 6 ,32 GB ROM11.94 cm (4.7 inch) Retina HD Display8MP Rear Camera | 1.2MP Front CameraApple A8 64-bit processor and M8 Motion Co-processorBrand Warranty of 1 Year,iPhone,30780,4.8,16120.0,Mid-range
Apple iPhone 16 Pro ,"256 GB ROM16.0 cm (6.3 inch) Super Retina XDR Display48MP + 48MP + 12MP | 12MP Front CameraA18 Pro Chip, 6 Core Processor Processor1 Year Warranty for Phone and 6 Months Warranty for In-Box Accessories",iPhone,129900,3.8,7.0,Premium
Apple iPhone 7 Plus ,32 GB ROM13.94 cm (5.488 inch) Retina HD Display12MP + 12MP | 7MP Front CameraApple A10 Fusion 64-bit processor and Embedded M10 Motion Co-processoriOS 13 CompatibleBrand Warranty of 1 Year,iPhone,37900,3.1,2978.0,Mid-range
Apple iPhone 12 mini ,"64 GB ROM13.72 cm (5.4 inch) Super Retina XDR Display12MP + 12MP | 12MP Front CameraA14 Bionic Chip with Next Generation Neural Engine ProcessorCeramic ShieldIndustry-leading IP68 Water ResistanceAll Screen OLED Display12MP TrueDepth Front Camera with Night Mode, 4K Dolby Vision HDR RecordingBrand Warranty for 1 Year",iPhone,59900,4.9,10202.0,Mid-range
Apple iPhone 14 Plus ,"256 GB ROM17.02 cm (6.7 inch) Super Retina XDR Display12MP + 12MP | 12MP Front CameraA15 Bionic Chip, 6 Core Processor Processor1 Year Warranty for Phone and 6 Months Warranty for In-Box Accessories",iPhone,70999,2.2,4658.0,Premium
Apple iPhone 15 ,"512 GB ROM15.49 cm (6.1 inch) Super Retina XDR Display48MP + 12MP | 12MP Front CameraA16 Bionic Chip, 6 Core Processor Processor1 Year Warranty for Phone and 6 Months Warranty for In-Box Accessories",iPhone,87999,3.3,5245.0,Premium
Apple iPhone 8 Plus ,"64 GB ROM13.97 cm (5.5 inch) Retina HD Display12MP + 12MP | 7MP Front CameraA11 Bionic Chip with 64-bit Architecture, Neural Engine, Embedded M11 Motion Coprocessor ProcessorBrand Warranty of 1 Year",iPhone,49900,3.3,354.0,Mid-range
Apple iPhone 7 Plus ,128 GB ROM13.94 cm (5.488 inch) Retina HD Display12MP + 12MP | 7MP Front CameraApple A10 Fusion 64-bit processor and Embedded M10 Motion Co-processorBrand Warranty of 1 Year,iPhone,42900,3.8,2978.0,Mid-range
SAMSUNG 183 L Direct Cool Single Door 2 Star Refrigerator  with Digital Inverter,"Digital Inverter CompressorBuilt-in Stabilizer1 year comprehensive warranty on the product, 20 years on compressor by the brand.",Fridge,14490,1.1,932.0,Economic
SAMSUNG 236 L Frost Free Double Door 3 Star Convertible Refrigerator  with Digital Inverter and Displa...,"Digital Inverter CompressorBuilt-in Stabilizer1 year comprehensive warranty on the product, 20 years on compressor by the brand.",Fridge,26490,2.0,1235.0,Mid-range
"Godrej 180 L Direct Cool Single Door 4 Star Refrigerator with Base Drawer  with Faster Bottle Cooling,...",Fixed speed compressorBuilt-in Stabilizer1 Year Comprehensive Warranty on Product and 10 Years Warranty on Compressor,Fridge,14690,4.2,203.0,Economic
SAMSUNG 183 L Direct Cool Single Door 5 Star Refrigerator  with Digital Inverter,"Digital Inverter CompressorBuilt-in Stabilizer1 year comprehensive warranty on the product, 20 years on compressor by the brand.",Fridge,17190,3.9,36.0,Economic
"IFB 206 L Direct Cool Single Door 5 Star Refrigerator  with Powered by E-Tech, with Extraordinary Stor...",Inverter CompressorBuilt-in Stabilizer1 Year Warranty on Product and 10 Years Warranty on Compressor,Fridge,17490,2.0,24.0,Economic
Voltas Beko 183 L Direct Cool Single Door 2 Star Refrigerator,Reciprocating CompressorBuilt-in Stabilizer1 Year Comprehensive Warranty on Product and 10 Years Warranty on Compressor,Fridge,12890,2.2,258.0,Economic
"SAMSUNG 301 L Frost Free Double Door 2 Star Convertible Refrigerator  with Digital Inverter, Convertib...","Digital Inverter CompressorBuilt-in Stabilizer1 year comprehensive warranty on the product, 20 years on compressor by the brand.",Fridge,32990,4.6,922.0,Mid-range
MarQ by Flipkart 183 L Direct Cool Single Door 3 Star Refrigerator,Reciprocating CompressorBuilt-in Stabilizer1 Year Warranty on Product and 10 Years Warranty on Compressor,Fridge,12990,3.8,385.0,Economic
Whirlpool 192 L Direct Cool Single Door 3 Star Refrigerator  with Auto Defrost,Inverter CompressorBuilt-in Stabilizer1 Year Warranty on Product and 9 Years Warranty on Compressor,Fridge,16490,4.9,127.0,Economic
Admiral 175 L Direct Cool Single Door 3 Star Refrigerator,Reciprocating CompressorBuilt-in Stabilizer3 Years on Product and 5 Years on Compressor Warranty,Fridge,11290,3.6,8.0,Economic
Whirlpool 207 L Direct Cool Single Door 3 Star Refrigerator,"Reciprocating CompressorBuilt-in Stabilizer1 Year Comprehensive Warranty on Product, 9 Years Warranty on Compressor",Fridge,17690,1.6,3.0,Economic
Haier 190 L Direct Cool Single Door 5 Star Refrigerator with Base Drawer  with Large Storage Space1 Ho...,NormalBuilt-in Stabilizer1 Years Warranty on Product and 10 Years Warranty on Compressor,Fridge,18290,1.4,49.0,Economic
SAMSUNG 530 L Frost Free Double Door 1 Star Convertible Refrigerator,Digital Inverter CompressorBuilt-in Stabilizer1 Year Comprehensive Warranty on Product and 10 Years Warrranty on Compressor,Fridge,65990,2.3,69.0,Premium
"LG 185 L Direct Cool Single Door 4 Star Refrigerator with Base Drawer  with Smart Inverter Compressor,...",Smart Inverter CompressorBuilt-in Stabilizer1 Year Warranty on Product and 10 Years Warranty on Compressor From LG,Fridge,15990,3.0,1366.0,Economic
Voltas Beko by A Tata Product 183 L Direct Cool Single Door 4 Star Refrigerator with Base Drawer,Reciprocating CompressorBuilt-in Stabilizer1 Year Comprehensive Warranty on Product and 10 Years Compressor Warranty,Fridge,14490,3.6,258.0,Economic
Whirlpool 192 L Direct Cool Single Door 3 Star Refrigerator with Base Drawer,Inverter CompressorBuilt-in Stabilizer1 Year on Product and 10 Years on Compressor from Whirlpool,Fridge,16990,1.9,27.0,Economic
Haier 190 L Direct Cool Single Door 5 Star Refrigerator  with Toughned Glass ShelfLarge Vegetable Box,Normal CompressorBuilt-in Stabilizer1 Year Warranty on Product and 10 Years Warranty on Compressor,Fridge,15790,4.6,1071.0,Economic
MarQ by Flipkart 183 L Direct Cool Single Door 3 Star Refrigerator,Reciprocating CompressorBuilt-in Stabilizer1 Year Warranty on Product and 10 Years Warranty on Compressor,Fridge,12990,2.0,385.0,Economic
Whirlpool 240 L Frost Free Triple Door Refrigerator,InverterBuilt-in Stabilizer1 Year on Product and 10 Years on Compressor From Whirlpool,Fridge,26810,3.6,6.0,Mid-range
Godrej 180 L Direct Cool Single Door 2 Star Refrigerator  with Jumbo Vegetable Tray and Toughened Glas...,Fixed Speed CompressorBuilt-in Stabilizer1 Year Comprehensive Warranty on Product and 10 Years Warranty on Compressor,Fridge,12190,4.7,367.0,Economic
Haier 205 L Direct Cool Single Door 3 Star Refrigerator with Base Drawer  with DEFT TechnologyLarge St...,Normal CompressorBuilt-in Stabilizer2 Years Warranty on Product and 10 Years Warranty on Compressor,Fridge,17490,3.4,15.0,Economic
Haier 190 L Direct Cool Single Door 3 Star Refrigerator with Base Drawer,Normal CompressorBuilt-in Stabilizer1 Year Warranty on Product and 10 Years Warranty on Compressor,Fridge,15990,1.4,47.0,Economic
Whirlpool 215 L Direct Cool Single Door 2 Star Refrigerator,Linear CompressorBuilt-in Stabilizer1 year Warranty on Product and 10 Years Warranty on Compressor from Whirlpool,Fridge,14690,3.5,0.0,Economic
LG 261 L Direct Cool Single Door 3 Star Refrigerator,Inverter CompressorBuilt-in Stabilizer1 Year on Refrigerator Unit and 10 Years on Compressor from LG,Fridge,23490,3.6,9.0,Mid-range
Godrej 234 L Frost Free Double Door 2 Star Refrigerator,Inverter CompressorBuilt-in Stabilizer1 Year Comprehensive Warranty on Product and 10 Years Warranty on Compressor,Fridge,21999,1.4,881.0,Mid-range
Whirlpool 308 L Frost Free Double Door 2 Star Refrigerator,Inverter CompressorBuilt-in Stabilizer1 Year Warranty on Product and 9 Years Warranty on Compressor,Fridge,32390,4.8,61.0,Mid-range
Whirlpool 235 L Frost Free Double Door 2 Star Refrigerator  with Glass Door,Inverter CompressorBuilt-in Stabilizer1 Year Comprehensive on the Product and 10 Years on the Compressor from Whirlpool,Fridge,24190,1.4,230.0,Mid-range
Godrej 272 L Frost Free Double Door 2 Star Convertible Refrigerator,Inverter CompressorBuilt-in Stabilizer1 Year Comprehensive Warranty on Product and  10 Years Warranty on Compressor,Fridge,28490,1.5,0.0,Mid-range
realme TechLife 236 L Frost Free Double Door 2 Star Refrigerator,Inverter CompressorBuilt-in Stabilizer1 Year Warranty on Product and 10 Years Warranty on Compressor,Fridge,21990,4.9,16.0,Mid-range
Haier 185 L Direct Cool Single Door 5 Star Refrigerator with Base Drawer,Normal CompressorBuilt-in Stabilizer1 Year Warranty on Product and 10 Years Warranty on Compressor,Fridge,16190,1.6,1071.0,Economic
Lloyd by Havells 200 L Direct Cool Single Door 3 Star Refrigerator,Inverter CompressorBuilt-in Stabilizer1 Year Domestic Warranty on Product and Additional 9 Years on Compressor,Fridge,15290,3.1,1.0,Economic
SAMSUNG 236 L Frost Free Double Door 2 Star Refrigerator with Base Drawer,Digital Inverter CompressorBuilt-in Stabilizer1 Year Comprehensive Warranty on Product and 20 Years Warranty on Compressor,Fridge,29600,4.6,4.0,Mid-range
"LG 246 L Frost Free Double Door 3 Star Convertible Refrigerator  with Inverter Compressor, Express Fre...",Smart Inverter CompressorBuilt-in Stabilizer1 Year Warranty on Product and 10 Years Warranty on Compressor from LG,Fridge,26990,1.9,60.0,Mid-range
SAMSUNG 236 L Frost Free Double Door 3 Star Refrigerator,Digital Inverter CompressorBuilt-in Stabilizer1 Year Comprehensive Warranty on Product and 20 Years Warranty on Compressor,Fridge,30800,3.9,0.0,Mid-range
Whirlpool 207 L Direct Cool Single Door 3 Star Refrigerator,Non Inverter CompressorBuilt-in Stabilizer1 Year on Product and 10 Years on Compressor from Whirlpool,Fridge,15990,1.2,836.0,Economic
Whirlpool 231 L Frost Free Double Door 2 Star Convertible Refrigerator,Digital InverterBuilt-in Stabilizer1 year Comprehensive + 9 years on Compressor,Fridge,27780,3.3,1.0,Mid-range
"SAMSUNG 291 L Frost Free Double Door 2 Star Convertible Refrigerator  with Curd Maestro, Convertible 5...",Digital Inverter CompressorBuilt-in Stabilizer1 Year Comprehensive Warranty on Product and 20 Years Warranty on Compressor,Fridge,31990,4.7,69.0,Mid-range
Whirlpool 185 L Direct Cool Single Door 1 Star Refrigerator,Normal CompressorBuilt-in Stabilizer1 Year Warranty on Product and 10 Years Warranty on Compressor from Whirpool,Fridge,12670,2.1,2.0,Economic
Voltas Beko by A Tata Product 340 L Frost Free Double Door 2 Star Refrigerator,Inverter CompressorBuilt-in Stabilizer2 Years Comprehensive Warranty on Product and 10 Years Additional Warranty on Compressor,Fridge,29890,4.8,0.0,Mid-range
Whirlpool 677 L Frost Free Multi-Door Inverter Technology Star Refrigerator,Intellisense Inverter1 Year on Product and 10 Years on Compressor From Whirlpool,Fridge,99500,3.4,1.0,Premium
Midea 93 L Direct Cool Single Door 1 Star Refrigerator,Reciprocating Compressor1 Year Warranty on Product and 5 Years on Compressor,Fridge,11499,1.1,30.0,Economic
BOSCH 290 L Frost Free Double Door Top Mount 3 Star Convertible Refrigerator,Vario Inverter CompressorBuilt-in Stabilizer1 Year on Product and 10 Years on Compressor from Bosch,Fridge,31990,1.3,37.0,Mid-range
SAMSUNG 189 L Direct Cool Single Door 5 Star Refrigerator,Digital Inverter CompressorBuilt-in Stabilizer1 Year Warranty on Product and 20 Years Warranty on Compressor,Fridge,17490,1.4,1.0,Economic
Haier 328 L Frost Free Double Door Top Mount 3 Star Convertible Refrigerator  with Glass DoorConvertib...,InverterBuilt-in Stabilizer1 Year Warranty on Product and 10 Years Warranty on Compressor,Fridge,41990,1.4,0.0,Mid-range
Godrej 180 L Direct Cool Single Door 4 Star Refrigerator  with Large Vegetable Tray And 2.25 L Bottle ...,Fixed speed compressorBuilt-in Stabilizer1 Year Comprehensive Warranty on Product and 10 Years Warranty on Compressor,Fridge,14490,1.6,449.0,Economic
LG 595 L Direct Cool Side by Side Refrigerator,Inverter Linear Compressor1 Year Warranty on Product and 10 Years Warranty on Compressor from LG,Fridge,119690,4.4,0.0,Premium
SAMSUNG 301 L Frost Free Double Door 2 Star Refrigerator,Digital Inverter CompressorBuilt-in Stabilizer1 Year Comprehensive Warranty on Product and 20 Years Warranty on Compressor,Fridge,35990,1.6,0.0,Mid-range
LG 185 L Direct Cool Single Door 3 Star Refrigerator,Smart Inverter CompressorBuilt-in Stabilizer1 Year Warranty on Product and 10 Years Warranty on Compressor From LG,Fridge,17850,2.2,2.0,Economic
SAMSUNG 256 L Frost Free Double Door 2 Star Refrigerator,Digital Inverter CompressorBuilt-in Stabilizer1 Year Comprehensive Warranty on Product and 20 Years Warranty on Compressor,Fridge,32900,3.7,0.0,Mid-range
LG 246 L Frost Free Double Door 3 Star Convertible Refrigerator,Smart Inverter CompressorBuilt-in Stabilizer1 Year Warranty on Product and 10 Years Warranty on Compressor From LG,Fridge,43999,3.0,25.0,Mid-range
SAMSUNG 676 L Frost Free Side by Side Inverter Technology Star Refrigerator,"Digital Inverter CompressorBuilt-in Stabilizer1 year comprehensive warranty on product, 20 years on compressor, For all Refrigerators with Digital Inverter Compressors, sold on or after 1st Dec 2022 (All Refrigerator apart from Non-Digital Inverter Technology Direct Cool Models) the Warranty period on the Digital Inverter Compressor shall be revised from 10 years to 20 years.",Fridge,95212,1.0,4.0,Premium
Haier 220 L Direct Cool Single Door 4 Star Refrigerator,Inverter CompressorBuilt-in Stabilizer1 Year on Product and 10 Years on Compressor from Haier,Fridge,22980,1.6,254.0,Mid-range
TOSHIBA 325 L Frost Free Double Door 2 Star Refrigerator,DC Inverter CompressorBuilt-in Stabilizer1 Year on Product and 10 Years on Compressor from Toshiba,Fridge,37140,4.3,0.0,Mid-range
Godrej 240 L Direct Cool Single Door 3 Star Refrigerator with Base Drawer,Inverter CompressorBuilt-in Stabilizer1 Year Comprehensive Warranty on Product and 10 Years Warranty on Compressor,Fridge,18399,4.6,0.0,Economic
Voltas Beko by A Tata Product 610 L Frost Free Double Door 3 Star Refrigerator,Inverter CompressorBuilt-in Stabilizer2 Years Comprehensive Warranty on Product and 10 Years Additional Warranty on Compressor,Fridge,69590,1.2,0.0,Premium
Haier 628 L Frost Free Triple Door Inverter Technology Star Refrigerator,INVERTERBuilt-in Stabilizer1 Year Warranty on Product and 10 Years Warranty on Compressor and Fan from Haier,Fridge,90599,2.8,0.0,Premium
Whirlpool 265 L Frost Free Double Door 3 Star Convertible Refrigerator,Digital InverterBuilt-in Stabilizer1 Year Warranty on Unit and 10 Years Warranty on Compressor from Whirlpool,Fridge,35999,1.4,1395.0,Mid-range
Haier 220 L Direct Cool Single Door 3 Star Refrigerator with Base Drawer,Inverter CompressorBuilt-in Stabilizer1 Year Warranty on Product and 10 Years Warranty on Compressor,Fridge,18990,5.0,2.0,Economic
SAMSUNG 265 L Frost Free Double Door 3 Star Convertible Refrigerator,"Digital Inverter CompressorBuilt-in Stabilizer1 year comprehensive warranty on product, 20 years on compressor, For all Refrigerators with Digital Inverter Compressors, sold on or after 1st Dec 2022 (All Refrigerator apart from Non-Digital Inverter Technology Direct Cool Models) the Warranty period on the Digital Inverter Compressor shall be revised from 10 years to 20 years.",Fridge,49999,3.1,152.0,Mid-range
Panasonic 304 L Frost Free Double Door 3 Star Convertible Refrigerator,"Inverter CompressorBuilt-in Stabilizer1 year on Product, 10 years on Compressor",Fridge,34490,4.8,65.0,Mid-range
Electrolux 461 L Frost Free Double Door Top Mount 1 Star Refrigerator  with Inverter Top Freezer Ultim...,Inverter1 Year Standard Warranty on Product and 9 Years Additional Warranty on Compressor (Refrigerant or Gas is Chargeable),Fridge,52990,2.2,2.0,Mid-range
Haier 651 L Frost Free Side by Side Convertible Refrigerator  with 100% Convertible Fridge SpaceMulti ...,InverterBuilt-in Stabilizer1 Year Comprehensive Warranty on Product and 10 Years Warranty on Compressor,Fridge,199990,3.8,0.0,Premium
BAJAJ 15 L Storage Water Geyser ,Storage Geyser15 LDomestic,geyser,6199,4.7,3308.0,Economic
Longway 15 L Storage Water Geyser ,Storage Geyser15 L1 Year Limited Domestic Brand Warranty on Product & 5 Years on Inner Tank/Container.,geyser,3499,3.7,5453.0,Economic
OMEGA'S 10 L Storage Water Geyser ,Storage Geyser10 LProduct Warranty (In Years) - 2 . Tank Warranty (In Years) - 5 . Element Warranty (In Years) - 2,geyser,3999,2.3,0.0,Economic
Crompton 15 L Storage Water Geyser ,Storage Geyser15 L2 years of manufacture warranty.,geyser,5699,2.0,972.0,Economic
BAJAJ 10 L Storage Water Geyser ,Storage Geyser10 L2 Year Manufacturer Warranty,geyser,5999,2.9,74.0,Economic
Midea 25 L Storage Water Geyser ,"Storage Geyser25 L2 Years Warranty on Product, 4 Years Warranty on Heating Element and 10 Years Warranty on Tank",geyser,10690,4.7,0.0,Economic
V-Guard 3 L Instant Water Geyser ,Instant Geyser3 L,geyser,3535,4.5,89.0,Economic
Crompton 10 L Storage Water Geyser ,"Storage Geyser10 LTank: 7 years, Heating Element: 2 years, Product: 2 years",geyser,6449,2.9,1414.0,Economic
ACTIVA 3 L Instant Water Geyser ,"Instant Geyser3 L3 Year Warranty On Inner Tank, 1 Year On Components",geyser,1699,1.3,1907.0,Economic
Hindware Smart Appliances 5 L Instant Water Geyser ,"Instant Geyser5 L2 Years Overall, 2 Years on Heating Element, 5 Years on Tank",geyser,2899,1.6,57.0,Economic
AO Smith 6 L Storage Water Geyser ,"Storage Geyser6 L7 Years Warranty on Tank, 4 Years Extended Warranty and 2 Years Comprehensive Warranty",geyser,6999,1.4,210.0,Economic
Venus 5 L Instant Water Geyser ,Instant Geyser5 L5 years on tank and 2 years on product and 2 years on heating element,geyser,3298,2.0,3.0,Economic
ACTIVA 15 L Storage Water Geyser ,"Storage Geyser15 L5 Year Warranty On Inner Tank, 1 Year On Components",geyser,3499,3.3,269.0,Economic
V-Guard 25 L Storage Water Geyser ,"Storage Geyser25 L2 Year on Product, 3 Year on Heating Element, 7 Year on Inner Tank",geyser,8699,1.6,167.0,Economic
Hindware Smart Appliances 10 L Storage Water Geyser ,"Storage Geyser10 L2 Years Compehensive, 3 Years on Heating Element, 7 Years on Tank",geyser,5199,4.7,1168.0,Economic
Racold 6 L Storage Water Geyser ,"Storage Geyser6 L2 years on product, 2 years on heating element, 5 years on tank",geyser,6888,4.4,0.0,Economic
Kenstar 25 L Storage Water Geyser ,"Storage Geyser25 L5 Years on Tank, 2 Years on Heating Element, 2 Years on Product",geyser,6490,1.0,0.0,Economic
0,"Storage Geyser25 L7 Years Warranty on Tank, 3 Years Warranty on Heating Element, 2 Years Product Comprehensive Warranty",geyser,14191,2.7,0.0,Economic
Hindware Smart Appliances 25 L Storage Water Geyser ,"Storage Geyser25 L24 months overall warranty, 7 years on tank and 24 months on heating element",geyser,8383,4.2,42.0,Economic
BAJAJ 6 L Gas Water Geyser ,"Gas Geyser6 LOn-site Service, Customer needs to call the nearby Authorized Service Center, service engineer will come to the site to get the product repaired or inspected.",geyser,5939,2.0,354.0,Economic
Racold 25 L Storage Water Geyser with Flexi Pipe and Free Installation ,"Storage Geyser25 L2 Years on Product, 3 Years on Heating Element and 7 Years on Tank",geyser,8199,2.9,183.0,Economic
Ferroli 15 L Storage Water Geyser ,Storage Geyser15 L2 Years Manufacturer Warranty,geyser,7610,3.2,3.0,Economic
Crompton 15 L Storage Water Geyser ,Storage Geyser15 L2 Years Warranty,geyser,8290,2.0,7.0,Economic
BAJAJ 3 L Instant Water Geyser ,"Instant Geyser3 LPRODUCT :-4 YEARS, HEATING ELEMENT:- 6 YEARS, INNER TANK :- 5 YEARS",geyser,3599,2.8,0.0,Economic
Crompton 3 L Instant Water Geyser ,"Instant Geyser3 L2 Years Warranty provided by the manufacrer from the date of purchase: Tank - 5 Years, Heating Element - 2 Years, Product -",geyser,4949,2.5,2.0,Economic
ACTIVA 6 L Instant Water Geyser ,"Instant Geyser6 L5 Year Warranty On Inner Tank, 1 Year On Components",geyser,2999,4.2,357.0,Economic
Indo 7 L Gas Water Geyser ,Gas Geyser7 L1 Year,geyser,4785,2.2,3.0,Economic
Racold 3 L Instant Water Geyser ,Instant Geyser3 L2 Years on Product 2 Years on Heating Element 5 Years on Tank,geyser,2799,4.1,133.0,Economic
Hindware Smart Appliances 25 L Storage Water Geyser ,"Storage Geyser25 L7 Years Warranty on Tank, 3 Years Warranty on Heating Element and 2 Years Comprehensive Warranty",geyser,6999,2.8,3.0,Economic
Racold 3 L Instant Water Geyser ,"Instant Geyser3 L2 Years on Product, 2 Years on Heating Element and 5 Years on Tank",geyser,3599,5.0,0.0,Economic
Orient Electric 25 L Storage Water Geyser ,Storage Geyser25 L2 Year,geyser,8200,1.7,0.0,Economic
Jaquar 15 L Storage Water Geyser ,"Storage Geyser15 L7yrs on Tank,4yrs on heating Comp, 2yrs on others",geyser,10191,1.9,7.0,Economic
Longway 15 L Storage Water Geyser ,Storage Geyser15 L1 Year Limited Domestic Brand Warranty on Product & 5 Years on Inner Tank/Container.,geyser,3499,4.6,5453.0,Economic
Paragon 1.5 L Instant Water Geyser ,Instant Geyser1.5 LNA,geyser,1919,1.3,11.0,Economic
Candes 10 L Storage Water Geyser ,"Storage Geyser10 L1 Year Warranty on Components & 4 Years Warranty on Inner Container  including On-Site & Off-Site, Domestic & International Warranty",geyser,3459,2.7,544.0,Economic
GRINISH 1 L Instant Water Geyser ,Instant Geyser1 LNA,geyser,1399,2.9,54.0,Economic
Hindware 25 L Storage Water Geyser ,Storage Geyser25 L7 years on tank and 4 years on elements,geyser,8890,5.0,17.0,Economic
V-Guard 15 L Storage Water Geyser ,Storage Geyser15 L2 YEAR PRODUCT WARRANTY & 7 YEAR WARRANTY FOR INNER TANK,geyser,7249,3.6,1.0,Economic
Hindware Smart Appliances 25 L Storage Water Geyser ,"Storage Geyser25 L5 Years on Tank, 2 Years on Element and 2 years comprehensive",geyser,5799,4.7,0.0,Economic
Bajya 1 L Instant Water Geyser ,Instant Geyser1 L6 month  Manufaturer Warranty,geyser,883,4.0,127.0,Economic
GESTOR 15 L Storage Water Geyser ,Storage Geyser15 L1 Year Limited Domestic Brand Warranty on Product & 5 Years on Inner Tank/Container.,geyser,3590,4.3,53.0,Economic
USHA 10 L Storage Water Geyser ,"Storage Geyser10 L2 Years on Product, 3 Years on Heating Element and 8 Years on Tank",geyser,8499,1.5,1.0,Economic
zigma 25 L Storage Water Geyser ,Storage Geyser25 L1 Year Manufacture Warranty on Components and 5 Years Warranty on Inner Container.,geyser,4499,2.0,31.0,Economic
AO Smith 10 L Storage Water Geyser ,Storage Geyser10 LNA,geyser,8790,1.1,3.0,Economic
Kamyaart 1 L Instant Water Geyser ,Instant Geyser1 L1 year,geyser,917,1.3,6.0,Economic
DIGISMART 15 L Storage Water Geyser ,Storage Geyser15 L2 YEARS ON INNER TANK AND 1 YEARS ON ELECTRICAL PARTS,geyser,3599,2.6,50.0,Economic
RR SIGNATURE 15 L Storage Water Geyser ,"Storage Geyser15 L8 YEAR TANK, 3 YEAR HEATING ELEMENT,      2 YEAR PRODUTCS",geyser,6599,2.8,0.0,Economic
AO Smith 3 L Instant Water Geyser ,Instant Geyser3 L5 years tank warranty and 2 years on product.,geyser,3989,3.4,8.0,Economic
Crompton 3 L Instant Water Geyser ,"Instant Geyser3 LTank: 5 years, Heating Element: 2 years, Product: 2 years",geyser,2399,1.3,2487.0,Economic
HAVELLS 6 L Storage Water Geyser ,Storage Geyser6 L7 year warranty on inner container ; 4 year warranty on heating element ; 2 year comprehensive Warranty,geyser,8399,4.2,1.0,Economic
Racold 3 L Instant Water Geyser ,"Instant Geyser3 L2 Years on Product, 2 Years on Heating Element and 5 Years on Tank",geyser,3199,3.3,1.0,Economic
HP AMD Ryzen 7 Octa Core 5700U ,AMD Ryzen 7 Octa Core Processor16 GB DDR4 RAMWindows 11 Operating System512 GB SSD39.62 cm (15.6 Inch) Display1 Year Onsite Warranty,laptops,48990,3.2,50.0,Mid-range
Acer Swift Go 14 OLED EVO Intel Core i7 13th Gen 13700H ,Intel Core i7 Processor (13th Gen)16 GB LPDDR5 RAM64 bit Windows 11 Home Operating System1 TB SSD35.56 cm (14 inch) Display1 Year Warranty,laptops,69990,2.9,37.0,Premium
Lenovo V15 AMD Ryzen 3 Quad Core 7320U ,AMD Ryzen 3 Quad Core Processor8 GB LPDDR5 RAMWindows 11 Operating System512 GB SSD100.63 cm (39.62 cm) Display1 Year Onsite Warranty,laptops,27989,3.9,152.0,Mid-range
ASUS Intel Pentium Gold 7505 ,Intel Pentium Gold Processor8 GB DDR4 RAMWindows 11 Operating System256 GB SSD39.62 cm (15.6 Inch) Display1 Year Onsite Warranty,laptops,22990,4.7,0.0,Mid-range
"DELL Inspiron 15 with Backlit Keyboard, Intel Core i5 12th Gen 1235U ",Intel Core i5 Processor (12th Gen)8 GB DDR4 RAM64 bit Windows 11 Operating System512 GB SSD39.62 cm (15.6 Inch) Display1 Year Onsite Hardware Service,laptops,45970,1.2,10.0,Mid-range
Lenovo IdeaPad Flex 5 Intel Core i3 13th Gen 1315U ,Intel Core i3 Processor (13th Gen)8 GB LPDDR4X RAMWindows 11 Operating System512 GB SSD90.32 cm (35.56 cm) Touchscreen Display1Yr Warranty + 1 Yr Premium Care and 1 Yr Accidental Damage Protection,laptops,52990,3.5,3.0,Mid-range
HP G8 Intel Core i3 11th Gen 12 gen ,Intel Core i3 Processor (11th Gen)16 GB DDR4 RAM64 bit Windows 11 Operating System512 GB SSD39.62 cm (15.6 inch) DisplayMS OFFICE1 year Onsite Warrenty,laptops,35749,3.4,1.0,Mid-range
Infinix ZEROBOOK 13 Intel Intel Core i9 13th Gen 13900H ,Intel Core i9 Processor (13th Gen)32 GB LPDDR5X RAMWindows 11 Operating System1 TB SSD39.62 cm (15.6 inch) Display1 Year Onsite Warranty,laptops,64990,3.4,148.0,Premium
DELL Intel Core i5 13th Gen 1334U ,Intel Core i5 Processor (13th Gen)8 GB DDR4 RAM64 bit Windows 11 Operating System512 GB SSD39.62 cm (15.6 inch) Display1 Year Onsite Hardware Service,laptops,47480,2.7,4.0,Mid-range
MSI Modern 14 AMD Ryzen 5 Hexa Core 7530U ,AMD Ryzen 5 Hexa Core Processor8 GB DDR4 RAMWindows 11 Operating System512 GB SSD35.56 cm (14 Inch) Display1 Year Onsite Warranty,laptops,33990,4.4,287.0,Mid-range
Lenovo IdeaPad Slim 5 WUXGA IPS AI PC Intel Core Ultra 5 125H ,Intel Core Ultra 5 Processor16 GB LPDDR5X RAMWindows 11 Operating System512 GB SSD35.56 cm (14 inch) Display1Yr Warranty + 1 Yr Premium Care and 1 Yr Accidental Damage Protection,laptops,75190,2.7,25.0,Premium
HP Victus gaming AMD Ryzen 5 Hexa Core 5600H ,AMD Ryzen 5 Hexa Core Processor8 GB DDR4 RAMWindows 11 Operating System512 GB SSD39.62 cm (15.6 inch) Display1 Year Onsite Warranty,laptops,49990,2.9,129.0,Mid-range
Infinix GT Book Intel Core i5 12th Gen 12450H ,Intel Core i5 Processor (12th Gen)16 GB LPDDR5 RAMWindows 11 Operating System512 GB SSD40.64 cm (16 inch) DisplayControl Center1 Year Domestic Onsite Warranty On Laptop and 6 Months On Adapter,laptops,57990,1.3,17.0,Mid-range
"ASUS Vivobook 16X for Creator, Intel Core i5 12th Gen 12500H ",Intel Core i5 Processor (12th Gen)16 GB DDR4 RAMWindows 11 Operating System512 GB SSD40.64 cm (16 Inch) Display1 Year Onsite Warranty,laptops,74990,4.5,0.0,Premium
Lenovo AMD Ryzen 3 Quad Core 7330U ,AMD Ryzen 3 Quad Core Processor8 GB DDR4 RAMWindows 11 Operating System512 GB SSD39.62 cm (15.6 Inch) Display1 Year Onsite warranty,laptops,31990,5.0,2.0,Mid-range
Infinix Y1 Plus Neo Intel Celeron Quad Core 11th Gen N5100 ,Intel Celeron Quad Core Processor (11th Gen)4 GB LPDDR4X RAMWindows 11 Operating System128 GB SSD39.62 cm (15.6 Inch) Display1 Year Onsite Warranty,laptops,17990,3.3,219.0,Economic
Acer Predator Helios Neo 16 Intel Core i7 14th Gen 14700HX ,Intel Core i7 Processor (14th Gen)16 GB DDR5 RAMWindows 11 Operating System1 TB SSD40.64 cm (16 Inch) Display1 Year Carry-in Warranty,laptops,119990,2.7,1.0,Premium
Apple MacBook Air Apple M3 ,"Apple M3 Processor8 GB Unified Memory RAMMac OS Operating System256 GB SSD33.02 cm (13 Inch) DisplayBuilt-in Apps: App Store, Books, Calendar, Contacts, FaceTime, Find My, Freeform, GarageBand, Home, iMovie, Keynote, Mail, Maps, Messages, Music, Notes, Numbers, Pages, Photo Booth, Photos, Podcasts, Preview, QuickTime Player, Reminders, Safari, Shortcuts, Siri, Stocks, Time Machine, TV, Voice Memos1 Year Onsite Warranty",laptops,104990,1.3,24.0,Premium
ZEBRONICS Pro Series Z Intel Core i7 12th Gen 1255U ,Intel Core i7 Processor (12th Gen)16 GB DDR4 RAMWindows 11 Operating System1 TB SSD39.62 cm (15.6 inch) Display1 Year Carry-in Warranty,laptops,41990,3.6,27.0,Mid-range
"ASUS Vivobook Go 15, with Backlit Keyboard, 12th Gen Intel Core i3 N305 ",Intel Core i3 Processor8 GB DDR4 RAMWindows 11 Operating System512 GB SSD39.62 cm (15.6 Inch) Display1 Year Onsite Warranty,laptops,31430,3.5,9.0,Mid-range
Infinix GT Book Intel Core i5 13th Gen 13420H ,Intel Core i5 Processor (13th Gen)16 GB LPDDR5X RAMWindows 11 Operating System512 GB SSD40.64 cm (16 inch) DisplayControl Center1 Year Domestic Onsite Warranty On Laptop and 6 Months On Adapter,laptops,74990,2.2,5.0,Premium
MSI Katana 15 Intel Core i7 13th Gen 13620H ,Intel Core i7 Processor (13th Gen)16 GB DDR5 RAMWindows 11 Operating System1 TB SSD39.62 cm (15.6 Inch) Display2 Year Onsite Warranty,laptops,89990,3.1,2.0,Premium
DELL Inspiron Intel Core i5 12th Gen Core i5 ,Intel Core i5 Processor (12th Gen)8 GB DDR4 RAM64 bit Windows 11 Operating System512 GB SSD39.62 cm (15.6 inch) DisplayOffice Home & Student 20211 Year Onsite Warranty,laptops,46990,3.5,4.0,Mid-range
Acer One Intel Core i3 11th Gen 1115G4 ,Intel Core i3 Processor (11th Gen)8 GB DDR4 RAM64 bit Windows 11 Operating System256 GB SSD35.56 cm (14 Inch) Display1 Year Warranty,laptops,26990,1.5,804.0,Mid-range
Apple MacBook Air Apple M3 ,"Apple M3 Processor8 GB Unified Memory RAMMac OS Operating System512 GB SSD38.1 cm (15 Inch) DisplayBuilt-in Apps: App Store, Books, Calendar, Contacts, FaceTime, Find My, Freeform, GarageBand, Home, iMovie, Keynote, Mail, Maps, Messages, Music, Notes, Numbers, Pages, Photo Booth, Photos, Podcasts, Preview, QuickTime Player, Reminders, Safari, Shortcuts, Siri, Stocks, Time Machine, TV, Voice Memos1 Year Onsite Warranty",laptops,145490,3.6,24.0,Premium
DELL AMD Ryzen 5 Hexa Core AMD R5,AMD Ryzen 5 Hexa Core Processor8 GB DDR5 RAM64 bit Windows 11 Operating System512 GB SSD96.52 cm (38 cm) Display1 Year Onsite Hardware Service,laptops,69290,4.5,26.0,Premium
HP 255 G9 AMD Ryzen 3 Dual Core 3250 ,AMD Ryzen 3 Dual Core Processor8 GB DDR4 RAM64 bit Windows 11 Operating System512 GB SSD39.62 cm (15.6 inch) DisplayWindows 111 Year,laptops,26490,5.0,31.0,Mid-range
"DELL Inspiron 15 with Backlit Keyboard, Intel Core i3 12th Gen 1215U ",Intel Core i3 Processor (12th Gen)8 GB DDR4 RAM64 bit Windows 11 Operating System512 GB SSD39.62 cm (15.6 Inch) DisplayMicrosoft Office Home & Student 20211 Year Onsite Hardware Service,laptops,35490,3.2,12.0,Mid-range
Lenovo V15 AMD Ryzen 3 Quad Core 7320U ,AMD Ryzen 3 Quad Core Processor8 GB LPDDR5 RAMDOS Operating System512 GB SSD39.62 cm (15.6 Inch) Display1 Year Onsite Warranty,laptops,27990,1.2,9.0,Mid-range
ASUS ROG Zephyrus G16 (2024) ,"AMD Ryzen AI 9 12 Core Processor32 GB LPDDR5X RAMWindows 11 Operating System2 TB SSD40.64 cm (16 Inch) DisplayMicrosoft Office Home & Student 2021, McAfeeÂ® 1 year, Xbox Game Pass Ultimate_3 months1 Year Onsite Warranty",laptops,249990,4.0,0.0,Premium
HP Intel Celeron Dual Core N4500 ,Intel Celeron Dual Core Processor8 GB DDR4 RAMWindows 11 Operating System512 GB SSD39.62 cm (15.6 inch) Display1 Year Onsite Warranty,laptops,25444,3.2,68.0,Mid-range
"ASUS Vivobook 15, with Backlit Keyboard, Intel Core i5 12th Gen 1235U ",Intel Core i5 Processor (12th Gen)8 GB DDR4 RAMWindows 11 Operating System512 GB SSD39.62 cm (15.6 Inch) Display1 Year Onsite Warranty,laptops,47990,1.4,0.0,Mid-range
Lenovo IdeaPad Slim 5 WUXGA OLED AMD Ryzen 5 Hexa Core 7530U ,AMD Ryzen 5 Hexa Core Processor16 GB DDR4 RAMWindows 11 Operating System1 TB SSD35.56 cm (14 Inch) Display1Yr Warranty + 1 Yr Premium Care and 1 Yr Accidental Damage Protection,laptops,58390,2.6,1.0,Premium
Infinix Y4 Max Series Intel Core i7 13th Gen 1355U ,Intel Core i7 Processor (13th Gen)16 GB LPDDR4X RAMWindows 11 Operating System512 GB SSD40.64 cm (16 inch) DisplayNA1 Year Onsite Warranty,laptops,47990,4.2,0.0,Mid-range
Acer Aspire 3 AMD Ryzen 3 Quad Core 7320U ,AMD Ryzen 3 Quad Core Processor8 GB LPDDR5 RAMWindows 11 Operating System512 GB SSD39.62 cm (15.6 Inch) Display1 Year Onsite Warranty,laptops,27290,4.6,77.0,Mid-range
HP Pavilion Intel Core i7 13th Gen 1360P ,Intel Core i7 Processor (13th Gen)16 GB DDR4 RAM64 bit Windows 11 Operating System1 TB SSD39.62 cm (15.6 inch) Display1 Year Onsite Warranty,laptops,92999,4.7,22.0,Premium
Ultimus Neo Intel Core i3 10th Gen 1035G4 ,Intel Core i3 Processor (10th Gen)8 GB DDR4 RAMWindows 11 Operating System256 GB SSD35.81 cm (14.1 Inch) DisplayPre loaded windows APP1 Year Onsite Warranty,laptops,19990,2.6,0.0,Economic
Lenovo Yoga Slim 6 WUXGA OLED Intel Core i7 13th Gen 13700H ,Intel Core i7 Processor (13th Gen)16 GB LPDDR5X RAMWindows 11 Operating System512 GB SSD89.81 cm (35.36 cm) Display1Yr Warranty + 1 Yr Premium Care and 1 Yr Accidental Damage Protection,laptops,90190,3.5,1.0,Premium
HP Spectre Eyesafe Evo Intel Core i7 12th Gen 1255U ,Intel Core i7 Processor (12th Gen)16 GB LPDDR4X RAM64 bit Windows 11 Operating System512 GB SSD34.29 cm (13.5 inch) Display1 Year Onsite Warranty,laptops,132990,2.8,4.0,Premium
Lenovo ThinkBook 15 G5 AMD Ryzen 5 Hexa Core 7530U ,AMD Ryzen 5 Hexa Core Processor8 GB DDR4 RAM64 bit Windows 11 Operating System512 GB SSD39.62 cm (15.6 Inch) Display1 Year Onsite Warranty,laptops,48999,2.3,12.0,Mid-range
HP AMD Ryzen 5 Hexa Core 5500U ,"AMD Ryzen 5 Hexa Core Processor8 GB DDR4 RAM64 bit Windows 11 Operating System512 GB SSD35.56 cm (14 inch) DisplayMicrosoft Office Home & Student 2019, HP Documentation, HP SSRM, HP Smart ""1 Year Onsite Warranty",laptops,46480,1.5,577.0,Mid-range
HP Pavilion AMD Ryzen 7 Octa Core 5700U ,AMD Ryzen 7 Octa Core Processor16 GB DDR4 RAM64 bit Windows 11 Operating System1 TB SSD39.62 cm (15.6 Inch) Display1 Year Onsite Warranty,laptops,57990,3.5,5.0,Mid-range
Lenovo Intel Core i5 12th Gen 12450H ,Intel Core i5 Processor (12th Gen)8 GB LPDDR5 RAMWindows 11 Operating System512 GB SSD35.81 cm (14.1 Inch) Display1 Year Onsite Warranty,laptops,44990,4.1,0.0,Mid-range
Infinix Y3 Max Series Intel Core i7 12th Gen 1255U ,Intel Core i7 Processor (12th Gen)16 GB LPDDR4X RAMWindows 11 Operating System512 GB SSD40.64 cm (16 Inch) Display1 Year Onsite Warranty,laptops,44990,4.9,0.0,Mid-range
DELL Inspiron 16 5630 Intel Core i5 13th Gen 1335U ,Intel Core i5 Processor (13th Gen)16 GB LPDDR5 RAMWindows 11 Operating System512 GB SSD40.64 cm (16 inch) Display1-year warranty,laptops,68490,4.8,0.0,Premium
Acer Aspire 3 Intel Core i5 12th Gen 1235U ,Intel Core i5 Processor (12th Gen)16 GB DDR4 RAM64 bit Windows 11 Operating System512 GB SSD39.62 cm (15.6 Inch) Display1 Year International Travelers Warranty,laptops,45990,1.1,60.0,Mid-range
Lenovo Yoga Slim 7 WUXGA OLED AI PC Intel Core Ultra 7 155H ,Intel Core Ultra 7 Processor32 GB LPDDR5X RAMWindows 11 Operating System1 TB SSD35.56 cm (14 inch) Display1Yr Warranty + 1 Yr Premium Care and 1 Yr Accidental Damage Protection,laptops,108190,4.7,1.0,Premium
Acer Aspire 7 Intel Core i5 12th Gen 12450H ,Intel Core i5 Processor (12th Gen)16 GB DDR4 RAMWindows 11 Operating System512 GB SSD39.62 cm (15.6 Inch) Display1 Year Onsite Warranty,laptops,49990,2.5,254.0,Mid-range
Acer Swift Go 14 OLED AI PC Intel Core Ultra 7 155H ,Intel Core Ultra 7 Processor16 GB LPDDR5X RAMWindows 11 Operating System1 TB SSD35.56 cm (14 Inch) Display1 Year Carry-in Warranty,laptops,99990,5.0,5.0,Premium
Acer One 11 Intel Celeron Dual Core N4500 ,Intel Celeron Dual Core Processor8 GB DDR4 RAMWindows 11 Operating System256 GB SSD29.46 cm (11.6 inch) Display1 Year Onsite Warranty,laptops,20990,1.3,3.0,Mid-range
Acer Chromebook Intel Celeron Dual Core N4500 ,Intel Celeron Dual Core Processor8 GB LPDDR4X RAMChrome Operating System35.56 cm (14 inch) Display1 Year Onsite Warranty,laptops,13990,4.0,17.0,Economic
DELL Vostro Intel Core i5 11th Gen ,Intel Core i5 Processor (11th Gen)8 GB DDR4 RAMWindows 11 Operating System1 TB HDD|256 GB SSD39.62 cm (15.6 inch) Display1 YEAR,laptops,46990,3.9,0.0,Mid-range
HP 247 G8 AMD Ryzen 5 Dual Core 3500U ,AMD Ryzen 5 Dual Core Processor8 GB DDR4 RAM64 bit DOS Operating System512 GB SSD35.56 cm (14 inch) DisplayWindows1 year warranty,laptops,36220,2.4,6.0,Mid-range
MSI Sword 16 HX Intel Core i7 14th Gen 14700HX ,Intel Core i7 Processor (14th Gen)16 GB DDR5 RAMWindows 11 Operating System1 TB SSD40.64 cm (16 Inch) Display2 Year Onsite Warranty,laptops,117990,2.9,0.0,Premium
ASUS Intel Core i5 12th Gen 12500H ,Intel Core i5 Processor (12th Gen)16 GB DDR4 RAMWindows 11 Operating System512 GB SSD40.64 cm (16 Inch) Display1 Year Onsite Warranty,laptops,51990,1.9,0.0,Mid-range
ASUS Vivobook 15 Intel Core i3 11th Gen 1115G4 ,Intel Core i3 Processor (11th Gen)8 GB DDR4 RAM64 bit Windows 11 Operating System256 GB SSD39.62 cm (15.6 Inch) DisplayNot Applicable1 Year Onsite Warranty,laptops,28990,2.9,331.0,Mid-range
Lenovo IdeaPad Slim 3 Intel Intel Celeron Dual Core N4020 ,Intel Celeron Dual Core Processor8 GB DDR4 RAM64 bit Windows 11 Operating System256 GB SSD39.62 cm (15.6 Inch) Display2 Years On-Site Warranty,laptops,26499,2.1,0.0,Mid-range
SAMSUNG Galaxy Book4 Metal Intel Core i3 13th Gen 1315U ,Intel Core i3 Processor (13th Gen)8 GB LPDDR4X RAMWindows 11 Operating System512 GB SSD39.62 cm (15.6 Inch) Display1 Year Onsite Warranty,laptops,38990,2.2,35.0,Mid-range
Acer Aspire 3 Intel Core i7 12th Gen 1255U ,Intel Core i7 Processor (12th Gen)16 GB DDR4 RAM64 bit Windows 11 Operating System1 TB SSD35.56 cm (14 Inch) Display1 Year Domestic Warranty,laptops,48990,2.1,2.0,Mid-range
ASUS TUF Gaming F15 Intel Core i5 10th Gen 10300H ,Intel Core i5 Processor (10th Gen)8 GB DDR4 RAM64 bit Windows 11 Operating System512 GB SSD39.62 cm (15.6 inch) Display1 Year Onsite Warranty,laptops,50490,2.0,639.0,Mid-range
Infinix Y2 series Intel Core i3 11th Gen 1115G4 ,Intel Core i3 Processor (11th Gen)16 GB LPDDR4X RAMWindows 11 Operating System512 GB SSD39.62 cm (15.6 Inch) Display1 Year Onsite warranty,laptops,44990,3.5,283.0,Mid-range
MSI Prestige 14 Studio AI PC Intel Core Ultra 7 1st Gen 155H ,Intel Core Ultra 7 Processor (1st Gen)32 GB DDR5 RAMWindows 11 Operating System1 TB SSD35.56 cm (14 Inch) Display2 Year Warranty Term,laptops,117990,2.7,0.0,Premium
DELL Intel Core i3 13th Gen 1305U ,Intel Core i3 Processor (13th Gen)8 GB DDR4 RAMWindows 11 Operating System512 GB SSD39.62 cm (15.6 Inch) Display1 Year Onsite Warranty,laptops,37990,1.9,2.0,Mid-range
DELL Inspiron AMD Ryzen 3 Dual Core 3250U ,AMD Ryzen 3 Dual Core Processor8 GB DDR4 RAM64 bit Windows 10 Operating System256 GB SSD39.62 cm (15.6 inches) Display1 Year Onsite Warranty,laptops,30990,3.5,65.0,Mid-range
DELL XPS 13 Intel Core i7 8th Gen 8550U ,Intel Core i7 Processor (8th Gen)16 GB DDR3 RAM64 bit Windows 10 Operating System512 GB SSD33.78 cm (13.3 inch) DisplayMicrosoft Office Home and Student 20161 Year Onsite Warranty,laptops,93990,4.2,0.0,Premium
DELL Inspiron Intel Core i5 12th Gen 1235U ,"Processor: Intel i5-1235U (Base- 3.30 GHz & Turbo up to 4.40 GHz) 10 CoresRAM & Storage: 16GB DDR4 & 512GB SSDGraphics & Keyboard: Integrated & Backlit Keyboard + Fingerprint ReaderDisplay: 14.0"" FHD+ WVA Truelife Touch Narrow Border 250 nits, Dell Active PenIntel Core i5 Processor (12th Gen)16 GB DDR4 RAM64 bit Windows 11 Operating System512 GB SSD35.56 cm (14 inch) Touchscreen DisplayOffice Home and Student 20211 Year Onsite Hardware Service",laptops,73990,2.3,5.0,Premium
Lenovo Yoga Pro 9 3.2K IPS AI PC Intel Core Ultra 9 185H ,Intel Core Ultra 9 Processor32 GB LPDDR5X RAMWindows 11 Home Operating System1 TB SSD40.64 cm (16 inch) Touchscreen DisplayOffice Home & Student 20211 Year Carry-in Warranty,laptops,177190,2.0,0.0,Premium
Lenovo Intel Core i5 12th Gen 12450H ,Intel Core i5 Processor (12th Gen)16 GB LPDDR5 RAMWindows 11 Operating System1 TB SSD35.56 cm (14 inch) Display1 Year warranty,laptops,59100,2.9,0.0,Premium
Apple MacBook Air Apple M3 ,"Apple M3 Processor8 GB Unified Memory RAMMac OS Operating System256 GB SSD33.02 cm (13 Inch) DisplayBuilt-in Apps: App Store, Books, Calendar, Contacts, FaceTime, Find My, Freeform, GarageBand, Home, iMovie, Keynote, Mail, Maps, Messages, Music, Notes, Numbers, Pages, Photo Booth, Photos, Podcasts, Preview, QuickTime Player, Reminders, Safari, Shortcuts, Siri, Stocks, Time Machine, TV, Voice Memos1 Year Onsite Warranty",laptops,104990,4.4,24.0,Premium
Thomson 8.5 kg,1400 RPM Max Speed5 Star Rating2 Years Comprehensive Warranty on Product and 5 Years Warranty on Motor,washing machine,8790,3.4,1149.0,Economic
Voltas Beko by A Tata Product 7 kg,1350 RPM Max Speed5 Star Rating2 Years Comprehensive,washing machine,8287,4.5,125.0,Economic
Whirlpool 8 kg,1400 RPM Max Speed5 Star RatingWith In-Built Heater2 Years Warranty on Product and 8 Years Warranty on Motor,washing machine,31990,2.5,35.0,Mid-range
MarQ by Flipkart 7 kg,1350 rpm Max Speed5 Star Rating2 Years Warranty on Product and 5 Years Warranty on Motor,washing machine,7290,1.3,5142.0,Economic
IFB 10 kg,"1400 RPM Max Speed5 Star RatingWith In-Built HeaterWith Wi-Fi Connectivity4 Years Comprehensive Warranty on Product, 10 Years Warranty on Motor, 10 Years Spares Support",washing machine,48190,2.0,8238.0,Mid-range
LG 8 kg,1400 rpm Max Speed5 Star RatingWith In-Built Heater2 Years Comprehensive Warranty on Product and 10 Years Warranty on Motor T&C,washing machine,34990,1.3,1704.0,Mid-range
Voltas Beko 11 kg,700 rpm Max Speed5 Star Rating1 Year Comprehensive Warranty on Product and 5 Years Warranty on Motor,washing machine,20590,3.0,27.0,Economic
LG 8 kg,1200 rpm Max Speed5 Star Rating2 Years Comprehensive Warranty on Product and 10 Years Warranty on Motor,washing machine,36990,1.6,32.0,Mid-range
Godrej 8 kg,650 rpm Max Speed5 Star Rating2 Years Comprehensive Warranty on Product and 10 Years Warranty on Motor,washing machine,18490,4.1,175.0,Economic
Haier 10 kg,1300 rpm Max Speed5 Star Rating3 Years Warranty on Product and 5 Years Warranty on Wash Motor,washing machine,15990,1.7,99.0,Economic
LG 8 kg,700 rpm Max Speed5 Star Rating2 Years Comprehensive Warranty on Product and 10 Years Warranty on Motor (T&C),washing machine,18990,2.5,4827.0,Economic
Godrej 8 kg,1440 RPM Max Speed5 Star Rating2 Years Comprehensive Warranty and 5 Years Warranty on Motor from Godrej,washing machine,14790,2.6,36.0,Economic
ONIDA 6.5 kg,700 rpm Max Speed5 Star Rating2 Years Comprehensive Warranty on Product and 10 Years Warranty on Wash Motor from Onida,washing machine,11990,3.4,1481.0,Economic
Whirlpool 10 kg,740 rpm Max Speed5 Star RatingWith In-Built Heater3 Years Warranty on Product and 10 Years Warranty on Motor,washing machine,26999,3.7,0.0,Mid-range
SAMSUNG 10 kg,"700 rpm Max Speed5 Star Rating2 years comprehensive warranty on the product, 20 years warranty on the DIT Motor",washing machine,26290,1.0,1.0,Mid-range
Godrej 7 kg,720 RPM Max Speed5 Star Rating2 Years Comprehensive Warranty on Product and 10 Years Warranty on Wash Motor,washing machine,13490,2.4,175.0,Economic
realme TechLife 6.5 kg,700 rpm Max Speed5 Star Rating2 Years Comprehensive Warranty on Product and 5 Years Warranty on Motor,washing machine,10990,1.8,34.0,Economic
Godrej 10 kg,1400 rpm Max Speed5 Star Rating2 Years Comprehensive Warranty on Product and 5 Years Warranty on Motor,washing machine,16472,4.5,0.0,Economic
LG 10 kg,1300 rpm Max Speed5 Star Rating2 Years Comprehensive and 5 Years on Motor from LG,washing machine,18979,2.0,74.0,Economic
Lloyd by Havells 8 kg,1300 rpm Max Speed5 Star Rating2 Years Warranty on Product and 5 Years Warranty on Motor,washing machine,11490,4.2,163.0,Economic
SAMSUNG 7 kg,1200 rpm Max Speed5 Star RatingWith In-Built Heater2 Years Comprehensive Warranty on Product and 20 Years Warranty on Digital Inverter Motor,washing machine,31880,1.5,0.0,Mid-range
Whirlpool 11 kg,1400 RPM Max Speed5 Star Rating2 Years Comprehensive Warranty and 5 Years Warranty on Motor and Prime Mover From Whirlpool,washing machine,15280,2.5,45.0,Economic
Haier 7 KG,800 rpm Max Speed5 Star Rating2 Years Warranty on Product and 10 Years Warranty on Motor,washing machine,15890,3.3,24.0,Economic
Haier 8 kg,1200 rpm Max Speed5 Star Rating5 Years Warranty on Product and 12 Years Warranty on Motor,washing machine,28990,1.5,97.0,Mid-range
Godrej 12 Kg,750 rpm Max Speed5 Star Rating2 Years Comprehensive Warranty on Product and 5 Years Warranty on Motor,washing machine,16980,2.7,179.0,Economic
SAMSUNG 10 kg,"700 rpm Max Speed5 Star Rating2 years comprehensive warranty on the product, 20 years warranty on the DIT Motor",washing machine,30990,4.3,4973.0,Mid-range
MOTOROLA 10.5 kg,1400 rpm Max Speed5 Star RatingWith In-Built Heater2 Years Comprehensive and 10 Years on Motor From Motorola,washing machine,25490,4.7,286.0,Mid-range
Godrej 9 kg,1400 rpm Max Speed5 Star RatingWith In-Built Heater4 Years Comprehensive Warranty on Product and 10 Years Warranty on Motor,washing machine,37990,1.7,19.0,Mid-range
BOSCH 8 Kg,1400 rpm Max Speed5 Star RatingWith In-Built Heater2 Years Comprehensive Warranty on Product and 10 Years Warranty on Motor,washing machine,35890,1.4,49.0,Mid-range
Sansui 7.5 kg,700 RPM Max Speed5 Star Rating2 Years Comprehensive Warranty on Product and 8 Years Additional Warranty on Motor,washing machine,12990,1.5,11.0,Economic
Whirlpool 8 kg,"1400 rpm Max Speed5 Star Rating2 Years
  Comprehensive Warranty and 5 Years Warranty on Wash Motor and Prime Mover
  from Whirlpool",washing machine,12350,3.2,560.0,Economic
IFB 8 kg,"1400 RPM Max Speed5 Star RatingWith In-Built Heater4 Years Comprehensive Warranty, 10 Years Motor Warranty, 10 Years Spares Support",washing machine,36990,1.7,199.0,Mid-range
Voltas 7.5 kg,"780 RPM Max Speed1 Star Rating1 Year Comprehensive Warranty on Product, 5 Years Warranty on Motor",washing machine,5850,3.0,0.0,Economic
SAMSUNG 8 kg,"1350 rpm Max Speed5 Star Rating2 years on product, 2 years on motor (T&C Apply)",washing machine,15799,3.6,34.0,Economic
realme TechLife 7 kg,1400 rpm Max Speed5 Star RatingWith In-Built Heater2 Years Comprehensive Warranty on Product and 10 Years Warranty on Motor from realme TechLife,washing machine,21190,4.7,104.0,Mid-range
LG 7 kg,780 RPM Max SpeedWith In-Built Heater2 Years Warranty on Product and 10 Years on Motor,washing machine,23000,2.3,0.0,Mid-range
BOSCH 7 kg,680 RPM Max Speed2 Year Warranty on Product,washing machine,22300,4.4,0.0,Mid-range
Thomson 9 kg,700 rpm Max Speed2 Years Warranty on Product and 5 Years Warranty on Motor,washing machine,15290,4.7,119.0,Economic
Voltas Beko by A Tata Product 8 kg,720 rpm Max Speed5 Star Rating3 Years Comprehensive Warranty and 12 Years Motor Warranty,washing machine,18290,4.0,14.0,Economic
LG 9 kg,700 rpm Max Speed5 Star Rating2 Years Comprehensive Warranty and 10 Years Warranty on Motor from LG,washing machine,29690,1.0,100.0,Mid-range
LG 7 kg,700 rpm Max Speed5 Star Rating2 Years Comprehensive Warranty on Product and 10 Years Warranty on Motor from LG,washing machine,22087,3.5,73.0,Mid-range
Whirlpool 9 kg,1400 RPM Max Speed5 Star Rating2 Years Comprehensive Warranty on Product and 10 Years Warranty on Wash Motor and Prime Mover,washing machine,13350,2.9,1.0,Economic
LG 9 kg,1400 RPM Max Speed5 Star RatingWith Wi-Fi Connectivity2 Years Warranty on Product and 10 Years on Motor,washing machine,39990,3.9,1.0,Mid-range
Hafele 7 kg,"1200 RPM Max Speed5 Star RatingWith In-Built Heater3 Years Comprehensive Warranty,12 Years Motor Warranty and 12Years Spare Parts Support",washing machine,30999,1.8,0.0,Mid-range
IFB 8 kg,"1200 rpm Max Speed5 Star RatingWith In-Built Heater4 Years Comprehensive Warranty on Product, 10 Years Motor Warranty, 10 Years Spares Support",washing machine,33990,2.2,32.0,Mid-range
Whirlpool 7.5 kg,1400 rpm Max Speed5 Star Rating2 Years Comprehensive Warranty and 10 Years on Wash Motor,washing machine,12490,4.0,7.0,Economic
Equator 8 kg,800 RPM Max Speed2 Years Comprehensive Warranty on Product and 10 Years on Motor,washing machine,13718,2.9,2.0,Economic
Voltas Beko by A Tata Product 9 kg,600 RPM Max Speed5 Star Rating2 year standard + 03 year extended warranty on spin motor,washing machine,13485,1.5,3.0,Economic
LG 7 kg,780 rpm Max Speed5 Star Rating2 Years Comprehensive Warranty on Product and 10 Years Warranty on Motor from LG,washing machine,21490,3.3,32.0,Mid-range
Godrej 7 kg,700 rpm Max Speed2 Years comprehensive warranty  and 10 Years Warranty on Motor from Godrej,washing machine,20990,1.9,19.0,Economic
SAMSUNG 7 kg,"1350 rpm Max Speed5 Star Rating2 years on product, 2 years on motor (T&C Apply)",washing machine,11190,2.5,2498.0,Economic
LG 7.5 kg,700 rpm Max Speed5 Star Rating2 Years Comprehensive Warranty on Product and 10 Years Warranty on Motor,washing machine,23127,4.5,0.0,Mid-range
Whirlpool 8 kg,1200 rpm Max Speed2 Years Comprehensive Warranty and 5 Years Warranty on Motor from Whirlpool,washing machine,30990,4.5,20.0,Mid-range
LG 8 kg,1300 RPM Max Speed5 Star Rating2 YEARS COMPREHENSIVE WARRANTY,washing machine,13999,1.7,2.0,Economic
Voltas Beko by A Tata Product 8.5 kg,1300 rpm Max Speed5 Star Rating2 Years Warranty on Product and 3 Years on Motor,washing machine,13900,3.2,65.0,Economic
Midea 7.5 kg,1300 rpm Max Speed2 Years Warranty on Product and 5 Years Warranty on Wash Motor,washing machine,19101,1.7,4.0,Economic
Voltas Beko by A Tata Product 6.5 kg,700 rpm Max Speed5 Star Rating3 Years Comprehensive and Additional 9 Years On Motor from Voltas Beko,washing machine,16400,2.2,3.0,Economic
Lloyd by Havells 7 kg,680 rpm Max Speed5 Star Rating2 Years Comprehensive on Washing Machine and 10 Years on Motor from Lloyd,washing machine,22390,3.6,30.0,Mid-range
Equator 9/6 kg,1400 rpm Max SpeedWith In-Built Heater2 Years Comprehensive Warranty on Product and 10 Years Warranty on Motor T&C,washing machine,37548,4.5,0.0,Mid-range
Lloyd by Havells 8.5 kg,"1300 rpm Max Speed5 Star Rating2 Years Warranty on Product, 5 Years Warranty on Motor",washing machine,15499,2.8,3.0,Economic
SAMSUNG 7.5 kg,"1300 RPM Max Speed5 Star Rating2 Years warranty on product, 5 Years warranty on motor",washing machine,14290,4.7,0.0,Economic
Whirlpool 6.5 kg,740 rpm Max Speed5 Star RatingWith In-Built Heater2 Years Comprehensive Warranty on Product and 10 Years Additional Warranty on Motor,washing machine,15990,4.0,1466.0,Economic
White Westinghouse (Trademark by Electrolux) 9 kg,1400 rpm Max Speed5 Star Rating2 Years Warranty on Product and 4 Years on Motor,washing machine,10499,1.5,7.0,Economic
Electrolux 7.5 kg,1200 rpm Max Speed2 Years Standard Warranty on Product and 10 Years Warranty on Inverter Motor,washing machine,63490,1.2,0.0,Premium
