Product_Name,Product_Description,Product_Type,Price,Ratings,No_of_reviews,Predicted_Category
Motorola Edge 50 Fusion ,12 GB RAM | 256 GB ROM17.02 cm (6.7 inch) Full HD+ Display50MP + 13MP | 32MP Front Camera5000 mAh Battery7s Gen 2 Processor1 Year on Handset and 6 Months on Accessories,Android mobile,23999,1.9,4044.0,Mid-range
vivo T3 Lite 5G ,6 GB RAM | 128 GB ROM | Expandable Upto 1 TB16.66 cm (6.56 inch) Display50MP + 2MP | 8MP Front Camera5000 mAh BatteryDimensity 6300 Processor1 Year Manufacturer Warranty for Device and 6 Months Manufacturer Warranty for Inbox Accessories,Android mobile,11499,3.9,1212.0,Economic
Infinix GT 20 Pro ,12 GB RAM | 256 GB ROM17.22 cm (6.78 inch) Full HD+ Display108MP (OIS) + 2MP + 2MP | 32MP Front Camera5000 mAh BatteryDimensity 8200 Ultimate Processor1 Year Warranty,Android mobile,24999,1.5,296.0,Mid-range
Motorola G85 5G ,8 GB RAM | 128 GB ROM16.94 cm (6.67 inch) Full HD+ Display50MP + 8MP | 32MP Front Camera5000 mAh Battery6s Gen 3 Processor1 Year on Handset and 6 Months on Accessories,Android mobile,16999,1.4,3091.0,Economic
POCO C61  - Locked with Airtel Prepaid ,4 GB RAM | 64 GB ROM | Expandable Upto 1 TB17.04 cm (6.71 inch) HD+ Display8MP Rear Camera | 5MP Front Camera5000 mAh BatteryHelio G36 Processor1 Year Manufacturer Warranty for Phone and 6 Months Warranty for In the Box Accessories,Android mobile,5799,1.1,1073.0,Economic
realme P2 Pro 5G ,12 GB RAM | 512 GB ROM17.02 cm (6.7 inch) Full HD+ Display50MP + 8MP | 32MP Front Camera5200 mAh Battery7s Gen2 Processor1 Year Manufacturer Warranty for Device and 6 Months Manufacturer Warranty for Inbox Accessories,Android mobile,27999,3.9,98.0,Mid-range
MOTOROLA Edge 50 ,8 GB RAM | 256 GB ROM16.94 cm (6.67 inch) Display50MP + 13MP + 10MP | 32MP Front Camera5000 mAh BatterySnapdragon 7 Gen 1 Accelerated Edition Processor1 Year Warranty on Handset and 6 Months Warranty on Accessories,Android mobile,26999,3.8,690.0,Mid-range
realme C61 ,4 GB RAM | 64 GB ROM | Expandable Upto 2 TB17.13 cm (6.745 inch) HD+ Display32MP Rear Camera | 5MP Front Camera5000 mAh BatteryT612 Processor1 Year Manufacturer Warranty for Device and 6 Months Manufacturer Warranty for Inbox Accessories,Android mobile,7699,5.0,65.0,Economic
REDMI 13c 5G ,6 GB RAM | 128 GB ROM17.12 cm (6.74 inch) Display50MP Rear Camera5000 mAh Battery1 Year,Android mobile,10608,2.9,594.0,Economic
REDMI 13c 5G ,4 GB RAM | 128 GB ROM17.12 cm (6.74 inch) Display50MP Rear Camera5000 mAh Battery1 Year,Android mobile,9447,2.5,959.0,Economic
REDMI 13C ,4 GB RAM | 128 GB ROM | Expandable Upto 1 TB17.12 cm (6.74 inch) HD+ Display50MP Rear Camera | 8MP Front Camera5000 mAh BatteryHelio G85 Processor1 Year Manufacturer Warranty for Phone and 6 Months Warranty for In the Box Accessories,Android mobile,7199,3.8,2292.0,Economic
Google Pixel 7a ,8 GB RAM | 128 GB ROM15.49 cm (6.1 inch) Full HD+ Display64MP (OIS) + 13MP | 13MP Front Camera4300 mAh BatteryTensor G2 Processor1 Year Domestic Warranty,Android mobile,31999,1.2,2213.0,Mid-range
vivo T3 Ultra ,12 GB RAM | 256 GB ROM17.22 cm (6.78 inch) Display50MP + 8MP | 50MP Front Camera5500 mAh BatteryDimensity 9200+ Processor1 Year Warranty on Handset and 6 Months Warranty on Accessories,Android mobile,35999,4.5,119.0,Mid-range
Nothing Phone ,8 GB RAM | 128 GB ROM17.02 cm (6.7 inch) Full HD+ Display50MP (OIS) + 50MP | 32MP Front Camera5000 mAh BatteryDimensity 7200 Pro Processor1 Year Manufacturing Warranty,Android mobile,22999,3.7,5294.0,Mid-range
realme 12 Pro 5G ,8 GB RAM | 256 GB ROM17.02 cm (6.7 inch) Full HD+ Display50MP + 8MP + 32MP | 16MP Front Camera5000 mAh BatterySnapdragon 6 Gen 1 Processor1 Year Manufacturer Warranty for Device and 6 Months Manufacturer Warranty for Inbox Accessories,Android mobile,26999,4.0,2515.0,Mid-range
realme 13 Pro+ 5G ,12 GB RAM | 512 GB ROM17.02 cm (6.7 inch) Full HD+ Display50MP + 8MP + 50MP | 32MP Front Camera5200 mAh BatterySnapdragon 7s Gen2 Processor1 Year Manufacturer Warranty for Device and 6 Months Manufacturer Warranty for Inbox Accessories,Android mobile,34999,4.9,223.0,Mid-range
REDMI 13C 5G ,4 GB RAM | 128 GB ROM | Expandable Upto 1 TB17.12 cm (6.74 inch) HD+ Display50MP Rear Camera | 5MP Front Camera5000 mAh BatteryMediatek Dimensity 6100+ Processor1 Year Manufacturer Warranty for Phone and 6 Months Warranty for In the Box Accessories,Android mobile,8999,2.9,959.0,Economic
realme P1 Pro 5G ,8 GB RAM | 256 GB ROM17.02 cm (6.7 inch) Full HD+ Display50MP + 8MP | 16MP Front Camera5000 mAh Battery6 Gen 1 Processor1 Year Manufacturer Warranty for Device and 6 Months Manufacturer Warranty for Inbox Accessories,Android mobile,20999,4.3,1377.0,Mid-range
realme NARZO 70X 5G ,"8 GB RAM | 128 GB ROM17.07 cm (6.72 inch) Display50MP Rear Camera5000 mAh BatteryDimensity 6100 Plus, Octa Core Processor1 Year Domestic Warranty for Phone and 6 Months Warranty for In-Box Accessories",Android mobile,12923,4.4,31.0,Economic
realme 12 Pro 5G ,12 GB RAM | 256 GB ROM17.02 cm (6.7 inch) Full HD+ Display50MP + 8MP + 32MP | 16MP Front Camera5000 mAh BatterySnapdragon 6 Gen 1 Processor1 Year Manufacturer Warranty for Device and 6 Months Manufacturer Warranty for Inbox Accessories,Android mobile,24999,1.0,552.0,Mid-range
IQOO z9x ,6 GB RAM | 128 GB ROM | Expandable Upto 1 TB17.07 cm (6.72 inch) Full HD+ Display50MP + 2MP | 8MP Front Camera6000 mAh BatteryQualcomm SM6450 Snapdragon 6 Gen 1 Processor1 Year on Handset and 6 Months on Accessories,Android mobile,13892,4.4,126.0,Economic
SAMSUNG Galaxy S23 5G ,8 GB RAM | 128 GB ROM15.49 cm (6.1 inch) Full HD+ Display50MP + 10MP + 12MP | 12MP Front Camera3900 mAh Lithium Ion BatteryQualcomm Snapdragon 8 Gen 2 Processor1 Year Manufacturer Warranty for Device and 6 Months Manufacturer Warranty for In-Box Accessories,Android mobile,39999,3.9,2674.0,Mid-range
realme 13 Pro+ 5G ,12 GB RAM | 256 GB ROM17.02 cm (6.7 inch) Full HD+ Display50MP + 8MP + 50MP | 32MP Front Camera5200 mAh BatterySnapdragon 7s Gen2 Processor1 Year Manufacturer Warranty for Device and 6 Months Manufacturer Warranty for Inbox Accessories,Android mobile,32999,4.6,223.0,Mid-range
REDMI Note 13 Pro 5G ,8 GB RAM | 256 GB ROM16.94 cm (6.67 inch) Display200MP (OIS) + 8MP + 2MP | 16MP Front Camera5100 mAh Battery7s Gen 2 Mobile Platform 5G Processor1 Year Manufacturer Warranty for Phone and 6 Months Warranty for In the Box Accessories,Android mobile,24999,2.6,1791.0,Mid-range
REDMI Note 13 Pro+ 5G ,8 GB RAM | 256 GB ROM16.94 cm (6.67 inch) Display200MP (OIS) + 8MP + 2MP | 16MP Front Camera5000 mAh BatteryDimensity 7200 Ultra 5G Processor1 Year Manufacturer Warranty for Phone and 6 Months Warranty for In the Box Accessories,Android mobile,27999,3.1,943.0,Mid-range
SAMSUNG Galaxy S23 5G ,8 GB RAM | 256 GB ROM15.49 cm (6.1 inch) Full HD+ Display50MP + 10MP + 12MP | 12MP Front Camera3900 mAh Lithium Ion BatteryQualcomm Snapdragon 8 Gen 2 Processor1 Year Manufacturer Warranty for Device and 6 Months Manufacturer Warranty for In-Box Accessories,Android mobile,44999,1.6,2674.0,Mid-range
realme GT 6 ,8 GB RAM | 256 GB ROM17.22 cm (6.78 inch) Full HD+ Display50MP + 8MP + 50MP | 32MP Front Camera5500 mAh Battery8s Gen 3 Mobile Platform Processor1 Year Manufacturer Warranty for Device and 6 Months Manufacturer Warranty for Inbox Accessories,Android mobile,40999,3.1,140.0,Mid-range
SAMSUNG Galaxy A15 5G ,8 GB RAM | 128 GB ROM | Expandable Upto 1 TB16.51 cm (6.5 inch) Full HD+ Display50MP + 5MP + 2MP | 13MP Front Camera5000 mAh BatteryDimensity 6100+ Processor1 Year Manufacturer Warranty for Device and 6 Months for In-Box Accessories,Android mobile,16267,3.7,136.0,Economic
realme P1 5G ,8 GB RAM | 256 GB ROM | Expandable Upto 2 TB16.94 cm (6.67 inch) Full HD+ Display50MP + 2MP | 16MP Front Camera5000 mAh BatteryDimensity 7050 Processor1 Year Manufacturer Warranty for Device and 6 Months Manufacturer Warranty for Inbox Accessories,Android mobile,18999,2.5,1323.0,Economic
vivo V40 5G ,8 GB RAM | 128 GB ROM17.22 cm (6.78 inch) Full HD+ Display50MP + 50MP | 50MP Front Camera5500 mAh BatterySnapdragon 7 Gen 3 Processor1 Year Warranty on Handset and 6 Months Warranty on Accessories,Android mobile,34999,5.0,410.0,Mid-range
realme 13 Pro 5G ,8 GB RAM | 128 GB ROM17.02 cm (6.7 inch) Full HD+ Display50MP + 8MP + 2MP | 32MP Front Camera5200 mAh BatterySnapdragon 7s Gen2 Processor1 Year Manufacturer Warranty for Device and 6 Months Manufacturer Warranty for Inbox Accessories,Android mobile,24999,4.6,232.0,Mid-range
itel Aura 05i|Leather Finish|4000 Mah Battery|Type C Charging Support ,2 GB RAM | 32 GB ROM | Expandable Upto 128 GB16.76 cm (6.6 inch) HD+ Display5MP + 0.8MP | 5MP Front Camera4000 mAh BatteryUnisoc SC9863A1 Processor1 Year Manufacturer Warranty for Device and 6 Months Manufacturer Warranty for Inbox Accessories,Android mobile,5590,3.1,31.0,Economic
itel Aura 05i|Leather Finish|4000 Mah Battery|Type C Charging Support ,2 GB RAM | 32 GB ROM | Expandable Upto 128 GB16.76 cm (6.6 inch) HD Display5MP + 0.3MP4000 mAh BatteryUnisoc SC9863A1 Processor1 Year Manufacturer Warranty for Device and 6 Months Manufacturer Warranty for Inbox Accessories,Android mobile,5620,3.1,31.0,Economic
realme C65 5G ,8 GB RAM | 128 GB ROM | Expandable Upto 2 TB16.94 cm (6.67 inch) HD+ Display50MP Rear Camera | 8MP Front Camera5000 mAh BatteryDimensity 6300 Processor1 Year Manufacturer Warranty for Device and 6 Months Manufacturer Warranty for Inbox Accessories,Android mobile,13490,2.4,1.0,Economic
realme 12+ 5G ,8 GB RAM | 256 GB ROM | Expandable Upto 2 TB16.94 cm (6.67 inch) Full HD+ Display50MP + 8MP + 2MP | 16MP Front Camera5000 mAh BatteryDimensity 7050 Processor1 Year Manufacturer Warranty for Device and 6 Months Manufacturer Warranty for Inbox Accessories,Android mobile,21999,3.5,1532.0,Mid-range
POCO M6 5G ,4 GB RAM | 128 GB ROM | Expandable Upto 1 TB17.12 cm (6.74 inch) HD+ Display50MP Rear Camera | 5MP Front Camera5000 mAh BatteryMediatek Dimensity 6100+ Processor1 Year Manufacturer Warranty for Phone and 6 Months Warranty for In the Box Accessories,Android mobile,9249,2.5,3297.0,Economic
Tecno Spark Go 2024 ,4 GB RAM | 64 GB ROM | Expandable Upto 1 TB16.66 cm (6.56 inch) HD+ Display13MP + 0.8MP | 8MP Front Camera5000 mAh BatteryUnisoc T606 ProcessorDomestic Warranty of 12 Months on Phone & 6 Months on Accessories,Android mobile,7199,3.9,48.0,Economic
realme 13+ 5G ,8 GB RAM | 256 GB ROM | Expandable Upto 2 TB16.94 cm (6.67 inch) Full HD+ Display50MP + 2MP | 16MP Front Camera5000 mAh BatteryDimensity 7300 Energy Processor1 Year Manufacturer Warranty for Device and 6 Months Manufacturer Warranty for Inbox Accessories,Android mobile,24999,3.9,25.0,Mid-range
SAMSUNG Galaxy S24 Ultra 5G ,12 GB RAM | 256 GB ROM17.27 cm (6.8 inch) Quad HD+ Display200MP + 50MP + 12MP + 10MP | 12MP Front Camera5000 mAh BatterySnapdragon 8 Gen 3 Processor1 Year Manufacturer Warranty for Device and 6 Months for In-Box Accessories,Android mobile,121999,2.5,260.0,Premium
Infinix Note 40X 5G ,12 GB RAM | 256 GB ROM | Expandable Upto 1 TB17.22 cm (6.78 inch) Full HD+ Display108MP + 2MP + AI Lens | 8MP Front Camera5000 mAh Lithium-ion Polymer BatteryDimensity 6300 Processor1 Year Warranty on Handset and 6 Months Warranty on Accessories,Android mobile,13999,3.1,202.0,Economic
REDMI Note 13 Pro 5G ,8 GB RAM | 256 GB ROM16.94 cm (6.67 inch) Display200MP (OIS) + 8MP + 2MP | 16MP Front Camera5100 mAh Battery7s Gen 2 Mobile Platform 5G Processor1 Year Manufacturer Warranty for Phone and 6 Months Warranty for In the Box Accessories,Android mobile,21839,1.1,1791.0,Mid-range
POCO C65 ,4 GB RAM | 128 GB ROM | Expandable Upto 1 TB17.12 cm (6.74 inch) HD+ Display50MP + AI Lens + 2MP | 8MP Front Camera5000 mAh BatteryHelio G85 Processor1 Year Manufacturer Warranty for Phone and 6 Months Warranty for in the Box Accessories,Android mobile,6999,3.2,3604.0,Economic
OPPO Reno 12 Pro 5G ,12 GB RAM | 512 GB ROM | Expandable Upto 1 TB17.02 cm (6.7 inch) Full HD+ Display50MP + 8MP + 50MP | 50MP Front Camera5000 mAh BatteryDimensity 7300 Energy Processor1 Year Manufacturer Warranty for Device and 6 Months Manufacturer Warranty for Inbox Accessories,Android mobile,40999,3.5,165.0,Mid-range
vivo V40 Pro 5G ,8 GB RAM | 256 GB ROM17.22 cm (6.78 inch) Full HD+ Display50MP + 50MP + 50MP | 50MP Front Camera5500 mAh BatteryDimensity 9200+ Processor1 Year Warranty on Handset and 6 Months Warranty on Accessories,Android mobile,49999,4.2,80.0,Mid-range
realme 11 5G ,8 GB RAM | 256 GB ROM | Expandable Upto 2 TB17.07 cm (6.72 inch) Full HD+ Display108MP + 2MP | 16MP Front Camera5000 mAh BatteryDimensity 6100+ Processor1 Year Manufacturer Warranty for Phone and 6 Months Warranty for In the Box Accessories,Android mobile,13999,4.4,5464.0,Mid-range
Google Pixel 9 Pro Fold ,16 GB RAM | 256 GB ROM16.0 cm (6.3 inch) Display48MP + 10.5MP + 10.8MP | 10MP Front Camera4650 mAh BatteryGoogle Tensor G4 Processor1 Year Domestic Warranty,Android mobile,172999,4.9,4.0,Premium
realme NARZO N65 5G ,6 GB RAM | 128 GB ROM16.94 cm (6.67 inch) Display50MP Rear Camera5000 mAh Battery1 Year,Android mobile,11305,2.9,43.0,Economic
OnePlus Nord CE 2 Lite 5G ,6 GB RAM | 128 GB ROM16.74 cm (6.59 inch) Display64MP Rear Camera | 16MP Front Camera5000 mAh Battery12 Months,Android mobile,17499,1.7,10832.0,Economic
realme P1 5G ,8 GB RAM | 256 GB ROM | Expandable Upto 2 TB16.94 cm (6.67 inch) Full HD+ Display50MP + 2MP | 16MP Front Camera5000 mAh BatteryDimensity 7050 Processor1 Year Manufacturer Warranty for Device and 6 Months Manufacturer Warranty for Inbox Accessories,Android mobile,18999,1.1,1323.0,Economic
REDMI Note 13 Pro+ 5G ,8 GB RAM | 256 GB ROM16.94 cm (6.67 inch) Display200MP (OIS) + 8MP + 2MP | 16MP Front Camera5000 mAh BatteryDimensity 7200 Ultra 5G Processor1 Year Manufacturer Warranty for Phone and 6 Months Warranty for In the Box Accessories,Android mobile,24246,1.1,943.0,Mid-range
REDMI 13c 5G ,8 GB RAM | 256 GB ROM17.12 cm (6.74 inch) Display50MP Rear Camera5000 mAh Battery1 Year,Android mobile,13155,3.7,312.0,Economic
SAMSUNG GALAXY M13 ,4 GB RAM | 64 GB ROM16.76 cm (6.6 inch) Display50MP Rear Camera6000 mAh Battery12 Months Warranty,Android mobile,10780,3.8,303.0,Economic
OPPO F27 5G ,8 GB RAM | 128 GB ROM | Expandable Upto 2 TB16.94 cm (6.67 inch) Full HD+ Display50MP + 2MP | 32MP Front Camera5000 mAh BatteryDimensity 6300 Processor1 Year Manufacturer Warranty for Device and 6 Months Manufacturer Warranty for Inbox Accessories,Android mobile,20999,2.8,20.0,Mid-range
vivo V30 5G ,8 GB RAM | 128 GB ROM17.22 cm (6.78 inch) Full HD+ Display50MP + 50MP | 50MP Front Camera5000 mAh Battery7 Gen 3 Processor1 Year Manufacturer Warranty for Device and 6 Months Manufacturer Warranty for Inbox Accessories,Android mobile,31999,4.7,596.0,Mid-range
REDMI 12 5G ,8 GB RAM | 256 GB ROM | Expandable Upto 1 TB17.25 cm (6.79 inch) Full HD+ Display50MP + 2MP | 8MP Front Camera5000 mAh BatterySnapdragon 4 Gen 2 Processor1 Year Manufacturer Warranty for Phone and 6 Months Warranty for In the Box Accessories,Android mobile,12999,1.8,1857.0,Economic
vivo V30 5G ,8 GB RAM | 128 GB ROM17.22 cm (6.78 inch) Full HD+ Display50MP + 50MP | 50MP Front Camera5000 mAh Battery7 Gen 3 Processor1 Year Manufacturer Warranty for Device and 6 Months Manufacturer Warranty for Inbox Accessories,Android mobile,31999,4.8,596.0,Mid-range
vivo T3x 5G ,4 GB RAM | 128 GB ROM | Expandable Upto 1 TB17.07 cm (6.72 inch) Full HD+ Display50MP + 2MP | 8MP Front Camera6000 mAh Battery6 Gen 1 Processor1 Year Manufacturer Warranty for Device and 6 Months Manufacturer Warranty for Inbox Accessories,Android mobile,12999,4.0,977.0,Economic
vivo T2 5G ,8 GB RAM | 128 GB ROM16.21 cm (6.38 inch) Full HD+ Display64 MP (OIS) + 2MP | 16MP Front Camera4500 mAh BatterySnapdragon 695 Processor1 Year of Device & 6 Months for Inbox Accessories,Android mobile,17999,4.7,1318.0,Economic
IQOO Neo9 Pro ,8 GB RAM | 256 GB ROM17.22 cm (6.78 inch) Display50MP Rear Camera5160 mAh Battery1 Year,Android mobile,38899,3.7,27.0,Mid-range
IQOO Neo9 Pro ,8 GB RAM | 256 GB ROM17.22 cm (6.78 inch) Display50MP Rear Camera5160 mAh Battery1 Year,Android mobile,38899,2.6,27.0,Mid-range
vivo Y28 5G ,8 GB RAM | 128 GB ROM | Expandable Upto 1 TB16.66 cm (6.56 inch) Display50MP + 2MP | 8MP Front Camera5000 mAh BatteryDimensity 6020 Processor1 Year Manufacturer Warranty for Device and 6 Months Manufacturer Warranty for Inbox Accessories,Android mobile,16990,3.9,17.0,Economic
REDMI A2+ ,"4 GB RAM | 128 GB ROM | Expandable Upto 1 TB16.56 cm (6.52 inch) HD+ Display8MP + 8MP | 5MP + 5MP Dual Front Camera5000 mAh BatteryOCTA CORE Processor1 Year and 6 months for Battery,Accessories",Android mobile,8300,4.3,164.0,Economic
SAMSUNG Galaxy Z Flip6 5G ,12 GB RAM | 256 GB ROM17.02 cm (6.7 inch) Full HD+ Display50MP + 12MP | 10MP Front Camera4000 mAh Lithium ion BatterySnapdragon 8 Gen 3 Processor1 Year Manufacturer Warranty for Device and 6 Months for In-Box Accessories,Android mobile,109999,3.2,8.0,Premium
Apple iPhone 16 Pro Max ,"256 GB ROM17.53 cm (6.9 inch) Super Retina XDR Display48MP + 48MP + 12MP | 12MP Front CameraA18 Pro Chip, 6 Core Processor Processor1 Year Warranty for Phone and 6 Months Warranty for In-Box Accessories",iPhone,144900,4.9,6.0,Premium
Apple iPhone 13 ,128 GB ROM15.49 cm (6.1 inch) Super Retina XDR Display12MP + 12MP | 12MP Front CameraA15 Bionic Chip ProcessorBrand Warranty for 1 Year,iPhone,49900,4.0,13737.0,Mid-range
Apple iPhone 11 Pro ,256 GB ROM14.73 cm (5.8 inch) Super Retina XDR Display12MP + 12MP + 12MP | 12MP Front CameraA13 Bionic Chip ProcessorBrand Warranty for 1 Year,iPhone,121300,2.0,623.0,Premium
Apple iPhone 15 Pro Max ,"512 GB ROM17.02 cm (6.7 inch) Super Retina XDR Display48MP + 12MP + 12MP | 12MP Front CameraA17 Pro Chip, 6 Core Processor Processor1 Year Warranty for Phone and 6 Months Warranty for In-Box Accessories",iPhone,132999,4.3,111.0,Premium
Apple iPhone 14 ,"512 GB ROM15.49 cm (6.1 inch) Super Retina XDR Display12MP + 12MP | 12MP Front CameraA15 Bionic Chip, 6 Core Processor Processor1 Year Warranty for Phone and 6 Months Warranty for In-Box Accessories",iPhone,66999,1.6,11648.0,Mid-range
Apple iPhone 13 Pro ,128 GB ROM15.49 cm (6.1 inch) Super Retina XDR Display12MP + 12MP + 12MP | 12MP Front CameraA15 Bionic Chip ProcessorBrand Warranty for 1 Year,iPhone,119900,4.5,127.0,Premium
Apple iPhone 13 Pro Max ,1 TB ROM17.02 cm (6.7 inch) Super Retina XDR Display12MP + 12MP + 12MP | 12MP Front CameraA15 Bionic Chip ProcessorBrand Warranty for 1 Year,iPhone,179900,1.3,195.0,Premium
Apple iPhone 15 Pro ,"1 TB ROM15.49 cm (6.1 inch) Super Retina XDR Display48MP + 12MP + 12MP | 12MP Front CameraA17 Pro Chip, 6 Core Processor Processor1 Year Warranty for Phone and 6 Months Warranty for In-Box Accessories",iPhone,130999,3.4,109.0,Premium
Apple iPhone 6 Plus ,64 GB ROM13.97 cm (5.5 inch) Retina HD Display8MP Rear Camera | 1.2MP Front CameraA8 Chip with 64-bit Architecture and M8 Motion Co-processor1 Year Manufacturer Warranty,iPhone,48999,2.0,197.0,Mid-range
Apple iPhone 16 ,"128 GB ROM15.49 cm (6.1 inch) Super Retina XDR Display48MP + 12MP | 12MP Front CameraA18 Chip, 6 Core Processor Processor1 Year Warranty for Phone and 6 Months Warranty for In-Box Accessories",iPhone,79900,4.3,29.0,Premium
Apple iPhone XR ,"128 GB ROM15.49 cm (6.1 inch) Display12MP Rear Camera | 7MP Front CameraA12 Bionic Chip ProcessorWater and Dust Resistant (1 meter for Upto 30 minutes, IP67)Face ID for Secure AuthenticationFast-charge CapableBrand Warranty of 1 Year",iPhone,52900,3.1,8489.0,Mid-range
Apple iPhone 14 Pro Max ,"256 GB ROM17.02 cm (6.7 inch) Super Retina XDR Display48MP + 12MP + 12MP | 12MP Front CameraA16 Bionic Chip, 6 Core Processor Processor1 Year Warranty for Phone and 6 Months Warranty for In-Box Accessories",iPhone,144900,2.6,170.0,Premium
Apple iPhone 15 Pro Max ,"256 GB ROM17.02 cm (6.7 inch) Super Retina XDR Display48MP + 12MP + 12MP | 12MP Front CameraA17 Pro Chip, 6 Core Processor Processor1 Year Warranty for Phone and 6 Months Warranty for In-Box Accessories",iPhone,125999,3.5,111.0,Premium
Apple iPhone 6s ,32 GB ROM11.94 cm (4.7 inch) Retina HD Display12MP Rear Camera | 5MP Front CameraApple A9 64-bit processor and M9 Motion Co-processorBrand Warranty of 1 Year,iPhone,29990,4.3,9180.0,Mid-range
Apple iPhone XR ,256 GB ROM15.49 cm (6.1 inch) Display12MP Rear Camera | 7MP Front CameraA12 Bionic Chip ProcessorBrand Warranty of 1 Year,iPhone,91900,1.1,8489.0,Premium
Apple iPhone XR ,256 GB ROM15.49 cm (6.1 inch) Display12MP Rear Camera | 7MP Front CameraA12 Bionic Chip ProcessorBrand Warranty of 1 Year,iPhone,91900,3.8,8489.0,Premium
Apple iPhone 13 Pro ,1 TB ROM15.49 cm (6.1 inch) Super Retina XDR Display12MP + 12MP + 12MP | 12MP Front CameraA15 Bionic Chip ProcessorBrand Warranty for 1 Year,iPhone,169900,1.7,127.0,Premium
Apple iPhone SE ,"128 GB ROM11.94 cm (4.7 inch) Retina HD Display12MP Rear Camera | 7MP Front CameraA13 Bionic Chip with 3rd Gen Neural Engine ProcessorWater and Dust Resistant (1 meter for Upto 30 minutes, IP67)Fast Charge CapableWireless charging (Works with Qi Chargers | Qi Chargers are Sold SeparatelyBrand Warranty of 1 Year",iPhone,44900,4.5,12015.0,Mid-range
Apple iPhone 6s Plus ,16 GB ROM13.97 cm (5.5 inch) Retina HD Display12MP Rear Camera | 5MP Front CameraA9 Chip with 64-bit Architecture and M9 Motion Co-processorBrand Warranty of 1 Year,iPhone,49999,2.2,2359.0,Mid-range
Apple iPhone 7 ,32 GB ROM11.94 cm (4.7 inch) Retina HD Display12MP Rear Camera | 7MP Front CameraApple A10 Fusion 64-bit processor and Embedded M10 Motion Co-processoriOS 13 CompatibleBrand Warranty of 1 Year,iPhone,31500,3.0,9140.0,Mid-range
Apple iPhone XS Max ,512 GB ROM16.51 cm (6.5 inch) Super Retina HD Display12MP + 12MP | 7MP Front CameraA12 Bionic Chip Processor1 Year Limited Warranty for Products and Accessories,iPhone,144900,4.0,146.0,Premium
Apple iPhone 12 Pro ,"512 GB ROM15.49 cm (6.1 inch) Super Retina XDR Display12MP + 12MP + 12MP | 12MP Front CameraA14 Bionic Chip with Next Generation Neural Engine ProcessorCeramic Shield | Industry-leading IP68 Water ResistanceAll Screen OLED DisplayLiDAR Scanner for Improved AR Experiences, Night Mode PortraitsBrand Warranty for 1 Year",iPhone,139900,4.7,99.0,Premium
Apple iPhone 7 Plus ,32 GB ROM13.94 cm (5.488 inch) Retina HD Display12MP + 12MP | 7MP Front CameraApple A10 Fusion 64-bit processor and Embedded M10 Motion Co-processoriOS 13 CompatibleBrand Warranty of 1 Year,iPhone,37900,2.3,2978.0,Mid-range
Apple iPhone 13 Pro ,256 GB ROM15.49 cm (6.1 inch) Super Retina XDR Display12MP + 12MP + 12MP | 12MP Front CameraA15 Bionic Chip ProcessorBrand Warranty for 1 Year,iPhone,129900,1.4,127.0,Premium
Apple iPhone 13 mini ,256 GB ROM13.72 cm (5.4 inch) Super Retina XDR Display12MP + 12MP | 12MP Front CameraA15 Bionic Chip ProcessorBrand Warranty for 1 Year,iPhone,74900,1.1,328.0,Premium
Apple iPhone 11 Pro ,512 GB ROM14.73 cm (5.8 inch) Super Retina XDR Display12MP + 12MP + 12MP | 12MP Front CameraA13 Bionic Chip ProcessorBrand Warranty for 1 Year,iPhone,140300,3.1,623.0,Premium
Apple iPhone 13 Pro ,128 GB ROM15.49 cm (6.1 inch) Super Retina XDR Display12MP + 12MP + 12MP | 12MP Front CameraA15 Bionic Chip ProcessorBrand Warranty for 1 Year,iPhone,119900,4.5,127.0,Premium
Apple iPhone 13 Pro ,128 GB ROM15.49 cm (6.1 inch) Super Retina XDR Display12MP + 12MP + 12MP | 12MP Front CameraA15 Bionic Chip ProcessorBrand Warranty for 1 Year,iPhone,119900,4.8,127.0,Premium
Apple iPhone 13 Pro ,1 TB ROM15.49 cm (6.1 inch) Super Retina XDR Display12MP + 12MP + 12MP | 12MP Front CameraA15 Bionic Chip ProcessorBrand Warranty for 1 Year,iPhone,169900,3.8,127.0,Premium
Apple iPhone 13 Pro Max ,256 GB ROM17.02 cm (6.7 inch) Super Retina XDR Display12MP + 12MP + 12MP | 12MP Front CameraA15 Bionic Chip ProcessorBrand Warranty for 1 Year,iPhone,139900,3.2,195.0,Premium
Apple iPhone 7 ,128 GB ROM11.94 cm (4.7 inch) Retina HD Display12MP Rear Camera | 7MP Front CameraApple A10 Fusion 64-bit processor and Embedded M10 Motion Co-processorBrand Warranty of 1 Year,iPhone,34900,4.2,9140.0,Mid-range
Apple iPhone 12 mini ,"64 GB ROM13.72 cm (5.4 inch) Super Retina XDR Display12MP + 12MP | 12MP Front CameraA14 Bionic Chip with Next Generation Neural Engine ProcessorCeramic ShieldIndustry-leading IP68 Water ResistanceAll Screen OLED Display12MP TrueDepth Front Camera with Night Mode, 4K Dolby Vision HDR RecordingBrand Warranty for 1 Year",iPhone,59900,2.3,10202.0,Mid-range
Apple iPhone 12 ,"64 GB ROM15.49 cm (6.1 inch) Super Retina XDR Display12MP + 12MP | 12MP Front CameraA14 Bionic Chip with Next Generation Neural Engine ProcessorCeramic ShieldIndustry-leading IP68 Water ResistanceAll Screen OLED Display12MP TrueDepth Front Camera with Night Mode, 4K Dolby Vision HDR RecordingBrand Warranty for 1 Year",iPhone,49900,4.4,13924.0,Mid-range
Apple iPhone 12 mini ,"256 GB ROM13.72 cm (5.4 inch) Super Retina XDR Display12MP + 12MP | 12MP Front CameraA14 Bionic Chip with Next Generation Neural Engine ProcessorCeramic ShieldIndustry-leading IP68 Water ResistanceAll Screen OLED Display12MP TrueDepth Front Camera with Night Mode, 4K Dolby Vision HDR RecordingBrand Warranty for 1 Year",iPhone,74900,4.8,10202.0,Mid-range
Apple iPhone 13 mini ,256 GB ROM13.72 cm (5.4 inch) Super Retina XDR Display12MP + 12MP | 12MP Front CameraA15 Bionic Chip ProcessorBrand Warranty for 1 Year,iPhone,74900,4.3,328.0,Premium
Apple iPhone 14 Pro Max ,"128 GB ROM17.02 cm (6.7 inch) Super Retina XDR Display48MP + 12MP + 12MP | 12MP Front CameraA16 Bionic Chip, 6 Core Processor Processor1 Year Warranty for Phone and 6 Months Warranty for In-Box Accessories",iPhone,134900,4.0,170.0,Premium
Apple iPhone 13 ,128 GB ROM15.49 cm (6.1 inch) Super Retina XDR Display12MP + 12MP | 12MP Front CameraA15 Bionic Chip ProcessorBrand Warranty for 1 Year,iPhone,49900,4.0,13737.0,Mid-range
Apple iPhone 16 ,"256 GB ROM15.49 cm (6.1 inch) Super Retina XDR Display48MP + 12MP | 12MP Front CameraA18 Chip, 6 Core Processor Processor1 Year Warranty for Phone and 6 Months Warranty for In-Box Accessories",iPhone,89900,1.6,29.0,Premium
Apple iPhone 13 ,512 GB ROM15.49 cm (6.1 inch) Super Retina XDR Display12MP + 12MP | 12MP Front CameraA15 Bionic Chip ProcessorBrand Warranty for 1 Year,iPhone,79900,2.0,13737.0,Mid-range
Apple iPhone 16 Pro ,"512 GB ROM16.0 cm (6.3 inch) Super Retina XDR Display48MP + 48MP + 12MP | 12MP Front CameraA18 Pro Chip, 6 Core Processor Processor1 Year Warranty for Phone and 6 Months Warranty for In-Box Accessories",iPhone,149900,3.3,7.0,Premium
Voltas Beko by A Tata Product 432 L Frost Free Double Door 2 Star Refrigerator,Pro Smart Inverter CompressorBuilt-in Stabilizer2 Years Comprehensive Warranty on Product and 12 Years Warranty on Compressor,Fridge,37990,2.8,135.0,Mid-range
Godrej 272 L Frost Free Double Door 3 Star Convertible Refrigerator  with Freezer 95%+ Food Surface Di...,Inverter CompressorBuilt-in Stabilizer1 Year Comprehensive Warranty on Product and 10 Years Warranty on Compressor,Fridge,26990,4.2,336.0,Mid-range
Whirlpool 308 L Frost Free Double Door 3 Star Refrigerator,"Inverter CompressorBuilt-in Stabilizer1 Year Comprehensive Warranty on Product, 9 Years Warranty on Compressor",Fridge,32490,4.3,4.0,Mid-range
Whirlpool 192 L Direct Cool Single Door 4 Star Refrigerator with Base Drawer,Reciprocatory CompressorBuilt-in Stabilizer1 Year on Product and 10 Years on the Compressor from Whirlpool,Fridge,16990,4.4,435.0,Economic
"SAMSUNG 301 L Frost Free Double Door 3 Star Convertible Refrigerator  with Digital Inverter, Convertib...","Digital Inverter CompressorBuilt-in Stabilizer1 year comprehensive warranty on the product, 20 years on compressor by the brand.",Fridge,34990,2.9,922.0,Mid-range
Haier 215 L Direct Cool Single Door 3 Star Refrigerator with Base Drawer  with Large Storage Space1 Ho...,Normal CompressorBuilt-in Stabilizer2 Years Warranty on Product and 10 Years Warranty on Compressor,Fridge,17490,1.4,15.0,Economic
SAMSUNG 236 L Frost Free Double Door 2 Star Refrigerator with Base Drawer,Digital Inverter CompressorBuilt-in Stabilizer1 Year Comprehensive Warranty on Product and 20 Years Warranty on Compressor,Fridge,26950,3.4,2.0,Mid-range
Haier 190 L Direct Cool Single Door 4 Star Refrigerator,Normal CompressorBuilt-in Stabilizer1 Year Warranty on Product and 10 Years Warranty on Compressor,Fridge,16990,4.9,65.0,Economic
"SAMSUNG 363 L Frost Free Double Door 2 Star Refrigerator  with Digital Inverter, Convertible 5-in-1 an...","Digital Inverter CompressorBuilt-in Stabilizer1 year comprehensive warranty on the product, 20 years on compressor by the brand.",Fridge,41290,2.1,922.0,Mid-range
LG 185 L Direct Cool Single Door 3 Star Refrigerator with Base Drawer,Reciprocating CompressorBuilt-in Stabilizer1 Year on Product and 10 Years on Compressor From LG,Fridge,15490,2.1,4.0,Economic
"SAMSUNG 465 L Frost Free Double Door 2 Star Refrigerator  with AI and WiFi, Digital Inverter","Digital Inverter CompressorBuilt-in Stabilizer1 year comprehensive warranty on the product, 20 years on compressor by the brand.",Fridge,57990,3.5,922.0,Premium
SAMSUNG 215 L Direct Cool Single Door 5 Star Refrigerator  with Digital Inverter,"Digital Inverter CompressorBuilt-in Stabilizer1 year comprehensive warranty on the product, 20 years on compressor by the brand.",Fridge,19990,1.3,1011.0,Mid-range
Whirlpool 184 L Direct Cool Single Door 4 Star Refrigerator,Normal Compressor1 Year Comprehensive Warranty on Product and 9 Years Warranty on Compressor,Fridge,14970,4.5,1051.0,Economic
Godrej 183 L Direct Cool Single Door 2 Star Refrigerator  with Jumbo Vegetable Tray and Wired Shelves,Reciprocatory CompressorBuilt-in Stabilizer1 Year Comprehensive Warranty on Product and 10 Years Warranty on Compressor,Fridge,11990,4.2,404.0,Economic
Whirlpool 327 L Frost Free Double Door 2 Star Convertible Refrigerator  with 10-in-1 Convertible Modes,Inverter CompressorBuilt-in Stabilizer1 Year Warranty on Product and 9 Years Warranty on Compressor,Fridge,36240,2.4,122.0,Mid-range
BOSCH 303 L Frost Free Triple Door Refrigerator,VarioInverter1 Year Warranty on Product,Fridge,36990,4.1,1.0,Mid-range
Whirlpool 192 L Direct Cool Single Door 3 Star Refrigerator with Base Drawer,Non Inverter CompressorBuilt-in Stabilizer1 Year on Product and 10 Years on Compressor from Whirlpool,Fridge,15290,4.1,358.0,Economic
Lloyd by Havells 260 L Frost Free Double Door 2 Star Refrigerator,Inverter CompressorBuilt-in Stabilizer1 Year Warranty on Product and Additional 9 Years Warranty on Compressor,Fridge,26990,2.1,0.0,Mid-range
LG 446 L Frost Free Double Door 1 Star Refrigerator,Smart Inverter CompressorBuilt-in Stabilizer1 Year Warranty on Product and 10 Years Warranty on Compressor From LG,Fridge,52990,5.0,1.0,Mid-range
Haier 175 L Direct Cool Single Door 2 Star Refrigerator  with DEFT TechnologyLarge Vegetable Box,Normal CompressorBuilt-in Stabilizer1 Year Warranty on Product and 10 Years Warranty on Compressor,Fridge,12490,2.3,490.0,Economic
LG 288 L Frost Free Double Door 2 Star Convertible Refrigerator,Smart Inverter CompressorBuilt-in Stabilizer1 Year Warranty on Product and 10 Years Warranry on Compressor From LG,Fridge,29990,2.7,103.0,Mid-range
BLACK+DECKER 241 L Frost Free Double Door 3 Star Refrigerator,"Inverter CompressorBuilt-in Stabilizer2 Years Comprehensive Warranty, 10 Years on Compressor",Fridge,16999,3.0,0.0,Economic
"Godrej 436 L Frost Free Double Door 2 Star Refrigerator  with AI Tech, Digital Inverter, And 95%+ Food...","Inverter compressorBuilt-in Stabilizer1 Year Comprehensive Warranty on Product, 2 years extended warranty on Product and 10 Years Warranty on Compressor",Fridge,43990,4.4,107.0,Mid-range
Godrej 180 L Direct Cool Single Door 3 Star Refrigerator,ReciprocatingBuilt-in Stabilizer10 Years Compressor ; 1 Year Comprehensive,Fridge,13990,4.4,0.0,Economic
SAMSUNG 183 L Direct Cool Single Door 5 Star Refrigerator with Base Drawer  with Digital Inverter,"Digital Inverter CompressorBuilt-in Stabilizer1 year comprehensive warranty on the product, 20 years on compressor by the brand.",Fridge,17290,2.0,3405.0,Economic
SAMSUNG 301 L Frost Free Double Door 2 Star Convertible Refrigerator,Digital Inverter CompressorBuilt-in Stabilizer1 Year Comprehensive Warranty on Product and 10 Years Warrranty on Compressor,Fridge,38290,4.7,0.0,Mid-range
CANDY 240 L Frost Free Double Door 3 Star Refrigerator  with 5 in 1 Convertible model,Inverter CompressorBuilt-in Stabilizer1 Year Warranty on Product and 10 Years on Compressor,Fridge,22390,1.1,30.0,Mid-range
Liebherr 222 L Direct Cool Single Door 4 Star Refrigerator,ReciprocatingBuilt-in Stabilizer1 Year Comprehensive Warranty on Product and 20 Years Warranty on Compressor,Fridge,19490,2.9,19.0,Economic
Lloyd by Havells 188 L Direct Cool Single Door 2 Star Refrigerator,Fixed speedBuilt-in Stabilizer1 Year Warranty on product and 9 year warranty on Compressor,Fridge,12490,3.9,3.0,Economic
Whirlpool 192 L Direct Cool Single Door 3 Star Refrigerator,InverterBuilt-in Stabilizer1 Year on Product and 10 Years on Compressor,Fridge,14790,1.2,0.0,Economic
LG 261 L Direct Cool Single Door 3 Star Refrigerator,Smart Inverter CompressorBuilt-in Stabilizer1 Year Warranty on Product & 10 Years Warranty on Compressor from LG,Fridge,24190,1.9,171.0,Mid-range
Whirlpool 190 L Direct Cool Single Door 3 Star Refrigerator,Non Inverter CompressorBuilt-in Stabilizer1 Year on Product and 10 Years on Compressor from Whirlpool,Fridge,16018,3.3,149.0,Economic
Kelvinator 93 L Direct Cool Single Door 1 Star Refrigerator,rotaryBuilt-in Stabilizer1 year on product and 5 year only compressor warranty,Fridge,11330,3.1,14.0,Economic
Haier 175 L Direct Cool Single Door 2 Star Refrigerator,NormalBuilt-in Stabilizer1 Year Warranty on Product and 10 Years Warranty on Compressor,Fridge,13306,4.2,1.0,Economic
SAMSUNG 322 L Frost Free Double Door 2 Star Convertible Refrigerator,Digital Inverter CompressorBuilt-in Stabilizer1 Year Comprehensive Warranty on Product and 10 Years Warranty on Compressor,Fridge,36990,2.8,0.0,Mid-range
Kelvinator 93 L Direct Cool Single Door 1 Star Refrigerator,Reciprocating CompressorBuilt-in Stabilizer1 Year on Product and 5 Years on Compressor,Fridge,11040,3.9,1.0,Economic
Godrej 180 L Direct Cool Single Door 2 Star Refrigerator,Inverter CompressorBuilt-in Stabilizer1 Year Comprehensive Warranty on Product and 10 Years Warranty on Compressor,Fridge,14769,4.5,0.0,Economic
Whirlpool 500 L Frost Free Double Door 3 Star Convertible Refrigerator,Inverter CompressorBuilt-in Stabilizer1 Year Comprehensive on Product and 10 Years on Compressor From Whirlpool,Fridge,61590,1.9,19.0,Premium
Whirlpool 184 L Direct Cool Single Door 3 Star Refrigerator with Base Drawer,Normal CompressorBuilt-in Stabilizer1 Year on Product and 10 Years on Compressor From Whirlpool,Fridge,15140,4.3,7.0,Economic
Haier 215 L Direct Cool Single Door 5 Star Refrigerator with Base Drawer,InverterBuilt-in Stabilizer1 Year Comprehensive Warranty on Product and 10 Years Warranty on Compressor,Fridge,21800,2.9,0.0,Mid-range
Whirlpool 184 L Direct Cool Single Door 2 Star Refrigerator,Normal CompressorBuilt-in Stabilizer1 Year Comprehensive Warranty on Product and 10 Years Warranty on Compressor,Fridge,16990,2.0,0.0,Economic
Panasonic 357 L Frost Free Double Door 2 Star Refrigerator,Inverter CompressorBuilt-in Stabilizer2 Years Comprehensive Warranty on Product and 10 Years Warranty on Compressor,Fridge,48990,1.0,14.0,Mid-range
Lloyd 178 L Direct Cool Single Door 2 Star Refrigerator,Reciprocating CompressorBuilt-in Stabilizer1 Year Warranty on Product and 10 Years Warranty on Compressor,Fridge,12490,1.7,1.0,Economic
LG 185 L Direct Cool Single Door 3 Star Refrigerator,Smart Inverter CompressorBuilt-in Stabilizer1 Year Warranty on Product and 10 Years on Compressor from LG,Fridge,18589,1.4,422.0,Economic
Haier 328 L Frost Free Double Door Top Mount 3 Star Convertible Refrigerator  with Convertible 14-in-1...,Normal CompressorBuilt-in Stabilizer1 Year Warranty on Product and 10 Years Warranty on Compressor and Fan Motor,Fridge,33990,1.4,205.0,Mid-range
"LG 240 L Frost Free Double Door 2 Star Convertible Refrigerator  with Inverter Compressor, Express Fre...",Smart Inverter CompressorBuilt-in Stabilizer1 Year Warranty on Product and 10 Years on Compressor from LG,Fridge,34299,1.4,1.0,Mid-range
Voltas Beko by A Tata Product 695 L Frost Free Double Door Bottom Mount 2 Star Convertible Refrigerato...,Pro Smart Inverter CompressorBuilt-in Stabilizer2 Years Comprehensive Warranty on Product and 12 Years Warranty on Compressor,Fridge,67990,2.1,0.0,Premium
Haier 240 L Frost Free Double Door Top Mount 2 Star Refrigerator,NormalBuilt-in Stabilizer1 Year Warranty on Product and 10 Years Warranty on Compressor,Fridge,21999,2.7,0.0,Mid-range
Whirlpool 190 L Direct Cool Single Door 2 Star Refrigerator,Normal CompressorBuilt-in Stabilizer1 Year on Product and 10 Years on the Compressor,Fridge,15199,2.8,164.0,Economic
LG 446 L Frost Free Double Door 1 Star Refrigerator,Smart Inverter CompressorBuilt-in Stabilizer1 Year Warranty on Product and 10 Years Warranty on Compressor From LG,Fridge,49990,3.3,9.0,Mid-range
Voltas Beko by A Tata Product 183 L Direct Cool Single Door 4 Star Refrigerator with Base Drawer,Reciprocating CompressorBuilt-in Stabilizer1 Year Comprehensive Warranty on Product and 10 Years Warranty on Compressor,Fridge,14690,3.0,49.0,Economic
LG 205 L Direct Cool Single Door 3 Star Refrigerator,Smart Inverter CompressorBuilt-in Stabilizer1 Year Warranty on Product and 10 Years on Compressor from LG,Fridge,17990,3.4,0.0,Economic
LG 185 L Direct Cool Single Door 3 Star Refrigerator  with with Fast Ice Making Moist 'N' Fresh,Conventional CompressorBuilt-in Stabilizer1 Year on Product and 10 Years on Compressor From LG,Fridge,15490,1.8,0.0,Economic
Haier 190 L Direct Cool Single Door 5 Star Refrigerator with Base Drawer,NormalBuilt-in Stabilizer1 Year Warranty on Product and 10 Years Warranty on Compressor from Haier,Fridge,18699,4.4,1.0,Economic
LG 675 L Frost Free Side by Side Refrigerator,Inverter Linear Compressor1 Year Comprehensive and 10 Years on Compressor from LG,Fridge,109990,3.7,2.0,Premium
SAMSUNG 657 L Frost Free Side by Side Refrigerator,"Digital Inverter CompressorBuilt-in Stabilizer1 year comprehensive warranty on product, 20 years on compressor, For all Refrigerators with Digital Inverter Compressors, sold on or after 1st Dec 2022 (All Refrigerator apart from Non-Digital Inverter Technology Direct Cool Models) the Warranty period on the Digital Inverter Compressor shall be revised from 10 years to 20 years.",Fridge,196990,3.2,3.0,Premium
LG 264 L Frost Free Double Door 2 Star Convertible Refrigerator  with Smart Inverter Compressor,Smart InverterBuilt-in Stabilizer1 Year Warranty on Product and 10 Years Warranty on Compressor from LG,Fridge,26990,2.7,1607.0,Mid-range
SAMSUNG 376 L Frost Free Double Door 2 Star Convertible Refrigerator,Digital Inverter CompressorBuilt-in Stabilizer1 Year Comprehensive Warranty on Product and 10 Years Warranty on Compressor,Fridge,49500,3.7,0.0,Mid-range
IFB 243 L Frost Free Double Door 2 Star Refrigerator,"Reciprocating CompressorBuilt-in Stabilizer1 Year Comprehensive Warranty on the Product, 10 Years Warranty on Compressor",Fridge,27300,3.2,0.0,Mid-range
Whirlpool 192 L Direct Cool Single Door 3 Star Refrigerator with Base Drawer,"InverterBuilt-in Stabilizer1 Year on product, 10 years on compressor",Fridge,17150,1.5,0.0,Economic
Kelvinator 584 L Frost Free Side by Side Refrigerator,inverterBuilt-in Stabilizer1 Year on Product and 10 Years on Compressor,Fridge,57643,1.4,0.0,Premium
Whirlpool 207 L Direct Cool Single Door 5 Star Refrigerator,DC Inverter CompressorBuilt-in Stabilizer1 Year Warranty on Product and 10 Years on Compressor,Fridge,19890,4.4,836.0,Mid-range
LG 185 L Direct Cool Single Door 5 Star Refrigerator with Base Drawer,Smart Inverter CompressorBuilt-in Stabilizer1 Year Warranty on Product and 10 Years on Compressor,Fridge,20264,4.0,28.0,Mid-range
Whirlpool 236 L Direct Cool Single Door 5 Star Refrigerator  with Auto Defrost,"Reciprocating CompressorBuilt-in Stabilizer1 Year Comprehensive Warranty on Product, 9 Years Warranty on Compressor",Fridge,22190,2.3,6.0,Mid-range
Haier 460 L Frost Free Double Door 4 Star Convertible Refrigerator,Inverter CompressorBuilt-in Stabilizer1 Year Warranty on Product and 10 Years Warranty on Compressor and Fan Motor,Fridge,56490,1.9,7.0,Premium
Whirlpool 308 L Frost Free Double Door 2 Star Refrigerator,InverterBuilt-in Stabilizer1 Year on Product and 10 Years on Compressor,Fridge,32390,2.7,0.0,Mid-range
LG 205 L Direct Cool Single Door 3 Star Refrigerator,Reciprocating CompressorBuilt-in Stabilizer1 Year Warranty on Product and 10 Years Warranty on Compressor From LG,Fridge,16490,2.3,2.0,Economic
CSI INTERNATIONAL 1 L Instant Water Geyser ,Instant Geyser1 L1 year,geyser,1099,1.2,1.0,Economic
AO Smith 3 L Instant Water Geyser ,"Instant Geyser3 LComprehensive-2 Years, Heating Element-3 Years, Tank-5 Years",geyser,2599,1.8,542.0,Economic
MinMAX 10 L Storage Water Geyser ,Storage Geyser10 L60 months warranty on Inner Tank 12 Months warranty on Components  + 3Months extended warranty to get it registered you have register it with brand within 15 day (coustomer care +91 9625151748),geyser,3149,2.2,4.0,Economic
Racold 10 L Storage Water Geyser ,Storage Geyser10 L5 YEARS INNER TANK  || 2 YEARS ELEMENT || 2 YEARS PRODUCT,geyser,8090,2.1,0.0,Economic
OMEGA'S 15 L Storage Water Geyser ,Storage Geyser15 LProduct Warranty (In Years) - 2 . Tank Warranty (In Years) - 5 . Element Warranty (In Years) - 2,geyser,4999,4.8,0.0,Economic
Racold 15 L Storage Water Geyser ,"Storage Geyser15 L2 Years on Product, 4 Years on Heating Element and 7 Years on Tank",geyser,9750,3.7,14.0,Economic
Racold 25 L Storage Water Geyser ,"Storage Geyser25 L2 Years on Product, 4 Years on Heating Element and 7 Years on Tank",geyser,12549,1.9,117.0,Economic
Crompton 15 L Storage Water Geyser ,"Storage Geyser15 L2 Years Warranty on Product, 3 Years Warranty on Heating Element, 7 Years Warranty on Tank",geyser,8425,3.8,8.0,Economic
Indo 15 L Storage Water Geyser ,Storage Geyser15 LNA,geyser,4699,2.5,352.0,Economic
Haier 25 L Storage Water Geyser ,Storage Geyser25 L3 Years on Product Components and 7 Years on Tank,geyser,9800,4.2,12.0,Economic
Sansui 25 L Storage Water Geyser with LED Light ,Storage Geyser25 L2 Years Warranty,geyser,6499,2.0,47.0,Economic
Candes 3 L Instant Water Geyser ,"Instant Geyser3 L1 Year Warranty on Components & 4 Years Warranty on Inner Container  including On-Site & Off-Site, Domestic & International Warranty",geyser,2669,4.6,2646.0,Economic
Venus 25 L Storage Water Geyser ,Storage Geyser25 L5 years manufacturer warranty,geyser,7040,1.8,395.0,Economic
V-Guard 3 L Instant Water Geyser ,Instant Geyser3 L2 Year (Product Warranty) & 5 Year (Inner Tank Warranty),geyser,2599,2.8,918.0,Economic
Flipkart SmartBuy 25 L Storage Water Geyser BEE 4 Star Rated with Free Installation pipes and Kit ,"Storage Geyser25 L5 Years Warranty on Tank, 2 Years Comprehensive Warranty on Product",geyser,3899,3.0,56.0,Economic
HAVELLS 6 L Storage Water Geyser ,"Storage Geyser6 L5 Years Warranty on Inner Container, 2 Years Warranty on Heating Element, 2 Years Comprehensive Warranty",geyser,7890,2.1,1952.0,Economic
Polycab 25 L Storage Water Geyser ,Storage Geyser25 L2 Year Warranty,geyser,7699,2.6,8.0,Economic
Racold 3 L Instant Water Geyser ,Instant Geyser3 L5 years on tank ; 2 years on product; 2 years on heating element,geyser,3599,1.1,4.0,Economic
CSI INTERNATIONAL 1 L Instant Water Geyser ,Instant Geyser1 L1 Year,geyser,1349,4.1,859.0,Economic
BAJAJ 1 L Instant Water Geyser ,Instant Geyser1 L2 Year Manufacturer Warranty,geyser,3249,2.5,2964.0,Economic
BAJAJ 25 L Storage Water Geyser ,Storage Geyser25 L2,geyser,8600,4.1,2.0,Economic
Kenstar 15 L Storage Water Geyser ,"Storage Geyser15 L5 Years on Tank, 2 Years on Heating Element, 2 Years on Product",geyser,5490,2.5,0.0,Economic
BAJAJ 3 L Instant Water Geyser ,Instant Geyser3 L2 years on Product; 3 years on Heating Element; 5 years on Tank,geyser,3249,2.8,11.0,Economic
Longway 25 L Storage Water Geyser ,Storage Geyser25 L1 Year Limited Domestic Brand Warranty on Product & 5 Years on Inner Tank/Container.,geyser,3799,1.5,5453.0,Economic
Racold 15 L Storage Water Geyser with Flexi Pipe and Free Installation ,"Storage Geyser15 L2 Years on Product, 4 Years on Heating Element and 7 Years on Tank",geyser,11580,5.0,2.0,Economic
Hindware Smart Appliances 10 L Storage Water Geyser ,"Storage Geyser10 L2 Years Comprehensive Warranty on Product, 3 Years Warranty on Heating Element and 5 Years Warranty on Tank",geyser,6199,1.7,681.0,Economic
GRINISHA 1 L Instant Water Geyser ,Instant Geyser1 LNA,geyser,1399,3.9,24.0,Economic
DIGISMART 3 L Instant Water Geyser ,Instant Geyser3 L1 YEAR ON ELECTRICAL COMPONENTS + 2 YEAR ON TANK,geyser,1699,3.9,217.0,Economic
Kanishka 15 L Storage Water Geyser ,Storage Geyser15 L1 Year Manufacture Warranty on Components and 5 Years Warranty on Inner Container.,geyser,3499,2.8,73.0,Economic
HAVELLS 25 L Storage Water Geyser with Flexi Pipe and Free Installation ,"Storage Geyser25 L7 Years Warranty on Inner Container, 4 Years Warranty on Heating Element, 2 Years Comprehensive Warranty",geyser,9899,1.1,14.0,Economic
V-Guard 10 L Storage Water Geyser ,Storage Geyser10 LMatteo 15 comes with a 2-year offsite domestic warranty for manufacturing defects. The Heating Element has a warranty of 3 years & the Inner Tank has a warranty of 5 years. Please contact V-Guard Customer Care 1800 103 1300(Toll-free) for service-related issues.,geyser,6630,4.2,0.0,Economic
Crompton 15 L Storage Water Geyser ,Storage Geyser15 L5 Years on Geyser,geyser,6599,3.5,0.0,Economic
voltas 15 L Storage Water Geyser ,"Storage Geyser15 L7 Years Warranty on Tank, 3 Years Warranty on Heating Element and 2 Years Warranty on Product",geyser,6499,4.9,0.0,Economic
Candes 15 L Storage Water Geyser ,"Storage Geyser15 L5 Years Warranty on Inner Container & 1 Year Warranty on Components including On-Site & Off-Site, Domestic & International Warranty",geyser,4609,3.3,2337.0,Economic
Khaitan 15 L Storage Water Geyser ,Storage Geyser15 L1 year manufacturer warranty on  component,geyser,5000,1.4,0.0,Economic
HAVELLS 10 L Storage Water Geyser ,"Storage Geyser10 L2 Years Comprehensive Warranty, 4 Years Warranty on Heating Element and 7 Years Warranty on Inner Container",geyser,10970,4.9,0.0,Economic
"HAVELLS 3 L Instant Water Geyser Color Changing LED Indicator, Rust & Shook Proof ","Instant Geyser3 L5 year warranty on Inner Container, 2 year comprehensive Warranty",geyser,3638,2.9,1952.0,Economic
Kanishka 3 L Instant Water Geyser ,Instant Geyser3 L5 Years Warranty on Inner Container & 1 Year Warranty on Components including Domestic & International Warranty,geyser,2149,4.5,0.0,Economic
Racold 25 L Storage Water Geyser with Flexi Pipe and Free Installation ,"Storage Geyser25 L2 Years on Product, 4 Years on Heating Element and 7 Years on Tank",geyser,14750,3.7,1.0,Economic
BAJAJ 25 L Storage Water Geyser ,Storage Geyser25 LWarranty : 2 years on product,geyser,10789,4.0,149.0,Economic
V-Guard 25 L Storage Water Geyser with Free Installation & Flexi Pipes ,"Storage Geyser25 L2 Year on Product, 4 Year on Heating Element, 7 Year on Inner Tank",geyser,9499,4.8,149.0,Economic
DIGISMART 25 L Storage Water Geyser ,Storage Geyser25 L1 YEAR MANUFACTURER WARRANTY,geyser,3699,4.7,205.0,Economic
CG 25 L Storage Water Geyser ,"Storage Geyser25 L7 Year Inner Tank Warranty, 2 Year Product Warranty",geyser,7699,4.8,0.0,Economic
Morphy Richards 15 L Storage Water Geyser ,Storage Geyser15 L2 Years Manufacturer Warranty,geyser,6999,3.4,18.0,Economic
V-Guard 25 L Storage Water Geyser ,Storage Geyser25 L2-year product warranty and a 3-year warranty on heating element and 7 years warranty for the inner tank,geyser,7999,4.0,0.0,Economic
Orient Electric 25 L Storage Water Geyser ,"Storage Geyser25 L5 years warranty on tank, 2 years on product",geyser,7145,4.1,448.0,Economic
Venus 10 L Storage Water Geyser ,"Storage Geyser10 L7 Years on Inner Tank,3 Years on Heating Element ,2  Years on Product",geyser,9250,4.3,2.0,Economic
Kenstar 3 L Instant Water Geyser ,Instant Geyser3 L2 Years Product Warranty 5 Years Tank Warranty 2 Years Warranty on ISI Certified Heating Element,geyser,2799,1.5,1.0,Economic
HAVELLS 10 L Storage Water Geyser ,"Storage Geyser10 L5 year warranty on Inner Container, 2 year comprehensive Warranty",geyser,7680,4.3,17.0,Economic
Yalli sun 1.5 L Instant Water Geyser ,Instant Geyser1.5 L2 years of off site warranty,geyser,1790,3.1,68.0,Economic
V-Guard 15 L Storage Water Geyser ,Storage Geyser15 L2,geyser,8599,3.1,0.0,Economic
SURYA 3 L Instant Water Geyser ,Instant Geyser3 L5 year warranty on Inner tank and 2 Year on Electrical Components,geyser,2699,1.6,0.0,Economic
OMEGA'S 3 L Instant Water Geyser ,Instant Geyser3 L2 Year Limited Domestic Brand Warranty,geyser,2499,2.9,8.0,Economic
Midea 10 L Storage Water Geyser ,"Storage Geyser10 L2 Years Complete Warranty on Product, 4 Years Warranty on Heating Element, 10 Years Warranty on Tank",geyser,6799,3.5,0.0,Economic
Hindware Smart Appliances 5.5 L Instant Water Geyser ,"Instant Geyser5.5 L2 Years Comprehensive Warranty on Product, 2 Years Warranty on Heating Element and 5 Years Warranty on Tank",geyser,2999,3.2,8437.0,Economic
Orient Electric 25 L Storage Water Geyser ,"Storage Geyser25 LTank: 5 years, Heating Element: 2 years, Product: 2 years",geyser,7539,3.4,0.0,Economic
Racold 10 L Storage Water Geyser ,Storage Geyser10 L2 years on product; 4 years on heating element and 7 years on tank,geyser,10290,3.5,31.0,Economic
Racold 3 L Instant Water Geyser ,Instant Geyser3 L2 Year Product Warranty,geyser,3549,3.9,2.0,Economic
HAVELLS 25 L Storage Water Geyser ,"Storage Geyser25 L7 Years Warranty on Inner Container, 4 Years Warranty on Heating Element, 2 Years Comprehensive Warranty",geyser,8999,3.1,3.0,Economic
Jaquar 25 L Storage Water Geyser ,"Storage Geyser25 L7 Years on Tank,4 Years on Heating Element and 2 Years on Other Parts",geyser,9700,1.7,1.0,Economic
HP Victus Intel Core i5 12th Gen 12450H ,Intel Core i5 Processor (12th Gen)8 GB DDR4 RAMWindows 11 Operating System512 GB SSD39.62 cm (15.6 inch) Display1 Year Onsite Warranty,laptops,55990,1.5,75.0,Premium
MSI Sword 16 HX Intel Core i7 14th Gen 14700HX ,Intel Core i7 Processor (14th Gen)16 GB DDR5 RAMWindows 11 Operating System1 TB SSD40.64 cm (16 Inch) Display2 Year Onsite Warranty,laptops,97490,3.8,6.0,Premium
MSI Katana A15 AI AMD Ryzen 7 Octa Core 8845HS ,AMD Ryzen 7 Octa Core Processor16 GB DDR5 RAMWindows 11 Operating System512 GB SSD39.62 cm (15.6 Inch) Display2 Year Onsite Warranty,laptops,84990,5.0,1.0,Premium
ASUS Vivobook Go 15 OLED AMD Ryzen 5 Quad Core 7520U ,AMD Ryzen 5 Quad Core Processor16 GB LPDDR5 RAMWindows 11 Operating System512 GB SSD39.62 cm (15.6 Inch) Display1 Year Onsite Warranty,laptops,47990,2.1,13.0,Mid-range
Lenovo Yoga Slim 7 Intel Core Ultra 7 155H ,Intel Core Ultra 7 Processor16 GB LPDDR5X RAMWindows 11 Operating System1 TB SSD35.56 cm (14 Inch) Display1 Year Carry-in Warranty,laptops,84990,3.9,0.0,Premium
HP Victus AI Powered AMD Ryzen 7 Octa Core 7840HS ,AMD Ryzen 7 Octa Core Processor16 GB DDR5 RAM64 bit Windows 11 Operating System512 GB SSD40.89 cm (16.1 Inch) DisplayMicrosoft Office 2021 t1 Year Onsite Warranty,laptops,79300,1.0,20.0,Premium
Acer Aspire 3 Backlit AMD Ryzen 5 Hexa Core 7430U ,AMD Ryzen 5 Hexa Core Processor16 GB DDR4 RAMWindows 11 Operating System512 GB SSD39.62 cm (15.6 Inch) Display1 Year Carry-in Warranty,laptops,31990,1.3,38.0,Mid-range
HP Laptop Intel Core i3 13th Gen 1315U ,Intel Core i3 Processor (13th Gen)8 GB DDR4 RAMWindows 11 Operating System512 GB SSD39.62 cm (15.6 Inch) Display1 Year Onsite Warranty,laptops,41990,3.4,20.0,Mid-range
Thomson NEO Core Series Intel Core i3 12th Gen 1215U ,Intel Core i3 Processor (12th Gen)8 GB LPDDR4 RAMWindows 11 Operating System512 GB SSD39.62 cm (15.6 inch) Display1 Year Onsite warranty,laptops,24999,1.8,1.0,Mid-range
Acer Swift Go 14 AMD Ryzen 7 Octa Core 7730U ,AMD Ryzen 7 Octa Core Processor16 GB LPDDR4X RAMWindows 11 Operating System512 GB SSD35.56 cm (14 Inch) Display1 Year Carry-in Warranty,laptops,49990,1.1,13.0,Mid-range
MSI Modern 14 Intel Core i5 12th Gen 1235U ,Intel Core i5 Processor (12th Gen)16 GB DDR4 RAMWindows 11 Operating System512 GB SSD35.56 cm (14 inch) Display1 Year Onsite Warranty,laptops,39990,2.6,4.0,Mid-range
ASUS Vivobook 15 Intel Core i3 12th Gen 1215U ,Intel Core i3 Processor (12th Gen)8 GB DDR4 RAMWindows 11 Operating System512 GB SSD39.62 cm (15.6 Inch) Display1 Year Onsite Warranty,laptops,31990,1.9,71.0,Mid-range
ASUS TUF Gaming A15 AMD Ryzen 7 Octa Core 7435HS ,AMD Ryzen 7 Octa Core Processor16 GB DDR5 RAMWindows 11 Operating System512 GB SSD39.62 cm (15.6 Inch) Display1 Year Onsite Warranty,laptops,62990,4.0,109.0,Premium
ASUS Vivobook Go 15 AMD Ryzen 3 Quad Core 7320U ,AMD Ryzen 3 Quad Core Processor8 GB LPDDR5 RAMWindows 11 Operating System512 GB SSD39.62 cm (15.6 Inch) Display1 Year Onsite Warranty,laptops,30990,2.0,483.0,Mid-range
MSI Crosshair 16 HX Intel Core i7 14th Gen 14700HX ,Intel Core i7 Processor (14th Gen)32 GB DDR5 RAMWindows 11 Operating System1 TB SSD40.64 cm (16 Inch) Display2 Year Onsite Warranty,laptops,149990,1.3,3.0,Premium
HP 15s Intel Core i3 12th Gen 1215U ,Intel Core i3 Processor (12th Gen)8 GB DDR4 RAM64 bit Windows 11 Operating System512 GB SSD100.58 cm (39.6 cm) DisplayMicrosoft Office Home & Student 20211 Year Onsite Warranty,laptops,35990,2.8,483.0,Mid-range
"DELL Inspiron 15 with Backlit Keyboard, Intel Core i5 13th Gen 1334U ",Intel Core i5 Processor (13th Gen)16 GB DDR4 RAM64 bit Windows 11 Operating System512 GB SSD39.62 cm (15.6 inch) Display1 Year Onsite Hardware Service,laptops,54380,3.8,9.0,Premium
Lenovo IdeaPad 3 Intel Core i3 12th Gen 1215U ,Intel Core i3 Processor (12th Gen)8 GB DDR4 RAMWindows 11 Operating System512 GB SSD35.56 cm (14 Inch) Display1 Year Carry-in Warranty,laptops,55190,3.5,82.0,Premium
ASUS Intel Core i5 13th Gen 1335U ,Intel Core i5 Processor (13th Gen)16 GB DDR4 RAMWindows 11 Operating System512 GB SSD39.62 cm (15.6 inch) Display1 Year Manufacturer Warranty,laptops,52990,4.5,1.0,Mid-range
ASUS TUF Gaming A15 AMD Ryzen 7 Octa Core 7435HS ,AMD Ryzen 7 Octa Core Processor8 GB DDR5 RAMWindows 11 Home Operating System512 GB SSD39.62 cm (15.6 inch) Display1 Year Carry-in Warranty,laptops,51990,2.2,22.0,Mid-range
Acer Nitro V Intel Core i5 13th Gen 13420H ,Intel Core i5 Processor (13th Gen)8 GB DDR5 RAMWindows 11 Operating System512 GB SSD39.62 cm (15.6 Inch) Display1 Year International Travelers Warranty (ITW),laptops,54990,4.3,35.0,Premium
DELL Intel Core i5 12th Gen 1235U ,"Processor: Intel i5-1235U (Base- 3.30 GHz & Turbo up to 4.40 GHz) 10 CoresRAM & Storage: 8GB DDR4 & 512GB SSDGraphics & Keyboard: Integrated & Standard KeyboardDisplay: 15.6"" FHD WVA AG 120Hz 250 nits Narrow BorderIntel Core i5 Processor (12th Gen)8 GB DDR4 RAM64 bit Windows 11 Operating System512 GB SSD38.0 cm (14.96 inch) Display1 Year Onsite Hardware Service",laptops,45149,2.0,41.0,Mid-range
HP 255 G9 AMD Ryzen 5 Hexa Core AMD Ryzen5,AMD Ryzen 5 Hexa Core Processor8 GB DDR4 RAMDOS Operating System512 GB SSD39.62 cm (15.6 inch) DisplayDOS1 Year Onsite Warranty,laptops,31490,3.4,2.0,Mid-range
Lenovo IdeaPad 3 Intel Core i3 12th Gen 1215U ,Intel Core i3 Processor (12th Gen)8 GB DDR4 RAMWindows 11 Operating System512 GB SSD35.56 cm (14 Inch) Display1 Year Carry-in Warranty,laptops,33990,1.2,5.0,Mid-range
Lenovo Yoga 7 OLED AI PC Intel Core Ultra 5 125H ,Intel Core Ultra 5 Processor16 GB LPDDR5X RAMWindows 11 Operating System1 TB SSD35.56 cm (14 Inch) Touchscreen Display1Yr Warranty + 1 Yr Premium Care and 1 Yr Accidental Damage Protection,laptops,103190,2.8,0.0,Premium
Acer Nitro V AMD Ryzen 5 Hexa Core 7535HS ,AMD Ryzen 5 Hexa Core Processor16 GB DDR5 RAMWindows 11 Operating System512 GB SSD39.62 cm (15.6 Inch) Display1 Year International Travelers Warranty (ITW),laptops,56990,3.8,5.0,Premium
HP OMEN Intel Core i7 14th Gen 14650HX ,Intel Core i7 Processor (14th Gen)16 GB DDR5 RAMWindows 11 Operating System1 TB SSD40.89 cm (16.1 inch) Display1 Year Onsite Warranty,laptops,133990,1.9,0.0,Premium
Colorful P15 Series Intel Core i5 12th Gen 12450H ,Intel Core i5 Processor (12th Gen)16 GB DDR5 RAM64 bit Windows 11 Operating System512 GB SSD39.62 cm (15.6 Inch) Display2 Year Carry-in Warranty,laptops,57990,3.5,16.0,Premium
HP 250 G9 Intel Core i3 12th Gen Intel Core i3 1215U ,Intel Core i3 Processor (12th Gen)8 GB DDR4 RAM64 bit Windows 11 Operating System512 GB SSD39.62 cm (15.6 inch) DisplayWindows1 year Domestic warranty,laptops,34499,5.0,24.0,Mid-range
Lenovo IdeaPad Flex 5 AMD Ryzen 5 Hexa Core 7530U ,AMD Ryzen 5 Hexa Core Processor16 GB LPDDR4X RAMWindows 11 Operating System512 GB SSD35.56 cm (14 Inch) Touchscreen DisplayMicrosoft Office Home & Student 20211Yr Warranty + 1 Yr Premium Care and 1 Yr Accidental Damage Protection,laptops,60490,4.6,7.0,Premium
HP Intel Core i7 13th Gen 1355U ,Intel Core i7 Processor (13th Gen)16 GB LPDDR5X RAM64 bit Windows 11 Operating System1 TB SSD35.56 cm (14 Inch) Display1 Year Onsite Warranty,laptops,94990,4.7,0.0,Premium
ASUS ROG Strix G15 AMD Ryzen 9 Octa Core AMD R9,AMD Ryzen 9 Octa Core Processor16 GB DDR4 RAM64 bit Windows 11 Home Operating System1 TB SSD39.62 cm (15.6 inch) Display1 Year Onsite Warranty,laptops,98990,1.4,6.0,Premium
Lenovo V14 G3 (82TSA01KIH) Intel Core i3 12th Gen 1213U ,Intel Core i3 Processor (12th Gen)8 GB DDR4 RAMDOS Operating System512 GB SSD35.56 cm (14 inch) Display1 YEAR FROM BRAND,laptops,29440,3.8,8.0,Mid-range
DELL Inspiron Intel Core i5 11th Gen 1135G7 ,Intel Core i5 Processor (11th Gen)8 GB DDR4 RAM64 bit Windows 11 Operating System512 GB SSD39.62 cm (15.6 inch) Display1 Year Onsite Warranty,laptops,47490,3.7,21.0,Mid-range
HP Chromebook Intel Celeron Dual Core N4020 ,Intel Celeron Dual Core Processor4 GB LPDDR4 RAM64 bit Chrome Operating System35.56 cm (14 Inch) Touchscreen Display1 Year onsite warranty,laptops,20990,1.5,30.0,Mid-range
Lenovo IdeaPad Slim 3 Intel Core i3 13th Gen 1305U ,Intel Core i3 Processor (13th Gen)8 GB LPDDR5 RAMWindows 11 Operating System512 GB SSD39.62 cm (15.6 Inch) Display1 Year Carry-in Warranty,laptops,41990,4.1,0.0,Mid-range
DELL Intel Core i3 13th Gen 1315U ,Intel Core i3 Processor (13th Gen)8 GB LPDDR5 RAM64 bit Windows 11 Operating System256 GB SSD35.56 cm (14 inch) Touchscreen Display1 Year,laptops,50990,2.5,0.0,Mid-range
Lenovo V14 Intel Core i5 12th Gen ,Intel Core i5 Processor (12th Gen)8 GB DDR4 RAM64 bit Windows 11 Operating System512 GB SSD35.56 cm (14 inch) Display1 Year Carry In,laptops,36999,4.1,0.0,Mid-range
Acer Aspire 5 15 Intel Core i3 13th Gen 31305 U ,Intel Core i3 Processor (13th Gen)8 GB LPDDR5 RAMWindows 11 Operating System512 GB SSD39.62 cm (15.6 Inch) Display1 Year Onsite Warranty,laptops,36490,4.2,3.0,Mid-range
DELL Inspiron 15 3520 Intel Core i5 12th Gen Core i5 ,Intel Core i5 Processor (12th Gen)8 GB DDR4 RAM64 bit Windows 11 Operating System512 GB SSD39.62 cm (15.6 inch) DisplayOffice Home & Student 20211 Year Onsite Warranty,laptops,46990,4.1,4.0,Mid-range
Infinix X2 Slim Intel Core i3 11th Gen 1115G4 ,Intel Core i3 Processor (11th Gen)8 GB LPDDR4X RAM64 bit Windows 11 Operating System512 GB SSD35.56 cm (14 inch) DisplayNA1 year Onsite Warranty,laptops,31990,4.5,161.0,Mid-range
DELL Inspiron 3520 Intel Core i5 12th Gen 1235U ,Intel Core i5 Processor (12th Gen)8 GB DDR4 RAMWindows 11 Operating System512 GB SSD39.62 cm (15.6 Inch) Display1 Year Onsite Warranty,laptops,43550,1.3,43.0,Mid-range
ASUS Vivobook 15 Intel Core i5 12th Gen 1235U ,Intel Core i5 Processor (12th Gen)8 GB DDR4 RAMWindows 11 Operating System512 GB SSD39.62 cm (15.6 Inch) Display1 Year Onsite Warranty,laptops,40990,3.7,190.0,Mid-range
DELL Inspiron 5370 Intel Core i7 8th Gen 8550U ,"Intel Core i7 Processor (8th Gen)8 GB DDR4 RAM64 bit Windows 11 Home Operating System256 GB SSD33.78 cm (13.3 inch) DisplayMicrosoft Office Home and Student 20191 Year Limited Hardware Warranty, In Home Service After Remote Diagnosis - Retail",laptops,87990,1.2,20.0,Premium
Acer ALG Intel Core i5 12th Gen 12450H ,Intel Core i5 Processor (12th Gen)16 GB DDR4 RAMWindows 11 Operating System512 GB SSD39.62 cm (15.6 Inch) Display1 Year Onsite Warranty,laptops,60900,2.9,1.0,Premium
HP 250 G9 Intel Core i5 12th Gen 1235U ,Intel Core i5 Processor (12th Gen)16 GB DDR4 RAM64 bit Windows 11 Operating System512 GB SSD39.62 cm (15.6 inch) Display1 Year Onsite Warranty,laptops,54990,3.6,0.0,Premium
Lenovo V15 AMD Ryzen 3 Quad Core 7th Gen 7320U ,AMD Ryzen 3 Quad Core Processor (7th Gen)8 GB DDR5 RAM64 bit Windows 11 Operating System512 GB SSD39.62 cm (15.6 inch) DisplayMS OFFICE1 year Onsite Warrenty,laptops,27990,3.2,0.0,Mid-range
DELL G15,Intel Core i5 Processor (13th Gen)16 GB DDR5 RAM64 bit Windows 11 Home Operating System512 GB SSD39.62 cm (15.6 inch) DisplayNA1 Year Onsite Premium Support,laptops,75490,2.7,1.0,Premium
Lenovo LOQ Intel Core i5 12th Gen 12450HX ,Intel Core i5 Processor (12th Gen)8 GB DDR5 RAMWindows 11 Home Operating System512 GB SSD39.62 cm (15.6 Inch) Display1Yr Warranty and 1 Yr Accidental Damage Protection,laptops,50190,2.4,10.0,Mid-range
Lenovo IdeaPad Slim 3 Intel Core i7 11th Gen 1165G7 ,Intel Core i7 Processor (11th Gen)16 GB DDR4 RAM64 bit Windows 11 Operating System512 GB SSD39.62 cm (15.6 inch) DisplayOffice Home & Student 20211 Year Warranty,laptops,59000,2.0,0.0,Premium
HP Intel Core i3 12th Gen ,Intel Core i3 Processor (12th Gen)8 GB DDR4 RAMWindows 11 Home Operating System512 GB SSD39.62 cm (15.6 inch) Display1 Year Manufacturer Warranty,laptops,38290,1.9,3.0,Mid-range
ASUS Vivobook Ultra 14 Intel Core i3 11th Gen 1115G4 ,Intel Core i3 Processor (11th Gen)8 GB DDR4 RAM64 bit Windows 11 Operating System512 GB SSD35.56 cm (14 inch) Display1 Year Onsite Warranty,laptops,38990,2.4,63.0,Mid-range
ASUS Intel Core i5 11th Gen ,Intel Core i5 Processor (11th Gen)8 GB DDR4 RAMWindows 11 Operating System512 GB SSD39.62 cm (15.6 inch) Display1 Year Warranty,laptops,56990,4.1,3.0,Premium
Acer Intel Core i5 13th Gen 1335U ,Intel Core i5 Processor (13th Gen)8 GB LPDDR4 RAMWindows 11 Operating System512 GB SSD35.56 cm (14 Inch) Display1 Year Carry-in Warranty,laptops,52990,3.7,0.0,Premium
DELL Inspiron Intel Core i3 11th Gen 1115G4 ,"Processor-i3-1115G4 Processor upto 4.1 GHz SpeedRAM & Storage: 8GB DDR4, 256GB SSD, WIN 11 + Office H&S 2021Display:15.6"" FHD WVA AG Narrow Border & Standard Keyboard2x USB 3.2 Gen1 ,1x USB 2.0, HDMI 1.4, SD Card reader, Audio jack, 1 M.2 2230/2280 SlotINTEGRATED Graphics CardIntel Core i3 Processor (11th Gen)8 GB DDR4 RAM64 bit Windows 11 Operating System256 GB SSD39.62 cm (15.6 Inch) Display1 Year Onsite Warranty",laptops,36970,1.8,36.0,Mid-range
DELL Inspiron Intel Core i3 11th Gen 115G4 ,Intel Core i3 Processor (11th Gen)8 GB DDR4 RAM64 bit Windows 11 Operating System1 TB HDD|256 GB SSD39.62 cm (15.6 inch) DisplayOffice Home and Student 2019 included1 Year Onsite Warranty,laptops,46590,1.1,100.0,Mid-range
HP Pavilion AMD Ryzen 5 Hexa Core 5625U ,AMD Ryzen 5 Hexa Core Processor8 GB DDR4 RAM64 bit Windows 11 Operating System512 GB SSD35.56 cm (14 Inch) Display1 Year Onsite Warranty,laptops,53990,2.1,151.0,Premium
Acer Aspire 3 14 Intel Core i3 13th Gen N305 ,Intel Core i3 Processor (13th Gen)8 GB LPDDR5 RAMWindows 11 Operating System512 GB SSD35.56 cm (14 Inch) Display1 Year Onsite Warranty,laptops,46999,2.1,0.0,Mid-range
HP Intel Intel Core i5 11th Gen 1155G7 ,Intel Core i5 Processor (11th Gen)8 GB DDR4 RAM64 bit Windows 11 Operating System512 GB SSD39.62 cm (15.6 Inch) Display1 Year Onsite Warranty,laptops,46150,4.4,276.0,Mid-range
Infinix X2 Slim Series Intel Core i5 11th Gen 1155G7 ,Intel Core i5 Processor (11th Gen)8 GB LPDDR4X RAMWindows 11 Operating System512 GB SSD35.56 cm (14 inch) Display1 Year Onsite Warranty,laptops,59990,3.1,107.0,Premium
MSI Modern 14 Intel Core i5 12th Gen 1235U ,Intel Core i5 Processor (12th Gen)16 GB DDR4 RAMWindows 11 Operating System512 GB SSD35.56 cm (14 Inch) Display1 Year Onsite Warranty,laptops,37990,2.4,136.0,Mid-range
ASUS Intel Core i7 13th Gen ,Intel Core i7 Processor (13th Gen)16 GB DDR5 RAMWindows 11 Home Operating System1 TB SSD40.64 cm (16 inch) Display1 Year Warranty,laptops,137011,2.1,0.0,Premium
Lenovo IdeaPad Slim 5 WUXGA OLED Intel Core i5 13th Gen 13420H ,Intel Core i5 Processor (13th Gen)16 GB LPDDR5 RAMWindows 11 Operating System512 GB SSD35.56 cm (14 Inch) Display1Yr Warranty + 1 Yr Premium Care and 1 Yr Accidental Damage Protection,laptops,68190,4.0,0.0,Premium
ASUS Intel Core i5 12th Gen ,Intel Core i5 Processor (12th Gen)8 GB DDR4 RAMWindows 11 Operating System512 GB SSD39.62 cm (15.6 inch) Display1 Year Warranty,laptops,40990,5.0,1.0,Mid-range
DELL Inspiron Intel Core i5 11th Gen 1155G7 ,Intel Core i5 Processor (11th Gen)16 GB DDR4 RAM64 bit Windows 10 Operating System512 GB SSD35.56 cm (14 inch) Touchscreen DisplayMicrosoft Office Home & Student 20191 Year Onsite Warranty,laptops,74990,4.2,6.0,Premium
HP 15s Intel Core i3 11th Gen 1115G4 ,"Intel Core i3 Processor (11th Gen)8 GB DDR4 RAM64 bit Windows 11 Home Operating System256 GB SSD39.62 cm (15.6 inch) DisplayMicrosoft Office Home & Student 2019, HP Documentation, HP CoolSense, HP SSRM, HP Smart1 Year Domestic Brand Warranty on Device",laptops,33490,1.1,112.0,Mid-range
MSI Creator M16 HX Intel Core i7 14th Gen 14700HX ,Intel Core i7 Processor (14th Gen)32 GB DDR5 RAMWindows 11 Operating System1 TB SSD40.64 cm (16 Inch) Display2 Year Onsite Warranty,laptops,139990,3.5,0.0,Premium
ASUS Vivobook 14 Intel Core i3 11th Gen i3,"Intel Core i3 Processor (11th Gen)8 GB DDR4 RAM64 bit Windows 11 Operating System512 GB SSD35.81 cm (14.1 inch) DisplayWindows 11 Home, Microsoft Office Home & Student 2019, 1 Year Mcafee1 Year Onsite Warranty",laptops,48999,2.4,4.0,Mid-range
ASUS Zenbook 14 ScreenPad Touch Panel Intel Core i7 11th Gen Intel Core i7,"Intel Core i7 Processor (11th Gen)16 GB LPDDR4X RAM64 bit Windows 10 Operating System1 TB SSD35.56 cm (14 inch) Touchscreen DisplayMicrosoft Office Home and Student 2019, Splendid (All Models), Tru2Life (Intel Platform Models), Link to MyASUS (All Models, Bluetooth Needed)1 Year Onsite Warranty",laptops,141999,3.7,0.0,Premium
ASUS TUF Gaming A15 AMD Ryzen 7 Octa Core 7435HS ,AMD Ryzen 7 Octa Core Processor16 GB DDR5 RAMWindows 11 Home Operating System512 GB SSD39.62 cm (15.6 inch) Display1 Year Carry-in Warranty,laptops,54990,4.8,22.0,Mid-range
MSI Modern 14 Intel Core i3 12th Gen 1215U ,Intel Core i3 Processor (12th Gen)16 GB DDR4 RAMWindows 11 Operating System512 GB SSD35.56 cm (14 Inch) Display1 Year Onsite Warranty,laptops,30990,4.4,113.0,Mid-range
Acer Predator Helios 16 Intel Core i9 14th Gen 14900HX ,Intel Core i9 Processor (14th Gen)16 GB DDR5 RAMWindows 11 Operating System1 TB SSD40.64 cm (16 Inch) Display1 Year International Travelers Warranty (ITW),laptops,199990,4.4,0.0,Premium
Apple MacBook AIR Apple M2 ,"Apple M2 Processor8 GB Unified Memory RAMMac OS Operating System512 GB SSD34.54 cm (13.6 Inch) DisplayBuilt-in Apps: iMovie, Siri, GarageBand, Pages, Numbers, Photos, Keynote, Safari, Mail, FaceTime, Messages, Maps, Stocks, Home, Voice Memos, Notes, Calendar, Contacts, Reminders, Photo Booth, Preview, Books, App Store, Time Machine, TV, Music, Podcasts, Find My, QuickTime Player1 Year Limited Warranty",laptops,97990,3.7,691.0,Premium
MarQ by Flipkart 6 kg,1350 rpm Max Speed5 Star Rating2 Years Warranty on Product and 5 Years Warranty on Motor,washing machine,6790,3.0,1962.0,Economic
Whirlpool 7 kg,1000 RPM Max Speed5 Star RatingWith In-Built Heater2 Years Warranty on Product and 8 Years Warranty on Motor,washing machine,26990,4.9,20.0,Mid-range
SAMSUNG 9 kg,"700 rpm Max Speed5 Star RatingWith In-Built Heater2 years comprehensive warranty on the product, 20 years warranty on the DIT Motor",washing machine,27500,2.9,4973.0,Mid-range
IFB 7 kg,"1000 rpm Max Speed5 Star RatingWith In-Built Heater4 Years Comprehensive Warranty on Product, 10 Years Warranty on Motor and 10 Years Spares Support",washing machine,26990,5.0,8238.0,Mid-range
MOTOROLA 7 kg,"1350 rpm Max Speed5 Star Rating2 Years Comprehensive Warranty on Product, 5 Years Warranty on Wash Motor",washing machine,8390,2.9,292.0,Economic
LG 8 kg,700 rpm Max Speed5 Star Rating2 Years Comprehensive Warranty and 10 Years Warranty on Motor,washing machine,19990,1.7,4827.0,Economic
IFB 8 kg,"1200 rpm Max Speed5 Star RatingWith In-Built Heater4 Years Comprehensive Warranty on Product, 10 Years Motor Warranty and 10 Years Warranty on Spares Support",washing machine,29990,4.2,8238.0,Mid-range
Voltas Beko by A Tata Product 9 kg,1350 rpm Max Speed5 Star Rating2 Years Comprehensive Warranty on Product and 5 Years Warranty on Wash Motor and Spin Motor,washing machine,12690,3.6,191.0,Economic
LG 7 kg,1350 RPM Max Speed5 Star Rating2 Years Comprehensive and 5 Years on Motor From LG,washing machine,11669,4.4,29.0,Economic
LG 9 kg,1400 rpm Max Speed5 Star RatingWith In-Built Heater2 Years Comprehensive Warranty on Product and 10 Years Warranty on Motor,washing machine,37990,4.9,22.0,Mid-range
LG 11 kg,700 rpm Max Speed5 Star Rating2 Years Warranty on Product and 10 Years Warranty on Motor,washing machine,32490,1.1,7.0,Mid-range
BOSCH 7.5 kg,1360 rpm Max Speed2 Years Compressive Warranty on Product and 2 Years Warranty on Motor,washing machine,11490,1.0,6.0,Economic
IFB 10 kg,"720 RPM Max Speed5 Star RatingWith In-Built Heater4 Years Comprehensive Warranty, 10 Years Warranty on Motor and 10 Years Warranty on Spares Support.",washing machine,32490,1.9,2.0,Mid-range
Electrolux 8 kg,1200 rpm Max Speed5 Star Rating2 Years Standard Warranty on Product and 10 Years Warranty on Inverter Motor,washing machine,29990,2.5,8.0,Mid-range
Haier 7 kg,800 RPM Max Speed5 Star Rating2 Years Comprehensive Warranty on Product and 10 Years Warranty on Motor,washing machine,15490,2.9,0.0,Economic
SAMSUNG 7 kg,"680 rpm Max Speed2 Years warranty on product, 10 Years warranty on Motor",washing machine,16339,1.7,11.0,Economic
Haier 10.5 kg,780 rpm Max Speed5 Star Rating2 Years Comprehensive Warranty and 10 Years Motor Warranty,washing machine,26540,3.6,0.0,Mid-range
TCL 7.5 kg,1400 RPM Max Speed5 Star Rating2 Years Warranty on Product and 5 Years Warranty on Motor,washing machine,8890,2.7,0.0,Economic
realme TechLife 8 kg,700 rpm Max Speed5 Star Rating2 Years Comprehensive Warranty on Product and 5 Years Warranty on Wash Motor,washing machine,12790,3.6,97.0,Economic
Whirlpool 8.5 kg,1400 rpm Max Speed5 Star Rating2 Years Warranty on Product and 10 Years on Motor,washing machine,16005,3.5,270.0,Economic
SAMSUNG 6.5 kg,"1000 rpm Max Speed5 Star RatingWith In-Built Heater2 years comprehensive warranty on the product, 20 years warranty on the DIT Motor",washing machine,24990,3.0,2671.0,Mid-range
Voltas Beko by A Tata Product 6.5 kg,1200 rpm Max Speed5 Star RatingWith In-Built Heater3 Years Comprehensive Warranty on Product and 12 Years Warranty on Motor,washing machine,22564,3.0,14.0,Mid-range
LG 6.5 kg,700 rpm Max Speed5 Star Rating2 Years Comprehensive Warranty on Product and 10 Years Warranty on Motor from LG,washing machine,16490,2.9,4827.0,Economic
Voltas Beko by A Tata Product 8.5 kg,1300 rpm Max Speed5 Star Rating2 Years Comprehensive Warranty and Additional 3 Years on Wash and Spin Motor From Voltas Beko,washing machine,12460,3.5,1.0,Economic
Midea 7 kg,1350 rpm Max Speed2 Years Warranty on Product and 5 Years Warranty on Wash Motor,washing machine,7490,2.6,4.0,Economic
SAMSUNG 6.5 kg,700 rpm Max Speed5 Star Rating1 Year Comprehensive Warranty on Product and 20 Year warranty on Digital Inverter Motor.,washing machine,26999,2.0,4605.0,Mid-range
Voltas Beko 9 kg,1350 rpm Max Speed5 Star Rating1 Year Comprehensive Warranty on Product and 5 Years Warranty on Motor,washing machine,11790,1.8,444.0,Economic
Panasonic 6.5 kg,700 rpm Max Speed5 Star Rating2 Years Comprehensive Warranty on Product and 10 Years on Motor,washing machine,14990,1.3,1138.0,Economic
BOSCH 7.5 kg,680 rpm Max Speed5 Star Rating2 Years Warranty on Product and 10 Years Warranty on Motor,washing machine,21490,4.7,121.0,Mid-range
Whirlpool 6.5 kg,740 RPM Max Speed5 Star Rating2,washing machine,14799,3.4,4.0,Economic
Voltas Beko by A Tata Product 8 kg,1450 RPM Max Speed5 Star Rating2 years comprehensive + additional 3 years on wash and spin motor,washing machine,12100,2.0,1.0,Economic
realme TechLife 10 kg,1400 RPM Max Speed5 Star RatingWith In-Built Heater2 Years Comprehensive Warranty on Product and 10 Years Warranty on Motor,washing machine,22990,3.2,104.0,Mid-range
Whirlpool 7.5 kg,1400 rpm Max Speed5 Star Rating4 Years Comprehensive warranty on Product 10 Years on wash motor 4 Years on Spin motor,washing machine,10990,2.2,1340.0,Economic
IFB 6.5 kg,"720 RPM Max Speed5 Star Rating4 Years Super Warranty, 10 Years Spare Parts Support, 10 Years Motor Warranty",washing machine,19099,3.7,1.0,Economic
Godrej 7 kg,1440 rpm Max Speed5 Star Rating2 Years Comprehensive Warranty on Product and 5 Years on Motor from Godrej,washing machine,9999,2.6,25.0,Economic
LG 9 kg,1400 rpm Max Speed5 Star RatingWith In-Built HeaterWith Wi-Fi Connectivity2 Years Comprehensive Warranty on Product and 10 Years Warranty on Motor,washing machine,39990,3.4,9.0,Mid-range
SAMSUNG 8.5 kg,"1350 rpm Max Speed5 Star Rating2 years on product, 2 years on motor (T&C Apply)",washing machine,16480,1.7,52.0,Economic
MOTOROLA 7 kg,1000 rpm Max Speed5 Star RatingWith In-Built Heater2 Year Comprehensive Warranty and 10 Years Warranty on Wash Motor from MOTOROLA,washing machine,19990,3.4,144.0,Economic
LG 7 kg,780 rpm Max Speed2 Years Comprehensive Warranty and 10 Years Warranty on Motor From LG,washing machine,25190,1.8,11.0,Mid-range
BOSCH 8 kg,680 RPM Max Speed5 Star Rating2 Years Warranty on Product and 10 Years Warranty on Motor,washing machine,22300,4.0,1.0,Mid-range
LG 6.5 kg,780 RPM Max Speed5 Star Rating2 Years Comprehensive Warranty on Product and 10 Years Warranty on Motor from LG,washing machine,24490,2.6,0.0,Mid-range
Godrej 6.5 kg,700 rpm Max Speed2 Years Comprehensive Warranty and 10 Years Warranty  on Motor from Godrej,washing machine,19990,2.5,19.0,Economic
BOSCH 8 kg,0 RPM Max Speed5 Star RatingWith In-Built Heater2 Years Warranty,washing machine,54999,2.2,0.0,Premium
BOSCH 8 kg,680 RPM Max SpeedWith In-Built Heater2 Years Warranty on Product and 10 Years on Motor,washing machine,23700,4.6,0.0,Mid-range
Thomson 8.5 kg,1600 RPM Max Speed5 Star Rating2 Years Comprehensive Warranty on Product and 5 Years Warranty on Motor,washing machine,9999,2.0,13.0,Economic
IFB 7 kg,"1200 rpm Max Speed5 Star RatingWith In-Built Heater4 Years Warranty on Product, 10 Years Warranty on Motor, and 10 Years Warranty on Spare Part Support",washing machine,35490,2.0,114.0,Mid-range
Godrej 8 kg,670 rpm Max Speed5 Star Rating2 Years Comprehensive Warranty on Product and 10 Years Warranty on Motor,washing machine,18990,2.1,0.0,Economic
Lloyd by Havells 8 kg,1320 rpm Max Speed2 years Comprehensive Warranty (Excluding all rubber and plastic parts) & additional 3 years Warranty only on motor,washing machine,12000,2.9,1.0,Economic
Voltas Beko by A Tata Product 8 kg,1300 rpm Max Speed5 Star Rating2 Years Comprehensive and Additional 3 Years On Wash and Spin Motor from Voltas Beko,washing machine,12249,4.2,6.0,Economic
CANDY 7 kg,1300 rpm Max Speed5 Star Rating2 year on product and 5 year on Motor,washing machine,8890,1.9,88.0,Economic
IFB 7 kg,"1200 rpm Max Speed5 Star RatingWith In-Built Heater4 Years Warranty on Product, 10 Years Warranty on Spare Parts Support and 10 Years Warranty on Motor",washing machine,36895,5.0,2.0,Mid-range
White Westinghouse (Trademark by Electrolux) 8 kg,1600 rpm Max Speed5 Star Rating2 Years Comprehensive Warranty on Product and 5 Years Warranty on Motor,washing machine,9799,3.5,71.0,Economic
IFB 8.5 kg,1400 RPM Max Speed5 Star RatingWith In-Built HeaterWith Wi-Fi Connectivity4 year machine warranty,washing machine,59999,4.1,0.0,Premium
DMR 3.6 kg,300 rpm Max Speed1 Year Free Spare Supply Warranty,washing machine,7899,1.6,5.0,Economic
Whirlpool 7.5 kg,1400 rpm Max Speed1 Year Comprehensive Warranty and 2 Years Warranty on Motor,washing machine,12690,4.0,10.0,Economic
Thomson 10 kg,1400 rpm Max Speed2 Years Warranty on Product and 5 Years on Motor from Thomson,washing machine,11490,1.5,17.0,Economic
0,1400 RPM Max SpeedWith In-Built HeaterWith Wi-Fi Connectivity3 Years on Product and 10 Years Warranty on Motor,washing machine,69990,1.2,0.0,Premium
0,240 RPM Max Speed1 Year Free Spare Parts Supply Warranty,washing machine,6499,1.9,3.0,Economic
Voltas Beko by A Tata Product 8 kg,1300 rpm Max Speed5 Star Rating2 Years Warranty on Product and 3 Years on Motor,washing machine,10980,2.5,65.0,Economic
SAMSUNG 6.5 kg,"680 rpm Max SpeedFor all Fully Automatic Washing Machines with Digital Inverter Motors, sold on or after 1st Dec 2022 (All Fully Automatic Front Load Washing Machine and Top Load Washing Machine) the Warranty period on the Digital Inverter Motor shall be revised from 10 years to 20 years and Comprehensive Product Warranty shall be revised from 3 years to 2 years.",washing machine,16100,4.8,63.0,Economic
Voltas Beko by A Tata Product 7 kg,700 rpm Max Speed5 Star Rating3 Years Comprehensive and Additional 9 Years On Motor from Voltas Beko,washing machine,17930,3.4,3.0,Economic
BOSCH 9 kg,"1400 RPM Max Speed5 Star RatingWith In-Built Heater2 years on product, 12 years on motor",washing machine,47780,1.6,1.0,Mid-range
VG 8 kg,1300 RPM Max Speed3 Star Rating1 Year Manufacturer Comprehensive Warranty on Product and 5 Years Warranty on Wash Motor,washing machine,9790,4.2,0.0,Economic
Whirlpool 7 kg,740 rpm Max Speed5 Star Rating2 Years Comprehensive Warranty on Product and 10 Years Warranty on Motor from Whirlpool,washing machine,17040,3.8,2.0,Economic
SAMSUNG 9 kg,"1300 rpm Max Speed5 Star Rating2 years on product, 2 years on motor (T&C Apply)",washing machine,22999,3.8,1.0,Mid-range
Lloyd by Havells 6.5 kg,0 RPM Max Speed5 Star Rating2 Years Warranty,washing machine,15895,2.2,1.0,Economic
BOSCH 6.5 kg,1000 RPM Max SpeedWith In-Built Heater2 Years Warranty on Product and 10 Years on Motor,washing machine,31967,4.2,0.0,Mid-range
Whirlpool 10.5 kg,1400 RPM Max Speed5 Star RatingWith In-Built Heater3 Years Comprehensive Warranty,washing machine,45490,4.4,0.0,Mid-range
Voltas Beko by A Tata Product 6.5 kg,700 RPM Max Speed5 Star Rating3 Years Comprehensive Warranty and 12 Years Motor Warranty,washing machine,19490,4.8,0.0,Economic
LG 7 kg,1200 rpm Max Speed5 Star RatingWith In-Built Heater2 Years Comprehensive and 10 Years on Motor from LG,washing machine,29990,1.5,1704.0,Mid-range
