Product_Name,Product_Description,Product_Type,Price,Ratings,No_of_reviews,Predicted_Category
CMF by Nothing Phone 1 ,8 GB RAM | 128 GB ROM | Expandable Upto 2 TB16.94 cm (6.67 inch) Full HD+ Display50MP + 2MP | 16MP Front Camera5000 mAh BatteryDimensity 7300 5G Processor1 Year Manufacturing Warranty,Android mobile,16499,2.1,561.0,Mid-range
REDMI 13c 5G ,6 GB RAM | 128 GB ROM17.12 cm (6.74 inch) Display50MP Rear Camera5000 mAh Battery1 Year,Android mobile,10630,4.2,594.0,Mid-range
REDMI 13c 5G ,8 GB RAM | 256 GB ROM17.12 cm (6.74 inch) Display50MP Rear Camera5000 mAh Battery1 Year,Android mobile,13973,4.5,312.0,Mid-range
realme Narzo N61 ,6 GB RAM | 128 GB ROM17.12 cm (6.74 inch) Display32MP Rear Camera5000 mAh Battery1 Year,Android mobile,8369,2.2,6.0,Mid-range
REDMI 13 5G ,8 GB RAM | 128 GB ROM | Expandable Upto 1 TB17.25 cm (6.79 inch) Full HD+ Display108MP + 2MP | 13MP Front Camera5030 mAh Lithium Polymer Battery4 Gen 2 AE Processor1 Year Manufacturer Warranty for Phone and 6 Months Warranty for In the Box Accessories,Android mobile,14999,3.6,50.0,Mid-range
realme P2 Pro 5G ,12 GB RAM | 256 GB ROM17.02 cm (6.7 inch) Full HD+ Display50MP + 8MP | 32MP Front Camera5200 mAh Battery7s Gen2 Processor1 Year Manufacturer Warranty for Device and 6 Months Manufacturer Warranty for Inbox Accessories,Android mobile,24999,3.3,98.0,Mid-range
realme C61 ,4 GB RAM | 64 GB ROM | Expandable Upto 2 TB17.13 cm (6.745 inch) HD+ Display32MP Rear Camera | 5MP Front Camera5000 mAh BatteryT612 Processor1 Year Manufacturer Warranty for Device and 6 Months Manufacturer Warranty for Inbox Accessories,Android mobile,7699,3.0,65.0,Mid-range
Motorola Edge 50 Pro 5G with 125W Charger ,12 GB RAM | 256 GB ROM17.02 cm (6.7 inch) Display50MP + 13MP + 10MP | 50MP Front Camera4500 mAh Battery7 Gen 3 Mobile Platform Processor1 Year on Handset and 6 Months on Accessories,Android mobile,29999,4.3,1588.0,Mid-range
Infinix Hot 50 5G ,8 GB RAM | 128 GB ROM | Expandable Upto 1 TB17.02 cm (6.7 inch) HD+ Display48MP + Depth Sensor | 8MP Front Camera5000 mAh Lithium-ion Polymer BatteryDimensity 6300 Processor1 Year Warranty on Handset and 6 Months Warranty on Accessories,Android mobile,10999,3.0,102.0,Mid-range
vivo T3 Pro 5G ,8 GB RAM | 128 GB ROM17.2 cm (6.77 inch) Full HD+ AMOLED Display50MP + 8MP | 16MP Front Camera5500 mAh BatterySnapdragon 7 Gen 3 Processor1 Year Warranty on Handset and 6 Months Warranty on Accessories,Android mobile,24999,3.2,940.0,Mid-range
realme 13 Pro+ 5G ,12 GB RAM | 256 GB ROM17.02 cm (6.7 inch) Full HD+ Display50MP + 8MP + 50MP | 32MP Front Camera5200 mAh BatterySnapdragon 7s Gen2 Processor1 Year Manufacturer Warranty for Device and 6 Months Manufacturer Warranty for Inbox Accessories,Android mobile,32999,3.9,223.0,Mid-range
REDMI Note 13 5G ,8 GB RAM | 256 GB ROM16.94 cm (6.67 inch) Display108MP Rear Camera5000 mAh Battery1 Year Brand Warranty,Android mobile,17107,1.9,503.0,Mid-range
realme C63 5G Charger in the Box ,6 GB RAM | 128 GB ROM | Expandable Upto 2 TB16.94 cm (6.67 inch) HD+ Display32MP Rear Camera | 8MP Front Camera5000 mAh BatteryDimensity 6300 Processor1 Year Manufacturer Warranty for Device and 6 Months Manufacturer Warranty for Inbox Accessories,Android mobile,11999,1.9,138.0,Mid-range
realme 13 Pro+ 5G ,8 GB RAM | 256 GB ROM17.02 cm (6.7 inch) Full HD+ Display50MP + 8MP + 50MP | 32MP Front Camera5200 mAh BatterySnapdragon 7s Gen2 Processor1 Year Manufacturer Warranty for Device and 6 Months Manufacturer Warranty for Inbox Accessories,Android mobile,30999,1.4,364.0,Mid-range
Google Pixel 7a ,8 GB RAM | 128 GB ROM15.49 cm (6.1 inch) Full HD+ Display64MP (OIS) + 13MP | 13MP Front Camera4300 mAh BatteryTensor G2 Processor1 Year Domestic Warranty,Android mobile,31999,1.3,2213.0,Mid-range
Google Pixel 7a ,8 GB RAM | 128 GB ROM15.49 cm (6.1 inch) Full HD+ Display64MP (OIS) + 13MP | 13MP Front Camera4300 mAh BatteryTensor G2 Processor1 Year Domestic Warranty,Android mobile,31999,4.0,2213.0,Mid-range
Infinix SMART 8 ,4 GB RAM | 64 GB ROM | Expandable Upto 2 TB16.76 cm (6.6 inch) HD+ Display50MP + AI Lens | 8MP Front Camera5000 mAh BatteryHelio G36 Processor1 Year on Handset and 6 Months on Accessories,Android mobile,7299,3.2,1641.0,Mid-range
Motorola g45 5G ,4 GB RAM | 128 GB ROM | Expandable Upto 1 TB16.51 cm (6.5 inch) HD+ Display50MP + 2MP | 16MP Front Camera5000 mAh BatterySnapdragon 6s Gen 3 Processor1 Year Warranty on Handset and 6 Months Warranty on Accessories,Android mobile,9999,1.4,255.0,Mid-range
Motorola Edge 50 Fusion ,8 GB RAM | 128 GB ROM17.02 cm (6.7 inch) Full HD+ Display50MP + 13MP | 32MP Front Camera5000 mAh Battery7s Gen 2 Processor1 Year on Handset and 6 Months on Accessories,Android mobile,21999,3.0,3879.0,Mid-range
realme C63 5G Charger in the Box ,4 GB RAM | 128 GB ROM | Expandable Upto 2 TB16.94 cm (6.67 inch) HD+ Display32MP Rear Camera | 8MP Front Camera5000 mAh BatteryDimensity 6300 Processor1 Year Manufacturer Warranty for Device and 6 Months Manufacturer Warranty for Inbox Accessories,Android mobile,10999,2.2,88.0,Mid-range
SAMSUNG Galaxy S23 5G ,8 GB RAM | 128 GB ROM15.49 cm (6.1 inch) Full HD+ Display50MP + 10MP + 12MP | 12MP Front Camera3900 mAh Lithium Ion BatteryQualcomm Snapdragon 8 Gen 2 Processor1 Year Manufacturer Warranty for Device and 6 Months Manufacturer Warranty for In-Box Accessories,Android mobile,39999,1.2,2674.0,Mid-range
SAMSUNG Galaxy M35 5G ,8 GB RAM | 128 GB ROM16.76 cm (6.6 inch) Display50MP Rear Camera6000 mAh Battery1 YEAR,Android mobile,19495,4.9,7.0,Mid-range
vivo V40 5G ,8 GB RAM | 128 GB ROM17.22 cm (6.78 inch) Full HD+ Display50MP + 50MP | 50MP Front Camera5500 mAh BatterySnapdragon 7 Gen 3 Processor1 Year Warranty on Handset and 6 Months Warranty on Accessories,Android mobile,34999,3.5,410.0,Mid-range
REDMI Note 13 Pro+ 5G ,8 GB RAM | 256 GB ROM16.94 cm (6.67 inch) Display200MP (OIS) + 8MP + 2MP | 16MP Front Camera5000 mAh BatteryDimensity 7200 Ultra 5G Processor1 Year Manufacturer Warranty for Phone and 6 Months Warranty for In the Box Accessories,Android mobile,24121,4.2,943.0,Mid-range
realme C65 5G ,8 GB RAM | 128 GB ROM | Expandable Upto 2 TB16.94 cm (6.67 inch) HD+ Display50MP Rear Camera | 8MP Front Camera5000 mAh BatteryDimensity 6300 Processor1 Year Manufacturer Warranty for Device and 6 Months Manufacturer Warranty for Inbox Accessories,Android mobile,13388,5.0,1.0,Mid-range
Motorola G34 5G ,4 GB RAM | 128 GB ROM16.51 cm (6.5 inch) HD+ Display50MP + 2MP | 16MP Front Camera5000 mAh BatterySnapdragon 695 5G ProcessorVegan Leather Design1 Year on Handset and 6 Months on Accessories,Android mobile,10999,4.6,3502.0,Mid-range
LAVA Blaze Pro 5G with Dual Sim|50MP Rear Camera|5000 mAh Battery|Expandable Upto 1TB ,8 GB RAM | 128 GB ROM17.22 cm (6.78 inch) Full HD+ Display50MP Rear Camera5000 mAh Battery1 Year Handset Warranty and 6 Months Warranty on Accessories,Android mobile,10649,3.9,86.0,Mid-range
realme GT 6T 5G ,12 GB RAM | 256 GB ROM17.22 cm (6.78 inch) Display50MP Rear Camera5500 mAh Battery1 Year,Android mobile,32140,2.6,45.0,Mid-range
REDMI 13C ,4 GB RAM | 128 GB ROM | Expandable Upto 1 TB17.12 cm (6.74 inch) HD+ Display50MP Rear Camera | 8MP Front Camera5000 mAh BatteryHelio G85 Processor1 Year Manufacturer Warranty for Phone and 6 Months Warranty for In the Box Accessories,Android mobile,7199,2.1,2292.0,Mid-range
REDMI Note 13 Pro+ 5G ,12 GB RAM | 512 GB ROM16.94 cm (6.67 inch) Display200MP (OIS) + 8MP + 2MP | 16MP Front Camera5000 mAh BatteryDimensity 7200 Ultra 5G Processor1 Year Manufacturer Warranty for Phone and 6 Months Warranty for In the Box Accessories,Android mobile,28319,2.2,695.0,Mid-range
Tecno Pova 6 Pro 5G ,8 GB RAM | 256 GB ROM | Expandable Upto 2 TB17.22 cm (6.78 inch) Full HD Display108MP Rear Camera | 32MP Front Camera6000 mAh BatteryMediatek Dimensity 6080 Processor1,Android mobile,19999,3.6,21.0,Mid-range
Motorola Edge 40 Neo ,8 GB RAM | 128 GB ROM16.64 cm (6.55 inch) Full HD+ Display50MP + 13MP | 32MP Front Camera5000 mAh BatteryDimensity 7030 Processor1 Year on Handset and 6 Months on Accessories,Android mobile,22999,1.6,5992.0,Mid-range
vivo T2x 5G ,8 GB RAM | 128 GB ROM16.71 cm (6.58 inch) Full HD+ Display50MP + 2MP | 8MP Front Camera5000 mAh BatteryMediatek Dimensity 6020 Processor1 Year of Device & 6 Months for Inbox Accessories,Android mobile,20999,4.1,4329.0,Mid-range
vivo T2x 5G ,4 GB RAM | 128 GB ROM16.71 cm (6.58 inch) Full HD+ Display50MP + 2MP | 8MP Front Camera5000 mAh BatteryMediatek Dimensity 6020 Processor1 Year of Device & 6 Months for Inbox Accessories,Android mobile,12899,1.4,9361.0,Mid-range
OPPO Reno 12 5G ,8 GB RAM | 256 GB ROM | Expandable Upto 1 TB17.02 cm (6.7 inch) Full HD+ Display50MP + 8MP + 2MP | 32MP Front Camera5000 mAh BatteryDimensity 7300 Energy Processor1 Year Manufacturer Warranty for Device and 6 Months Manufacturer Warranty for Inbox Accessories,Android mobile,32999,3.1,17.0,Mid-range
REDMI Note 12 5G ,8 GB RAM | 256 GB ROM | Expandable Upto 1 TB16.94 cm (6.67 inch) Full HD+ AMOLED Display48MP + 8MP + 2MP | 13MP Front Camera5000 mAh BatteryQualcomm Snapdragon 4 Gen 1 Processor1 Year Manufacturer Warranty for Phone and 6 Months Warranty for In the Box Accessories,Android mobile,15499,2.3,429.0,Mid-range
IQOO Z9X ,8 GB RAM | 128 GB ROM17.07 cm (6.72 inch) Display50MP Rear Camera6000 mAh Battery1 Year Warranty on Handset and 6 Months Warranty on Inbox Accessories,Android mobile,16265,2.5,26.0,Mid-range
vivo T2x 5G ,4 GB RAM | 128 GB ROM16.71 cm (6.58 inch) Full HD+ Display50MP + 2MP | 8MP Front Camera5000 mAh BatteryMediatek Dimensity 6020 Processor1 Year of Device & 6 Months for Inbox Accessories,Android mobile,17999,1.3,9361.0,Mid-range
OPPO A3 5G ,6 GB RAM | 128 GB ROM | Expandable Upto 2 TB16.94 cm (6.67 inch) HD+ Display50MP Rear Camera | 5MP Front Camera5100 mAh BatteryDimensity 6300 Processor1 Year Manufacturer Warranty for Device and 6 Months Manufacturer Warranty for Inbox Accessories,Android mobile,15999,4.2,9.0,Mid-range
realme P1 5G ,8 GB RAM | 128 GB ROM | Expandable Upto 2 TB16.94 cm (6.67 inch) Full HD+ Display50MP + 2MP | 16MP Front Camera5000 mAh BatteryDimensity 7050 Processor1 Year Manufacturer Warranty for Device and 6 Months Manufacturer Warranty for Inbox Accessories,Android mobile,14999,4.5,1323.0,Mid-range
SAMSUNG Galaxy A15 5G ,8 GB RAM | 256 GB ROM | Expandable Upto 1 TB16.51 cm (6.5 inch) Full HD+ Display50MP + 5MP + 2MP | 13MP Front Camera5000 mAh BatteryDimensity 6100+ Processor1 Year Manufacturer Warranty for Device and 6 Months for In-Box Accessories,Android mobile,22499,4.8,136.0,Mid-range
OPPO Reno11 Pro 5G ,12 GB RAM | 256 GB ROM17.02 cm (6.7 inch) Full HD+ Display50MP + 8MP + 32MP | 32MP Front Camera4600 mAh BatteryMediatek Dimensity 8200 Processor1 Year Manufacturer Warranty for Device and 6 Months Manufacturer Warranty for Inbox Accessories,Android mobile,29999,1.1,424.0,Mid-range
vivo Y28e 5G ,4 GB RAM | 64 GB ROM | Expandable Upto 1 TB16.66 cm (6.56 inch) Display13MP + 0.08MP | 5MP Front Camera5000 mAh BatteryDimensity 6300 Processor1 Year Manufacturer Warranty for Device and 6 Months Manufacturer Warranty for Inbox Accessories,Android mobile,10890,4.7,3.0,Mid-range
realme Narzo N65 5G ,4 GB RAM | 128 GB ROM16.94 cm (6.67 inch) Display50MP Rear Camera5000 mAh Battery1 Year,Android mobile,11184,2.5,18.0,Mid-range
OPPO A77 ,4 GB RAM | 128 GB ROM | Expandable Upto 1 TB16.66 cm (6.56 inch) HD+ Display50MP + 2MP | 8MP Front Camera5000 mAh Lithium-ion Polymer BatteryMediatek Helio G35 Processor1 Year on Handset and 6 Months on Accessories,Android mobile,11998,2.7,75.0,Mid-range
Infinix HOT 30i ,4 GB RAM | 64 GB ROM | Expandable Upto 1 TB16.76 cm (6.6 inch) HD+ Display50MP + AI Lens | 5MP Front Camera5000 mAh BatteryG37 Processor1 Year on Handset and 6 Months on Accessories,Android mobile,8399,2.0,1593.0,Mid-range
vivo Y16 ,4 GB RAM | 128 GB ROM | Expandable Upto 1 TB16.54 cm (6.51 inch) HD+ Display13MP + 2MP | 5MP Front Camera5000 mAh Lithium BatteryMediatek Helio P35 Processor1 Year of Device & 6 Months for In-Box Accessories,Android mobile,16999,3.1,433.0,Mid-range
Google Pixel 8 ,8 GB RAM | 128 GB ROM15.75 cm (6.2 inch) Full HD+ Display50MP + 12MP | 10.5MP Front Camera4575 mAh BatteryTensor G3 Processor1 Year Domestic Warranty,Android mobile,39999,5.0,775.0,Mid-range
IQOO Z9S 5G ,12 GB RAM | 256 GB ROM17.2 cm (6.77 inch) Full HD+ AMOLED Display50MP + 50MP | 2MP Dual Front Camera5500 mAh BatteryMediaTek Dimensity 7300 5G Processor12 Months Brand Warranty on Smartphone,Android mobile,24345,3.3,1.0,Mid-range
IQOO NEO9 PRO ,12 GB RAM | 256 GB ROM17.22 cm (6.78 inch) Display50MP Rear Camera5160 mAh Battery1 Year,Android mobile,40999,2.9,30.0,Mid-range
SAMSUNG Galaxy F14 5G ,"4 GB RAM | 128 GB ROM | Expandable Upto 1 TB16.76 cm (6.6 inch) Full HD+ Display50MP + 2MP | 13MP Front Camera6000 mAh BatteryExynos 1330, Octa Core Processor1 Year Manufacturer Warranty for Device and 6 Months Manufacturer Warranty for In-Box Accessories",Android mobile,11990,4.1,3081.0,Mid-range
Infinix Zero 30 5G ,12 GB RAM | 256 GB ROM17.22 cm (6.78 inch) Full HD+ Display108MP (OIS) + 13MP + 2MP | 50MP Front Camera5000 mAh Lithium-ion Polymer BatteryDimensity 8020 Processor1 Year Warranty on the Handset and 6 Months Warranty on the Accessories,Android mobile,22999,2.8,1797.0,Mid-range
Infinix Zero 30 5G ,8 GB RAM | 256 GB ROM17.22 cm (6.78 inch) Full HD+ Display108MP (OIS) + 13MP + 2MP | 50MP Front Camera5000 mAh Lithium-ion Polymer BatteryDimensity 8020 Processor1 Year Warranty on the Handset and 6 Months Warranty on the Accessories,Android mobile,23999,4.3,540.0,Mid-range
SAMSUNG Galaxy A25 5G ,8 GB RAM | 128 GB ROM | Expandable Upto 1 TB16.51 cm (6.5 inch) Full HD+ Display50MP + 8MP + 2MP | 13MP Front Camera5000 mAh BatteryExynos 1280 Processor1 Year Manufacturer Warranty for Device and 6 Months for In-Box Accessories,Android mobile,20490,4.1,6.0,Mid-range
IQOO Z9S PRO 5G ,12 GB RAM | 256 GB ROM17.2 cm (6.77 inch) Display50MP Rear Camera5500 mAh Battery1 YEAR,Android mobile,33990,2.4,3.0,Mid-range
Nokia C32 ,4 GB RAM | 128 GB ROM16.55 cm (6.517 inch) Full HD+ Display50MP Rear Camera | 8MP Front Camera5000 mAh BatterySC9863A1 Processor1 Year Replacement Guarantee for Device and 6 Months Manufacturer Warranty for In-Box Accessories Including Battery from the Date of Purchase,Android mobile,7999,4.0,119.0,Mid-range
REDMI 13C 5G ,8 GB RAM | 256 GB ROM | Expandable Upto 1 TB17.12 cm (6.74 inch) HD+ Display50MP Rear Camera | 5MP Front Camera5000 mAh BatteryMediatek Dimensity 6100+ Processor1 Year Manufacturer Warranty for Phone and 6 Months Warranty for In the Box Accessories,Android mobile,13499,1.3,312.0,Mid-range
Apple iPhone 15 Pro Max ,"1 TB ROM17.02 cm (6.7 inch) Super Retina XDR Display48MP + 12MP + 12MP | 12MP Front CameraA17 Pro Chip, 6 Core Processor Processor1 Year Warranty for Phone and 6 Months Warranty for In-Box Accessories",iPhone,140999,2.1,111.0,Premium
Apple iPhone 16 Plus ,"256 GB ROM17.02 cm (6.7 inch) Super Retina XDR Display48MP + 12MP | 12MP Front CameraA18 Chip, 6 Core Processor Processor1 Year Warranty for Phone and 6 Months Warranty for In-Box Accessories",iPhone,99900,3.3,23.0,Mid-range
Apple iPhone 16 Pro ,"128 GB ROM16.0 cm (6.3 inch) Super Retina XDR Display48MP + 48MP + 12MP | 12MP Front CameraA18 Pro Chip, 6 Core Processor Processor1 Year Warranty for Phone and 6 Months Warranty for In-Box Accessories",iPhone,119900,2.1,7.0,Mid-range
Apple iPhone SE ,"64 GB ROM11.94 cm (4.7 inch) Retina HD Display12MP Rear Camera | 7MP Front CameraA13 Bionic Chip with 3rd Gen Neural Engine ProcessorWater and Dust Resistant (1 meter for Upto 30 minutes, IP67)Fast Charge CapableWireless charging (Works with Qi Chargers | Qi Chargers are Sold SeparatelyBrand Warranty for 1 Year",iPhone,39900,4.1,12015.0,Mid-range
Apple iPhone 14 ,"128 GB ROM15.49 cm (6.1 inch) Super Retina XDR Display12MP + 12MP | 12MP Front CameraA15 Bionic Chip, 6 Core Processor Processor1 Year Warranty for Phone and 6 Months Warranty for In-Box Accessories",iPhone,50999,1.5,11648.0,Mid-range
Apple iPhone 14 ,"128 GB ROM15.49 cm (6.1 inch) Super Retina XDR Display12MP + 12MP | 12MP Front CameraA15 Bionic Chip, 6 Core Processor Processor1 Year Warranty for Phone and 6 Months Warranty for In-Box Accessories",iPhone,50999,3.7,11648.0,Mid-range
Apple iPhone 13 ,256 GB ROM15.49 cm (6.1 inch) Super Retina XDR Display12MP + 12MP | 12MP Front CameraA15 Bionic Chip ProcessorBrand Warranty for 1 Year,iPhone,59900,1.5,13737.0,Mid-range
Apple iPhone X ,"64 GB ROM14.73 cm (5.8 inch) Super Retina HD Display12MP + 12MP | 7MP Front CameraA11 Bionic Chip with 64-bit Architecture, Neural Engine, Embedded M11 Motion Coprocessor ProcessoriOS 13 CompatibleBrand Warranty of 1 Year",iPhone,91900,2.3,862.0,Mid-range
Apple iPhone 8 ,"64 GB ROM11.94 cm (4.7 inch) Retina HD Display12MP Rear Camera | 7MP Front CameraA11 Bionic Chip with 64-bit Architecture, Neural Engine, Embedded M11 Motion Coprocessor ProcessoriOS 13 CompatibleBrand Warranty of 1 Year",iPhone,39900,2.7,10.0,Mid-range
Apple iPhone SE 3rd Gen ,"128 GB ROM11.94 cm (4.7 inch) Retina HD Display12MP Rear Camera | 7MP Front CameraA15 Bionic Chip, 6 Core Processor ProcessorBrand Warranty of 1 Year",iPhone,52600,4.1,138.0,Mid-range
Apple iPhone 6s ,32 GB ROM11.94 cm (4.7 inch) Retina HD Display12MP Rear Camera | 5MP Front CameraApple A9 64-bit processor and Embedded M9 Motion Co-processorBrand Warranty of 1 Year,iPhone,29990,1.2,9180.0,Mid-range
Apple iPhone 7 ,128 GB ROM11.94 cm (4.7 inch) Retina HD Display12MP Rear Camera | 7MP Front CameraApple A10 Fusion 64-bit processor and Embedded M10 Motion Co-processorBrand Warranty of 1 Year,iPhone,34900,2.4,9140.0,Mid-range
Apple iPhone 7 ,128 GB ROM11.94 cm (4.7 inch) Retina HD Display12MP Rear Camera | 7MP Front CameraApple A10 Fusion 64-bit processor and Embedded M10 Motion Co-processorBrand Warranty of 1 Year,iPhone,34900,3.2,9140.0,Mid-range
Apple iPhone 12 ,"128 GB ROM15.49 cm (6.1 inch) Super Retina XDR Display12MP + 12MP | 12MP Front CameraA14 Bionic Chip with Next Generation Neural Engine ProcessorCeramic ShieldIndustry-leading IP68 Water ResistanceAll Screen OLED Display12MP TrueDepth Front Camera with Night Mode, 4K Dolby Vision HDR RecordingBrand Warranty for 1 Year",iPhone,54900,4.4,13924.0,Mid-range
Apple iPhone 12 Pro Max ,"256 GB ROM17.02 cm (6.7 inch) Super Retina XDR Display12MP + 12MP + 12MP | 12MP Front CameraA14 Bionic Chip with Next Generation Neural Engine ProcessorCeramic Shield | Industry-leading IP68 Water ResistanceAll Screen OLED DisplayLiDAR Scanner for Improved AR Experiences, Night Mode PortraitsBrand Warranty for 1 Year",iPhone,129900,3.2,101.0,Mid-range
Apple iPhone 15 Plus ,"256 GB ROM17.02 cm (6.7 inch) Super Retina XDR Display48MP + 12MP | 12MP Front CameraA16 Bionic Chip, 6 Core Processor Processor1 Year Warranty for Phone and 6 Months Warranty for In-Box Accessories",iPhone,75999,2.1,1307.0,Mid-range
Apple iPhone 12 ,"64 GB ROM15.49 cm (6.1 inch) Super Retina XDR Display12MP + 12MP | 12MP Front CameraA14 Bionic Chip with Next Generation Neural Engine ProcessorCeramic ShieldIndustry-leading IP68 Water ResistanceAll Screen OLED Display12MP TrueDepth Front Camera with Night Mode, 4K Dolby Vision HDR RecordingBrand Warranty for 1 Year",iPhone,49900,2.6,13924.0,Mid-range
Apple iPhone 5s ,16 GB ROM10.16 cm (4 inch) Retina Display8MP Rear Camera | 1.2MP Front CameraApple A7 64-bit processor and M7 Motion Co-processor1 Year Manufacturer Warranty,iPhone,25000,2.1,7294.0,Mid-range
Apple iPhone 5C ,8 GB ROM10.16 cm (4 inch) Retina Display8MP Rear Camera | 1.2MP Front CameraA6 Chip Processor1 Year Manufacturer Warranty,iPhone,37500,2.4,265.0,Mid-range
Apple iPhone 5s ,16 GB ROM10.16 cm (4 inch) Retina Display8MP Rear Camera | 1.2MP Front CameraApple A7 64-bit processor and M7 Motion Co-processor1 Year Manufacturer Warranty,iPhone,25000,3.5,7294.0,Mid-range
Apple iPhone 8 Plus ,"64 GB ROM13.97 cm (5.5 inch) Retina HD Display12MP + 12MP | 7MP Front CameraA11 Bionic Chip with 64-bit Architecture, Neural Engine, Embedded M11 Motion Coprocessor ProcessorBrand Warranty of 1 Year",iPhone,49900,2.9,354.0,Mid-range
Liebherr 205 L Direct Cool Single Door 3 Star Refrigerator,"ReciprocatingBuilt-in Stabilizer1-year comprehensive warranty (additional 2 years warranty upon registration completed within 15 days of purchase) and 10 Years Warranty on Compressor. Registration can be done via the QR Code on the product or by contacting our customer care team via email.
Offer Period: 13 Oct'2023-31 Dec' 2023",Fridge,15990,4.0,19.0,Mid-range
"SAMSUNG 322 L Frost Free Double Door 3 Star Refrigerator  with Digital Inverter, Convertible 5-in-1 an...","Digital Inverter CompressorBuilt-in Stabilizer1 year comprehensive warranty on the product, 20 years on compressor by the brand.",Fridge,37990,3.4,922.0,Mid-range
Godrej 183 L Direct Cool Single Door 3 Star Refrigerator  with Jumbo Vegetable Tray and Toughened Glas...,Fixed Speed CompressorBuilt-in Stabilizer1 Year Comprehensive Warranty on Product and 10 Years Warranty on Compressor,Fridge,13790,3.2,367.0,Mid-range
Whirlpool 260 L Frost Free Double Door Refrigerator,Reciprocating CompressorBuilt-in Stabilizer1 Year Warranty on Product and 10 Years on Compressor From Whirlpool,Fridge,27490,1.8,4083.0,Mid-range
BOSCH 187 L Direct Cool Single Door 4 Star Refrigerator with Base Drawer,Reciprocating CompressorBuilt-in Stabilizer1 Year Comprehensive Warranty on Product and 10 Years Warranty on Compressor,Fridge,18990,3.4,8.0,Mid-range
"SAMSUNG 322 L Frost Free Double Door 3 Star Convertible Refrigerator  with Digital Inverter, Convertib...","Digital Inverter CompressorBuilt-in Stabilizer1 year comprehensive warranty on the product, 20 years on compressor by the brand.",Fridge,37490,1.7,922.0,Mid-range
Haier 190 L Direct Cool Single Door 5 Star Refrigerator with Base Drawer  with Large Storage Space1 Ho...,Normal CompressorBuilt-in Stabilizer2 Years Warranty on Product and 10 Years Warranty on Compressor,Fridge,17390,3.9,1071.0,Mid-range
SAMSUNG 183 L Direct Cool Single Door 3 Star Refrigerator with Base Drawer  with Digital Inverter,"Digital Inverter CompressorBuilt-in Stabilizer1 year comprehensive warranty on the product, 20 years on compressor by the brand.",Fridge,16290,2.4,1042.0,Mid-range
Voltas Beko by A Tata Product 340 L Frost Free Double Door 2 Star Refrigerator,Pro Smart Inverter CompressorBuilt-in Stabilizer2 Years Comprehensive Warranty and 12 Years Compressor Warranty,Fridge,28990,4.4,135.0,Mid-range
Haier 215 L Direct Cool Single Door 3 Star Refrigerator with Base Drawer  with Large Storage Space1 Ho...,Normal CompressorBuilt-in Stabilizer1 Year Warranty on Product and 10 Years Warranty on Compressor,Fridge,17790,3.4,15.0,Mid-range
Voltas Beko by A Tata Product 183 L Direct Cool Single Door 3 Star Refrigerator,Reciprocating CompressorBuilt-in Stabilizer1 Year Comprehensive Warranty on Product and 10 Years Warranty on Compressor,Fridge,13490,1.2,94.0,Mid-range
SAMSUNG 183 L Direct Cool Single Door 3 Star Refrigerator,Digital Inverter CompressorBuilt-in Stabilizer1 Year Comprehensive Warranty on Product and 20 Years Warranty on Compressor,Fridge,16200,1.5,1.0,Mid-range
Whirlpool 207 L Direct Cool Single Door 5 Star Refrigerator with Base Drawer,DC Inverter CompressorBuilt-in Stabilizer1 Year Warranty on Product and 10 Years on Compressor,Fridge,18990,2.3,3.0,Mid-range
Godrej 308 L Frost Free Double Door 2 Star Refrigerator,Inverter CompressorBuilt-in Stabilizer1 Year Comprehensive Warranty on Product and 10 Years Warranty on Compressor,Fridge,30990,4.6,0.0,Mid-range
Midea 510 L Frost Free Side by Side Refrigerator,InverterBuilt-in Stabilizer1 Year Comprehensive (Product) Warranty and 10 Years Warranty on Compressor from Midea,Fridge,46990,3.7,161.0,Mid-range
Whirlpool 215 L Frost Free Triple Door Refrigerator,Reciprocating CompressorBuilt-in Stabilizer1 Year Comprehensive Warranty on Product and  9 Years Warranty on Compressor,Fridge,24690,2.5,4083.0,Mid-range
SAMSUNG 183 L Direct Cool Single Door 3 Star Refrigerator,Digital Inverter CompressorBuilt-in Stabilizer1 Year Standard Warranty on Product and 20 Years Warranty on the Compressor,Fridge,17199,1.8,0.0,Mid-range
Haier 237 L Frost Free Double Door Bottom Mount 2 Star Convertible Refrigerator,InverterBuilt-in Stabilizer1 Year Warranty on Product and 10 Years Warranty on Compressor,Fridge,25390,4.3,0.0,Mid-range
Whirlpool 228 L Frost Free Multi-Door Refrigerator,Reciprocating CompressorBuilt-in Stabilizer1 Year Warranty on Product and 9 Years Warranty on Compressor,Fridge,26290,3.4,4083.0,Mid-range
Haier 355 L Frost Free Double Door Bottom Mount 3 Star Refrigerator,InverterBuilt-in Stabilizer1 Year Warranty on Product and 10 Years Warranty on Compressor,Fridge,45990,4.6,0.0,Mid-range
LG 242 L Frost Free Double Door 2 Star Refrigerator,Smart Inverter CompressorBuilt-in Stabilizer1 Year Warranty on Product and 10 Years Warranty on Compressor From LG,Fridge,24799,2.1,58.0,Mid-range
Panasonic 308 L Frost Free Double Door 3 Star Refrigerator  with 6-Stage Smart Inverter Jumbo Vegetabl...,Inverter CompressorBuilt-in Stabilizer1 Year Comprehensive Warranty on Product and 10 Years on Compressor,Fridge,32490,4.0,65.0,Mid-range
BOSCH 207 L Direct Cool Single Door 3 Star Refrigerator with Base Drawer,Reciprocating CompressorBuilt-in Stabilizer1 Year Comprehensive Warranty on Product and 10 Years Warranty on Compressor,Fridge,20990,2.1,8.0,Mid-range
Whirlpool 192 L Direct Cool Single Door 4 Star Refrigerator with Base Drawer  with Laminar Airflow,Reciprocatory CompressorBuilt-in Stabilizer1 Year Comprehensive Warranty on Product and 9 Years Additional Warranty on Compressor,Fridge,16790,4.0,84.0,Mid-range
Godrej 265 L Frost Free Double Door 2 Star Refrigerator,InverterBuilt-in Stabilizer1 Year Comprehensive Warranty on Product and 10 Years Warranty on Compressor,Fridge,26999,3.8,1.0,Mid-range
Haier 185 L Direct Cool Single Door 3 Star Refrigerator with Base Drawer,InverterBuilt-in Stabilizer1 Years Manufacturer Warranty,Fridge,17490,1.5,0.0,Mid-range
"SAMSUNG 301 L Frost Free Double Door 3 Star Convertible Refrigerator  with Digital Inverter, Convertib...","Digital Inverter CompressorBuilt-in Stabilizer1 year comprehensive warranty on the product, 20 years on compressor by the brand.",Fridge,35490,2.3,922.0,Mid-range
Godrej 234 L Frost Free Double Door 2 Star Refrigerator,Linear CompressorBuilt-in Stabilizer1 Year Warranty on product and 10 Years Warranty on Compressor from Godrej,Fridge,21999,3.9,0.0,Mid-range
Whirlpool 192 L Direct Cool Single Door 3 Star Refrigerator with Base Drawer,Normal CompressorBuilt-in Stabilizer1 Year on Product and 10 Years on Compressor from Whirlpool,Fridge,16224,4.6,0.0,Mid-range
SAMSUNG 236 L Frost Free Double Door 3 Star Convertible Refrigerator  with Digital Inverter and Displa...,"Digital Inverter CompressorBuilt-in Stabilizer1 year comprehensive warranty on the product, 20 years on compressor by the brand.",Fridge,26490,3.7,1235.0,Mid-range
Voltas Beko by A Tata Product 470 L Frost Free Double Door 3 Star Refrigerator,Inverter CompressorBuilt-in Stabilizer2 Years Comprehensive Warranty on Product and 10 Years Additional Warranty on Compressor,Fridge,45389,3.0,0.0,Mid-range
Godrej 330 L Frost Free Double Door 2 Star Refrigerator  with Convertible 4-In-1 Refrigerator With 95%...,Inverter compressorBuilt-in Stabilizer1 Year Comprehensive Warranty on Product and 10 Years on Compressor,Fridge,29990,3.4,7.0,Mid-range
LG 185 L Direct Cool Single Door 3 Star Refrigerator  with Moist 'N' Fresh,Conventional CompressorBuilt-in Stabilizer1 Year Warranty on Product and 10 Years Warranty on Compressor from LG,Fridge,17460,2.6,16.0,Mid-range
"LG 205 L Direct Cool Single Door 5 Star Refrigerator with Base Drawer  with Smart Inverter Compressor,...",Smart Inverter CompressorBuilt-in Stabilizer1 Year Warranty on Product and 10 Years Warranty on Compressor from LG,Fridge,24899,3.2,64.0,Mid-range
Whirlpool 327 L Frost Free Double Door 3 Star Convertible Refrigerator  with 3 Star Convertible,Inverter CompressorBuilt-in Stabilizer1 Year Comprehensive Warranty on Product And 9 Years Warranty on Compressor,Fridge,35990,3.4,54.0,Mid-range
Liebherr 191 L Direct Cool Single Door 4 Star Refrigerator,ReciprocatingBuilt-in Stabilizer1 Year Comprehensive Warranty on Product and 20 Years Warranty on Compressor,Fridge,16290,4.1,19.0,Mid-range
Godrej 253 L Frost Free Double Door Top Mount 2 Star Refrigerator,Inverter1 Year on Product,Fridge,24200,3.5,1.0,Mid-range
Midea 661 L Frost Free Side by Side Refrigerator,DC Inverter CompressorBuilt-in Stabilizer1 Year on Product and 10 Years on Compressor from Midea,Fridge,71990,2.8,3.0,Mid-range
Godrej 253 L Frost Free Double Door 2 Star Refrigerator,Inverter Compressor1 Year Comprehensive Warranty and 10 Years Compressor Warranty,Fridge,23353,2.3,0.0,Mid-range
SAMSUNG 223 L Direct Cool Single Door 3 Star Refrigerator,Digital Inverter CompressorBuilt-in Stabilizer1 Year Comprehensive Warranty on Product and 10 Years Warranty on Compressor,Fridge,20700,3.2,0.0,Mid-range
LG 185 L Direct Cool Single Door 3 Star Refrigerator with Base Drawer  with Moist 'N' Fresh,Conventional CompressorBuilt-in Stabilizer1 Year Warranty on Product and 10 Years Warranty on Compressor from LG,Fridge,16690,2.6,0.0,Mid-range
Haier 235 L Frost Free Double Door 3 Star Refrigerator,Reciprocating CompressorBuilt-in Stabilizer1 Year Warranty on Product and 10 Years on Compressor From Haier,Fridge,30100,2.7,0.0,Mid-range
SAMSUNG 301 L Frost Free Double Door 2 Star Convertible Refrigerator,Digital Inverter CompressorBuilt-in Stabilizer1 Year Comprehensive Warranty on Product and 10 Years Warranty on Compressor,Fridge,39400,1.2,0.0,Mid-range
SAMSUNG 523 L Frost Free Double Door 2 Star Convertible Refrigerator,"Digital Inverter CompressorBuilt-in Stabilizer1 Year Warranty on Product, 10 Years Warranty on Compressor",Fridge,61990,3.7,0.0,Mid-range
SAMSUNG 386 L Frost Free Double Door 2 Star Convertible Refrigerator  with Curd Maestro,"Digital Inverter CompressorBuilt-in Stabilizer1 year comprehensive warranty on product, 20 years on compressor, For all Refrigerators with Digital Inverter Compressors, sold on or after 1st Dec 2022 (All Refrigerator apart from Non-Digital Inverter Technology Direct Cool Models) the Warranty period on the Digital Inverter Compressor shall be revised from 10 years to 20 years.",Fridge,54103,2.9,0.0,Mid-range
Godrej 185 L Direct Cool Single Door 5 Star Refrigerator,advanced inverter compressor technologyBuilt-in Stabilizer1 Year Warranty on product and 10 Years Warranty on Compressor from Godrej,Fridge,19494,4.0,0.0,Mid-range
"LG 343 L Frost Free Double Door 3 Star Convertible Refrigerator  with Wi-Fi, DoorCooling+, Smart Inver...",Smart Inverter CompressorBuilt-in Stabilizer1 Year Warranty on Product and 10 Years Warranty on Compressor From LG,Fridge,59199,1.5,24.0,Mid-range
MarQ by Flipkart 90 L Direct Cool Single Door 1 Star Refrigerator,Reciprocating CompressorBuilt-in Stabilizer1 Year Warranty on Product and 10 Years Warranty on Compressor,Fridge,8490,4.5,385.0,Mid-range
SAMSUNG 192 L Direct Cool Single Door 3 Star Refrigerator,"Digital Inverter CompressorBuilt-in Stabilizer1 year comprehensive warranty on product, 20 years on compressor, For all Refrigerators with Digital Inverter Compressors, sold on or after 1st Dec 2022 (All Refrigerator apart from Non-Digital Inverter Technology Direct Cool Models) the Warranty period on the Digital Inverter Compressor shall be revised from 10 years to 20 years.",Fridge,16419,2.1,1.0,Mid-range
Godrej 200 L Direct Cool Single Door 3 Star Convertible Refrigerator,Inverter CompressorBuilt-in Stabilizer1 Year Warranty on product and 10 Years Warranty on Compressor from Godrej,Fridge,17559,4.7,1.0,Mid-range
Whirlpool 236 L Direct Cool Single Door 4 Star Refrigerator,Inverter1 Year Comprehensive Warranty on Product and 9 Years Warranty on Compressor,Fridge,23999,4.3,1.0,Mid-range
Whirlpool 190 L Direct Cool Single Door 4 Star Refrigerator,Inverter CompressorBuilt-in Stabilizer1 Year on Product and 10 Years on Compressor From Whirlpool,Fridge,20999,3.8,998.0,Mid-range
SAMSUNG 183 L Direct Cool Single Door 3 Star Refrigerator,Digital Inverter CompressorBuilt-in Stabilizer1 Year Comprehensive Warranty on Product and 20 Years Warranty on Compressor,Fridge,17490,1.2,2.0,Mid-range
Whirlpool 467 L Frost Free Double Door 2 Star Convertible Refrigerator,Inverter CompressorBuilt-in Stabilizer1 Year Warranty on Product and 9 Years Warranty on Compressor,Fridge,47499,4.8,1.0,Mid-range
Haier 190 L Direct Cool Single Door 5 Star Refrigerator with Base Drawer,NormalBuilt-in Stabilizer1 Year Comprehensive Warranty on Product and 10 Years Warranty on Compressor,Fridge,17948,1.0,2.0,Mid-range
LG 630 L Frost Free Double Door 3 Star Refrigerator,Inverter Linear CompressorBuilt-in Stabilizer1 Year Warranty on Product and 10 Years on Compressor from LG,Fridge,69990,2.9,4.0,Mid-range
Polycab 10 L Storage Water Geyser ,Storage Geyser10 L2 Year Warranty,geyser,5999,1.6,8.0,Mid-range
V-Guard 25 L Storage Water Geyser ,Storage Geyser25 LMatteo 25 comes with a 2-year offsite domestic warranty for manufacturing defects.  The Heating Element has a warranty of 3 years & the Inner Tank has a warranty of 5 years. Please contact V-Guard Customer Care 1800 103 1300(Toll-free) for service-related issues.,geyser,7449,4.5,1315.0,Mid-range
V-Guard 15 L Storage Water Geyser with Free Installation & Flexi Pipes ,"Storage Geyser15 L2 Year on Product, 4 Year on Heating Element, 7 Year on Inner Tank",geyser,9499,1.8,149.0,Mid-range
V-Guard 10 L Storage Water Geyser ,"Storage Geyser10 L2 Year on Product, 3 Year on Heating Element, 7 Year on Inner Tank",geyser,7249,4.6,167.0,Mid-range
AO Smith 25 L Storage Water Geyser ,"Storage Geyser25 L7 Years Warranty on Tank, 3 Years Extended Warranty, 2 Years Comprehensive Warranty",geyser,7999,2.3,962.0,Mid-range
ACTIVA 1 L Instant Water Geyser ,"Instant Geyser1 L5 Year Warranty On Inner Tank, 1 Year On Components",geyser,1499,2.0,44.0,Mid-range
V-Guard 3 L Instant Water Geyser ,Instant Geyser3 L1 Year V-Guard Company Domestic Warranty,geyser,2999,3.7,29.0,Economic
BAJAJ 3 L Instant Water Geyser ,"Instant Geyser3 LTank-5 Years,Heating Element-2 Years,Product-1 Years",geyser,3299,2.2,2109.0,Mid-range
BAJAJ 25 L Storage Water Geyser ,"Storage Geyser25 L10 years warranty on tank, 6 years warranty on element and 4 years warranty on product",geyser,6799,3.0,3308.0,Mid-range
Hindware Smart Appliances 25 L Storage Water Geyser ,"Storage Geyser25 L2 Years Compehensive, 3 Years on Heating Element, 7 Years on Tank",geyser,6499,4.3,1168.0,Mid-range
AO Smith 15 L Storage Water Geyser ,"Storage Geyser15 LComprehensive-2 Years, Tank-5 Years",geyser,6499,3.0,962.0,Mid-range
ACTIVA 25 L Storage Water Geyser ,Storage Geyser25 L2 YEAR ON INNER TANK 1 YEAR ON COMPONENT WARRANTY.,geyser,3799,4.2,501.0,Mid-range
HAVELLS 25 L Storage Water Geyser ,Storage Geyser25 LTank Warranty-7 year Body and electrical components Warranty-2 Year Heating element Warranty-4 Year,geyser,13499,5.0,0.0,Mid-range
Kenstar 5.9 L Instant Water Geyser ,"Instant Geyser5.9 L5 Years on Tank, 2 Years on Heating Element, 2 Years on Product",geyser,2999,5.0,308.0,Mid-range
Crompton 15 L Storage Water Geyser ,"Storage Geyser15 LTank: 5 years, Heating Element: 2 years, Product: 2 years",geyser,7789,2.4,160.0,Mid-range
Racold 3 L Instant Water Geyser ,"Instant Geyser3 L2 Years on Product, 2 Years on Heating Element and 5 Years on Tank",geyser,3199,1.6,658.0,Mid-range
Crompton 10 L Storage Water Geyser ,Storage Geyser10 L5 Years Domestic Warranty on Tank and 2 Years Domestic Warranty on the Product from the Date of Purchase,geyser,5199,1.7,1555.0,Mid-range
MinMAX 1 L Instant Water Geyser ,Instant Geyser1 L12 months brand warranty + 3Months extended warranty to get it registered you have register it with brand within 15 day (coustomer care +91 9625151748),geyser,1049,1.1,127.0,Mid-range
BAJAJ 3 L Instant Water Geyser ,Instant Geyser3 L2 years on Product; 3 years on Heating Element; 5 years on Tank,geyser,4199,1.9,0.0,Mid-range
Crompton 10 L Storage Water Geyser ,Storage Geyser10 L7 years warranty on inner tank 2 years comprehensive,geyser,6049,2.4,14.0,Mid-range
Racold 3 L Instant Water Geyser ,"Instant Geyser3 L2 Years on Product, 2 Years on Heating Element and 5 Years on Tank",geyser,2899,4.5,658.0,Mid-range
HAVELLS 25 L Storage Water Geyser ,Storage Geyser25 L2 YEAR WARRANTY COMPRESSIVE 4YEAR WARRANTY ELEMENT 7 YEAR INNER TANK,geyser,15200,1.3,1.0,Mid-range
STANDARD 25 L Storage Water Geyser ,"Storage Geyser25 L5 Years on Inner Tank, 2 Years on Product",geyser,7699,3.2,0.0,Mid-range
HAVELLS 10 L Storage Water Geyser ,"Storage Geyser10 L7 Years Warranty on Inner Container, 4 Years Warranty on Heating Element, 2 Years Comprehensive Warranty",geyser,8219,3.3,5.0,Mid-range
Crompton 6 L Storage Water Geyser ,Storage Geyser6 LNA,geyser,5199,1.5,2.0,Mid-range
Crompton 25 L Storage Water Geyser ,"Storage Geyser25 LTank: 5 years, Heating Element: 2 years, Product: 2 years",geyser,10899,4.9,160.0,Mid-range
Venus 25 L Storage Water Geyser ,"Storage Geyser25 L2 years on product,10  years of Tank & 4 Years on Heating Element",geyser,17028,3.3,9.0,Mid-range
Venus 15 L Storage Water Geyser ,"Storage Geyser15 L2 years on product, 4 years heating element and 10 years Inner tank",geyser,14794,3.9,6.0,Mid-range
AO Smith 15 L Storage Water Geyser ,"Storage Geyser15 LComprehensive-2 Years, Heating Element-2+2* Years, Tank-7 Years",geyser,8799,2.7,0.0,Mid-range
jade-x 1 L Instant Water Geyser ,Instant Geyser1 L1 Year Manufacturer Warranty,geyser,901,2.8,11.0,Economic
HAVELLS 25 L Storage Water Geyser with Flexi Pipe and Free Installation ,"Storage Geyser25 L2 Years Comprehensive Warranty on Product, 7 Years Warranty on Inner Container and 4 Years Warranty on Heating Element",geyser,8449,3.1,1352.0,Mid-range
Candes 10 L Instant Water Geyser ,"Instant Geyser10 L1 Year Warranty on Components & 4 Years Warranty on Inner Container  including On-Site & Off-Site, Domestic & International Warranty",geyser,4149,2.0,7.0,Mid-range
USHA 15 L Storage Water Geyser ,"Storage Geyser15 L2 Years Warranty on Product, 3 Years on Heating Element and 7 Years on Tank",geyser,6399,2.0,2.0,Mid-range
FABER Tankless Instant Water Geyser ,"Instant Geyser0 L3 Years on Heating Element, 2 Years on Product",geyser,4590,2.6,1.0,Mid-range
Crompton 15 L Storage Water Geyser ,"Storage Geyser15 LTank: 5 years, Heating Element: 2 years, Product: 2 years",geyser,5699,2.5,1555.0,Mid-range
Venus 15 L Storage Water Geyser ,"Storage Geyser15 LGuarantee -7 Years on Inner Tank, 3 Years on Heating Element & 2 Years on Product",geyser,6595,3.0,43.0,Mid-range
Crompton 3 L Instant Water Geyser ,Instant Geyser3 LNA,geyser,2839,3.1,0.0,Economic
USHA 15 L Storage Water Geyser ,"Storage Geyser15 L2 Years on Product, 3 Years on Heating Element and 7 Years on Tank",geyser,6750,3.9,0.0,Mid-range
Orient Electric 15 L Storage Water Geyser ,"Storage Geyser15 L7 Years on Tank, 3 Years on Heating Element and 2 Years on Product",geyser,6399,4.3,229.0,Mid-range
V-Guard 15 L Storage Water Geyser with Free Installation & Flexi Pipes ,"Storage Geyser15 L2 Year on Product, 4 Year on Heating Element, 7 Year on Inner Tank",geyser,10349,3.7,0.0,Mid-range
Morphy Richards 15 L Storage Water Geyser ,Storage Geyser15 L4 years warranty on elements 7 years warranty on tank 2 years warranty on product,geyser,8340,4.9,0.0,Mid-range
Crompton 25 L Storage Water Geyser ,"Storage Geyser25 L7 Years Warranty on Tank, 3 Years Warranty on Heating Element and 2 Years Warranty on Product",geyser,9299,4.3,0.0,Mid-range
DIGISMART 35 L Storage Water Geyser ,Storage Geyser35 L2 YEAR MANUFACTURER WARRANTY,geyser,3999,3.8,205.0,Mid-range
Crompton 6 L Storage Water Geyser ,"Storage Geyser6 L5 Years Inner Tank, 2 Years Element, 2 Years Product",geyser,6799,3.9,0.0,Mid-range
Kanishka 25 L Storage Water Geyser ,Storage Geyser25 L1 Year Manufacture Warranty on Components and 5 Years Warranty on Inner Container.,geyser,3599,2.6,4.0,Mid-range
Crompton 3 L Instant Water Geyser ,"Instant Geyser3 LTank: 5 years, Heating Element: 2 years, Product: 2 years",geyser,2845,4.3,2.0,Economic
Orient Electric 25 L Storage Water Geyser ,"Storage Geyser25 L7 Years on Tank, 4 Years on Heating Element and 2 Years on Product",geyser,9359,1.4,4.0,Mid-range
HAVELLS 10 L Storage Water Geyser ,"Storage Geyser10 L7 Years Warranty on Inner Container, 4 Years Warranty on Heating Element, 2 Years Comprehensive Warranty",geyser,7559,2.8,1.0,Mid-range
Haier 6 L Storage Water Geyser Shock Proof Glass Lined Tank ,Storage Geyser6 L4 Year Guaranty  On Product,geyser,6500,3.1,2.0,Mid-range
USHA 15 L Storage Water Geyser ,"Storage Geyser15 L2 Years on Product, 3 Years on Heating Element and 7 Years on Tank    2 Years on Product, 3 Years on Heating Element and 7 Years on Tank",geyser,6788,4.2,1.0,Mid-range
Candes 25 L Storage Water Geyser ,"Storage Geyser25 L5 Years Warranty on Inner Container & 1 Year Warranty on Components including On-Site & Off-Site, Domestic & International Warranty",geyser,5069,3.3,2337.0,Mid-range
Crompton 6 L Storage Water Geyser ,"Storage Geyser6 LTank: 5 years, Heating Element: 2 years, Product: 2 years",geyser,5249,1.2,3.0,Mid-range
HAVELLS 25 L Storage Water Geyser ,"Storage Geyser25 L5 year warranty on Inner Container, 2 year comprehensive Warranty",geyser,11499,3.6,13.0,Mid-range
Crompton 25 L Storage Water Geyser ,"Storage Geyser25 L2 Years for Geyser, 3 Years for Element, 5 Years for Tank",geyser,8850,1.9,27.0,Mid-range
Orient Electric 15 L Storage Water Geyser ,"Storage Geyser15 L7 Years on Tank, 4 Years on Heating Element and 2 Years on Product",geyser,6749,4.9,10.0,Mid-range
ACTIVA 35 L Storage Water Geyser ,"Storage Geyser35 L5 Year Warranty On Inner Tank, 1 Year On Components",geyser,4199,3.4,1546.0,Mid-range
USHA 6 L Storage Water Geyser ,Storage Geyser6 L3 Years on Heating Element and 7 Years on Tank,geyser,6500,4.7,240.0,Mid-range
V-Guard 3 L Instant Water Geyser ,Instant Geyser3 L2 YEAR WARRANTY AND 5 YEAR REPLACEMENT FOR INNER TANK WARRANTY,geyser,3180,1.7,0.0,Mid-range
Rishikaenterprises 1 L Instant Water Geyser ,Instant Geyser1 L0,geyser,1794,3.5,0.0,Economic
Racold 35 L Storage Water Geyser ,Storage Geyser35 LInner Tank: 5 years Product: 2 years Heating Element: 2 years,geyser,10599,4.3,0.0,Mid-range
AO Smith 50 L Storage Water Geyser ,Storage Geyser50 L7 years on innner tank and 2 years on product,geyser,19490,4.6,2.0,Mid-range
Crompton 15 L Storage Water Geyser ,Storage Geyser15 L2 Years for Geyser and 5 Years for Tank,geyser,6499,1.0,51.0,Mid-range
Hindware Smart Appliances 15 L Storage Water Geyser ,"Storage Geyser15 L5 Years on Tank, 2 Years on Element and 2 years comprehensive",geyser,5299,3.2,0.0,Economic
AO Smith 15 L Storage Water Geyser ,Storage Geyser15 L2 years complete 7 years tank,geyser,10490,2.6,1.0,Mid-range
Polycab 1 L Instant Water Geyser ,Instant Geyser1 L2 Years Domestic Warranty,geyser,2699,3.6,0.0,Economic
DELL Intel Core i3 13th Gen 1305U ,Intel Core i3 Processor (13th Gen)8 GB DDR4 RAMWindows 11 Operating System512 GB SSD39.62 cm (15.6 Inch) Display1 Year Onsite Warranty,laptops,37990,2.4,2.0,Mid-range
Acer Aspire 3 Intel Celeron Dual Core N4500 ,Intel Celeron Dual Core Processor8 GB LPDDR4X RAMWindows 11 Operating System256 GB SSD39.62 cm (15.6 Inch) Display1 Year Onsite Warranty,laptops,19990,3.2,15.0,Mid-range
ASUS TUF Gaming F15 Intel Core i5 12th Gen 12500H ,Intel Core i5 Processor (12th Gen)16 GB DDR4 RAMWindows 11 Home Operating System512 GB SSD39.62 cm (15.6 Inch) Display1 Year Onsite Warranty,laptops,64990,1.2,51.0,Mid-range
Infinix Y4 Max Series Intel Core i5 13th Gen 1335U ,Intel Core i5 Processor (13th Gen)16 GB LPDDR4X RAMWindows 11 Operating System512 GB SSD40.64 cm (16 inch) DisplayNA1 Year Onsite Warranty,laptops,38990,4.1,45.0,Mid-range
HP 15s Intel Core i7 13th Gen 1360P ,Intel Core i7 Processor (13th Gen)16 GB DDR4 RAM64 bit Windows 11 Operating System512 GB SSD39.62 cm (15.6 Inch) Display1 Year Onsite Warranty,laptops,72990,2.1,22.0,Mid-range
Lenovo IdeaPad Slim 5 Intel Core i7 13th Gen 13700H ,Intel Core i7 Processor (13th Gen)16 GB LPDDR5 RAMWindows 11 Operating System1 TB SSD40.64 cm (16 inch) Display1Yr Warranty + 1 Yr Premium Care and 1 Yr Accidental Damage Protection,laptops,80190,1.8,9.0,Mid-range
Acer Swift Go 14 AMD Ryzen 5 Hexa Core 7430U ,AMD Ryzen 5 Hexa Core Processor16 GB LPDDR4X RAMWindows 11 Operating System512 GB SSD35.56 cm (14 Inch) Display1 Year Carry-in Warranty,laptops,44990,4.0,10.0,Mid-range
Lenovo IdeaPad Slim 5 Intel Core i5 12th Gen 12450H ,Intel Core i5 Processor (12th Gen)16 GB LPDDR5 RAMWindows 11 Operating System1 TB SSD35.56 cm (14 Inch) Display1Yr Warranty + 1 Yr Premium Care and 1 Yr Accidental Damage Protection,laptops,78590,1.0,20.0,Mid-range
ASUS Vivobook Go 15 OLED AMD Ryzen 3 Quad Core 7320U ,AMD Ryzen 3 Quad Core Processor8 GB LPDDR5 RAMWindows 11 Operating System512 GB SSD39.62 cm (15.6 Inch) Display1 Year Onsite Warranty,laptops,36990,4.0,292.0,Mid-range
Acer Aspire 3 Intel Core i3 13th Gen 1305U ,Intel Core i3 Processor (13th Gen)8 GB DDR4 RAMWindows 11 Operating System512 GB SSD35.56 cm (14 Inch) Display1 Year Carry-in Warranty,laptops,29990,4.7,0.0,Mid-range
MSI Modern 15 Intel Core i5 12th Gen 1235U ,Intel Core i5 Processor (12th Gen)16 GB DDR4 RAMWindows 11 Operating System512 GB SSD39.62 cm (15.6 Inch) Display1 Year Carry-in Warranty,laptops,39990,2.8,136.0,Mid-range
HP 255 G8 Silver AMD Ryzen 5 Hexa Core AMD Ryzen 5 5500U ,AMD Ryzen 5 Hexa Core Processor8 GB DDR4 RAM32 bit Windows 11 Operating System256 GB SSD39.62 cm (15.6 inch) DisplayWindows1 year Domestic warranty,laptops,31990,1.4,7.0,Mid-range
"DELL Inspiron 15 with Backlit Keyboard, Intel Core i5 12th Gen 1235U ",Intel Core i5 Processor (12th Gen)8 GB DDR4 RAM64 bit Windows 11 Operating System512 GB SSD39.62 cm (15.6 Inch) Display1 Year Onsite Hardware Service,laptops,46750,1.4,43.0,Mid-range
ASUS TUF Gaming A15 AMD Ryzen 7 Octa Core 7435HS ,AMD Ryzen 7 Octa Core Processor8 GB DDR5 RAMWindows 11 Home Operating System512 GB SSD39.62 cm (15.6 inch) Display1 Year Carry-in Warranty,laptops,51990,3.1,22.0,Mid-range
MSI Thin 15 Intel Core i7 12th Gen 12650H ,Intel Core i7 Processor (12th Gen)16 GB DDR4 RAMWindows 11 Operating System1 TB SSD39.62 cm (15.6 Inch) Display2 Year Onsite Warranty,laptops,67990,2.6,0.0,Mid-range
Lenovo ThinkPad E14 AMD Ryzen 5 Hexa Core 7530U ,AMD Ryzen 5 Hexa Core Processor16 GB DDR4 RAMWindows 11 Operating System512 GB SSD35.56 cm (14 Inch) Display1 Year Onsite Warranty,laptops,47500,2.3,8.0,Mid-range
Lenovo Yoga 7 Intel Core i5 13th Gen 1340P ,Intel Core i5 Processor (13th Gen)16 GB LPDDR5 RAMWindows 11 Operating System512 GB SSD35.56 cm (14 Inch) Touchscreen Display1 Year Carry-in Warranty,laptops,83190,1.4,0.0,Mid-range
Lenovo IdeaPad Slim 5 Intel Core i5 13th Gen ,Intel Core i5 Processor (13th Gen)16 GB LPDDR5 RAMWindows 11 Operating System512 GB SSD35.56 cm (14 inch) Display1Yr Warranty + 1 Yr Premium Care and 1 Yr Accidental Damage Protection,laptops,66490,4.7,0.0,Mid-range
ASUS Vivobook Go 14 AMD Ryzen 5 Quad Core 7520U ,AMD Ryzen 5 Quad Core Processor16 GB LPDDR5 RAMWindows 11 Operating System512 GB SSD35.56 cm (14 Inch) Display1 Year Onsite warranty,laptops,40990,2.4,114.0,Mid-range
HP 255 G9 AMD Ryzen 3 Dual Core R3 3250 ,AMD Ryzen 3 Dual Core Processor8 GB DDR4 RAMWindows 11 Operating System512 GB SSD39.62 cm (15.6 Inch) Display1 Year Onsite warranty by OEM,laptops,26340,4.3,37.0,Mid-range
ASUS Vivobook 14 Intel Core i3 13th Gen 1315U ,Intel Core i3 Processor (13th Gen)8 GB DDR4 RAMWindows 11 Operating System512 GB SSD35.56 cm (14 Inch) Display1 Year Onsite Warranty,laptops,38990,3.5,27.0,Mid-range
Lenovo IdeaPad 3 Intel Core i3 12th Gen 1215U ,Intel Core i3 Processor (12th Gen)8 GB DDR4 RAMWindows 11 Operating System512 GB SSD35.56 cm (14 Inch) Display1Yr Warranty and 1 Yr Accidental Damage Protection,laptops,34990,3.8,0.0,Mid-range
ASUS Vivobook Go 14 AMD Ryzen 3 Quad Core 7320U ,AMD Ryzen 3 Quad Core Processor8 GB LPDDR5 RAM64 bit Windows 11 Operating System512 GB SSD35.81 cm (14.1 inch) Display1 Year Onsite Warranty,laptops,30890,4.1,5.0,Mid-range
Lenovo LOQ AMD Ryzen 5 Quad Core 7235HS ,AMD Ryzen 5 Quad Core Processor12 GB DDR5 RAMWindows 11 Operating System512 GB SSD39.62 cm (15.6 Inch) Display1Yr Warranty and 1 Yr Accidental Damage Protection,laptops,87990,3.7,14.0,Mid-range
HP 15s Intel Core i5 8th Gen 8265U ,"Intel Core i5 Processor (8th Gen)8 GB DDR4 RAM64 bit Windows 10 Operating System1 TB HDD39.62 cm (15.6 inch) DisplayMicrosoft Office 2019 Home and Student, HP Documentation, HP BIOS Recovery, HP Smart1 Year Onsite Warranty",laptops,50176,2.0,18.0,Mid-range
ASUS Chromebook Plus Intel Core i3 12th Gen 1215U ,Intel Core i3 Processor (12th Gen)8 GB LPDDR5 RAMChrome Operating System35.56 cm (14 Inch) Display1 Year Onsite Warranty,laptops,30990,3.9,3.0,Mid-range
CHUWI Intel Celeron Dual Core 11th Gen N4020 ,Intel Celeron Dual Core Processor (11th Gen)8 GB DDR4 RAM64 bit Windows 11 Operating System256 GB SSD39.62 cm (15.6 Inch) Display1 Year Onsite Warranty,laptops,18990,4.7,94.0,Mid-range
DELL Intel Core i5 13th Gen ,Intel Core i5 Processor (13th Gen)8 GB LPDDR5 RAMWindows 11 Operating System1 TB SSD35.56 cm (14 inch) Display1-year warranty,laptops,59740,3.5,14.0,Mid-range
ASUS Vivobook 15 Intel Core i3 11th Gen 1115G4 ,Intel Core i3 Processor (11th Gen)16 GB DDR4 RAMWindows 11 Operating System512 GB SSD39.62 cm (15.6 Inch) Display1 Year Onsite Warranty,laptops,32290,3.3,760.0,Mid-range
ZEBRONICS Pro Series Z Intel Core i5 12th Gen 1235U ,Intel Core i5 Processor (12th Gen)8 GB DDR4 RAMWindows 11 Operating System512 GB SSD39.62 cm (15.6 inch) Display1 Year Carry-in Warranty,laptops,29990,4.8,94.0,Mid-range
Lenovo IdeaPad Slim 3 Backlit Intel Core i5 13th Gen 13420H ,Intel Core i5 Processor (13th Gen)16 GB LPDDR5 RAMWindows 11 Operating System512 GB SSD39.62 cm (15.6 inch) Display1 Year warranty,laptops,55990,2.4,0.0,Mid-range
Lenovo IdeaPad Slim 5 AMD Ryzen 5 Hexa Core 7530U ,AMD Ryzen 5 Hexa Core Processor16 GB DDR4 RAMWindows 11 Operating System512 GB SSD35.56 cm (14 Inch) DisplayMicrosoft Office Home & Student 20211Yr Warranty + 1 Yr Premium Care and 1 Yr Accidental Damage Protection,laptops,53390,3.3,11.0,Mid-range
Infinix X3 Slim Intel Intel Core i3 12th Gen 1215U ,Intel Core i3 Processor (12th Gen)8 GB LPDDR4X RAMWindows 11 Operating System512 GB SSD35.56 cm (14 Inch) Display1 Year Onsite Warranty,laptops,27990,2.5,199.0,Mid-range
ASUS Expertbook Intel Core i7 12th Gen 1255U ,Intel Core i7 Processor (12th Gen)16 GB DDR4 RAMWindows 11 Operating System512 GB SSD35.56 cm (14 Inch) Display1 Year Onsite Warranty,laptops,49990,2.7,3.0,Mid-range
Lenovo LOQ Intel Core i7 13th Gen 13650HX ,Intel Core i7 Processor (13th Gen)16 GB DDR5 RAMWindows 11 Operating System1 TB SSD39.62 cm (15.6 Inch) DisplayOffice Home & Student 20211Yr Warranty and 1 Yr Accidental Damage Protection,laptops,104690,2.3,3.0,Mid-range
DELL Vos Intel Core i5 13th Gen 1334U ,Intel Core i5 Processor (13th Gen)8 GB DDR4 RAMWindows 11 Operating System512 GB SSD35.56 cm (14 Inch) Display1 Year Onsite Hardware Service,laptops,49990,2.9,0.0,Mid-range
Lenovo IdeaPad Gaming 3 Intel Core i5 12th Gen 12450H ,Intel Core i5 Processor (12th Gen)16 GB DDR4 RAMWindows 11 Operating System512 GB SSD39.62 cm (15.6 inch) DisplayMicrosoft Office Home & Student 20211 Year Onsite Warranty,laptops,68190,2.8,60.0,Mid-range
ASUS Vivobook 15 Intel Core i3 12th Gen 1215U ,Intel Core i3 Processor (12th Gen)16 GB DDR4 RAMWindows 11 Operating System512 GB SSD39.62 cm (15.6 Inch) Display1 Year Onsite Warranty,laptops,54990,1.3,476.0,Mid-range
ASUS VivoBook 15 (2021) Intel Core i3 10th Gen 1005G1 ,Intel Core i3 Processor (10th Gen)8 GB DDR4 RAM64 bit Windows 11 Operating System1 TB HDD39.62 cm (15.6 inch) Display1 Year Onsite Warranty,laptops,31999,1.3,12.0,Mid-range
Lenovo AMD Ryzen 3 Quad Core 7330U ,AMD Ryzen 3 Quad Core Processor8 GB DDR4 RAMWindows 11 Operating System512 GB SSD39.62 cm (15.6 Inch) Display1 Year Onsite warranty,laptops,31990,1.4,2.0,Mid-range
DELL Intel Core i5 12th Gen 1235U ,Intel Core i5 Processor (12th Gen)8 GB DDR4 RAM64 bit Windows 11 Operating System1 TB HDD|256 GB SSD39.62 cm (15.6 inch) Display1 Year Onsite Hardware Service,laptops,50100,2.1,4.0,Mid-range
HP 15s Intel Core i3 13th Gen 1315U ,Intel Core i3 Processor (13th Gen)8 GB DDR4 RAM64 bit Windows 11 Operating System512 GB SSD39.62 cm (15.6 Inch) Display1 Year Onsite Warranty,laptops,40900,1.4,15.0,Mid-range
ASUS Vivobook 15 Intel Core i3 13th Gen 1315U ,Intel Core i3 Processor (13th Gen)8 GB DDR4 RAMWindows 11 Operating System512 GB SSD39.62 cm (15.6 Inch) Display1 Year Onsite Warranty,laptops,38990,1.8,2.0,Mid-range
Acer Aspire 5 Gaming Intel Core i5 13th Gen 1335U ,Intel Core i5 Processor (13th Gen)16 GB DDR4 RAM64 bit Windows 11 Operating System512 GB SSD39.62 cm (15.6 inch) Display1 Year Onsite Warranty,laptops,56990,1.9,19.0,Mid-range
Lenovo Legion Slim 5 AI Powered AMD Ryzen 7 Octa Core 7840HS ,AMD Ryzen 7 Octa Core Processor16 GB DDR5 RAMWindows 11 Operating System512 GB SSD40.64 cm (16 inch) Display1Yr Warranty + 1 Yr Legion Ultimate Support and 1 Yr Accidental Damage Protection,laptops,100190,4.4,7.0,Mid-range
HP Intel Core i3 11th Gen 1125G4 ,Intel Core i3 Processor (11th Gen)8 GB DDR4 RAM64 bit Windows 11 Operating System512 GB SSD39.62 cm (15.6 Inch) Display1 Year Onsite Warranty,laptops,34990,1.9,60.0,Mid-range
DELL Inspiron Intel Core i3 11th Gen ,Intel Core i3 Processor (11th Gen)8 GB DDR4 RAMWindows 11 Operating System512 GB SSD39.62 cm (15.6 inch) Display12 Months,laptops,36990,3.2,0.0,Mid-range
Acer Aspire 5 Intel Core i5 11th Gen 1135G7 ,"Intel Core i5 Processor (11th Gen)8 GB DDR4 RAM64 bit Windows 10 Operating System512 GB SSD35.56 cm (14 inch) DisplayAcer Care Center, Acer Configuration Manager, Quick Access, Acer Product Registration, Microsoft Office Home and Student 20191 Year International Travelers Warranty (ITW)",laptops,49999,4.1,33.0,Mid-range
ASUS AMD Ryzen 7 Octa Core 6th Gen ,AMD Ryzen 7 Octa Core Processor (6th Gen)16 GB DDR4 RAMWindows 11 Home Operating System1 TB SSD43.94 cm (17.3 inch) Display1 YEAR INTERNATIONAL,laptops,81200,2.0,0.0,Mid-range
Lenovo Intel Core i3 12th Gen ,Intel Core i3 Processor (12th Gen)8 GB DDR4 RAMWindows 11 Operating System512 GB SSD39.62 cm (15.6 inch) Display1-year warranty,laptops,33990,1.0,0.0,Mid-range
Lenovo IdeaPad 3 Intel Core i3 10th Gen 10110U ,Intel Core i3 Processor (10th Gen)8 GB DDR4 RAMWindows 11 Operating System256 GB SSD39.62 cm (15.6 Inch) DisplayMicrosoft Office Home & Student 20192 Years Warranty,laptops,34690,1.1,426.0,Mid-range
MSI Vector 17 HX Intel Core i9 14th Gen 14900HX ,Intel Core i9 Processor (14th Gen)32 GB DDR5 RAMWindows 11 Operating System2 TB SSD43.18 cm (17 Inch) Display2 Year Carry-in Warranty,laptops,249990,1.5,0.0,Premium
HP Intel Core i3 11th Gen ,Intel Core i3 Processor (11th Gen)8 GB DDR4 RAMWindows 11 Operating System512 GB SSD39.62 cm (15.6 inch) Display1 Year Onsite Warranty,laptops,31990,1.6,2.0,Mid-range
HP 14s Intel Core i3 11th Gen 1115G4 ,Intel Core i3 Processor (11th Gen)8 GB DDR4 RAM64 bit Windows 11 Operating System256 GB SSD35.56 cm (14 inch) Display1 Year Onsite Warranty,laptops,35190,3.9,944.0,Mid-range
ASUS Vivobook 14 Intel Core i3 13th Gen 1315U ,Intel Core i3 Processor (13th Gen)8 GB DDR4 RAMWindows 11 Operating System512 GB SSD35.56 cm (14 Inch) Display1 Year Onsite Warranty,laptops,38990,3.9,31.0,Mid-range
Acer Aspire 3 14 Metal Body Intel Core i3 12th Gen N305 ,Intel Core i3 Processor (12th Gen)8 GB LPDDR5 RAMWindows 11 Operating System512 GB SSD35.56 cm (14 Inch) Display1 Year Onsite Warranty,laptops,32990,4.3,4.0,Mid-range
Acer Chromebook Intel Celeron Dual Core N4020 ,Intel Celeron Dual Core Processor4 GB LPDDR4 RAMChrome Operating System35.56 cm (14 Inch) Display1 Year Onsite Warranty,laptops,18490,2.9,10.0,Mid-range
Acer Swift 3 Intel EVO Intel Core i5 12th Gen 12500H ,Intel Core i5 Processor (12th Gen)8 GB LPDDR5 RAMWindows 11 Operating System512 GB SSD35.56 cm (14 Inch) Display1 Year Onsite Warranty,laptops,79999,3.0,128.0,Mid-range
MSI Stealth 18 Studio AI PC Intel Core Ultra 9 1st Gen 185H ,Intel Core Ultra 9 Processor (1st Gen)32 GB DDR5 RAMWindows 11 Operating System2 TB SSD45.72 cm (18 Inch) Display2 Year Warranty Term,laptops,319990,2.4,0.0,Premium
HP Victus Intel Core i5 12th Gen 12450H ,Intel Core i5 Processor (12th Gen)8 GB DDR4 RAMWindows 11 Operating System512 GB SSD39.62 cm (15.6 inch) Display1 Year Onsite Warranty,laptops,59990,2.8,49.0,Mid-range
Lenovo E41 AMD APU Dual Core A4 A4,AMD APU Dual Core A4 Processor4 GB DDR4 RAM64 bit DOS Operating System1 TB HDD35.56 cm (14 Inch) Display1 Year Onsite Warranty,laptops,25950,3.0,14.0,Mid-range
MSI Raider 18 HX Intel Core i9 14th Gen 14900HX ,Intel Core i9 Processor (14th Gen)32 GB DDR5 RAMWindows 11 Operating System2 TB SSD45.72 cm (18 Inch) Display2 Year Onsite Warranty,laptops,319990,3.9,0.0,Premium
Apple MacBook Pro Apple M3 ,"Apple M3 Processor8 GB Unified Memory RAMMac OS Operating System512 GB SSD35.56 cm (14 Inch) DisplayBuilt-in Apps- App Store, Books, Calendar, Contacts, FaceTime, Find My, Freeform, GarageBand, Home, iMovie, Keynote, Mail, Maps, Messages, Music, Notes, Numbers, Pages, Photo Booth, Photos, Podcasts, Preview, QuickTime Player, Reminders, Safari, Shortcuts, Siri, Stocks, Time Machine, TV, Voice Memos1 Year Limited Warranty",laptops,155890,3.9,2.0,Premium
Apple MacBook Pro Apple M2 Max ,Apple M2 Max Processor32 GB Unified Memory RAMMac OS Operating System1 TB SSD35.56 cm (14 Inch) Display1 Year Limited Warranty,laptops,285494,1.7,0.0,Premium
Acer Swift Go 14 EVO OLED Intel Core i5 13th Gen 13500H ,Intel Core i5 Processor (13th Gen)16 GB LPDDR5 RAMWindows 11 Operating System512 GB SSD35.56 cm (14 Inch) Display1 Year Onsite Warranty,laptops,54990,1.7,293.0,Mid-range
realme TechLife 8 kg,700 rpm Max Speed5 Star Rating2 Years Comprehensive Warranty on Product and 5 Years Warranty on Wash Motor,washing machine,12790,1.1,97.0,Mid-range
LG 8 kg,1200 rpm Max Speed5 Star RatingWith In-Built HeaterWith Wi-Fi Connectivity2 Years Comprehensive Warranty on Product and 10 Years Warranty on Motor,washing machine,35990,3.6,1704.0,Mid-range
Lloyd by Havells 9 kg,1300 rpm Max Speed5 Star Rating2 Years Comprehensive on Washing Machine and 5 Years on Motor from Llyod,washing machine,11990,3.9,163.0,Mid-range
SAMSUNG 8 kg,"700 rpm Max Speed5 Star Rating2 years comprehensive warranty on the product, 20 years warranty on the DIT Motor",washing machine,26000,2.7,11.0,Mid-range
Whirlpool 7 kg,740 rpm Max Speed5 Star Rating2 Years Comprehensive Warranty on Product and 5 Years on Prime Mover and Motor,washing machine,14990,3.8,1466.0,Mid-range
MarQ by Flipkart 6.5 kg,1350 rpm Max Speed5 Star Rating2 Years Warranty on Product and 5 Years Warranty on Motor,washing machine,7190,2.4,5142.0,Mid-range
BOSCH 8 kg,1360 rpm Max Speed2 Years Comprehensive Warranty on Product and 2 Years Warranty on Motor,washing machine,11990,2.5,6.0,Mid-range
MarQ by Flipkart 6.5 kg,705 rpm Max Speed5 Star Rating2 Years Comprehensive Warranty on Product and 5 Years Warranty on Motor from MarQ by Flipkart,washing machine,10890,3.0,156.0,Mid-range
Whirlpool 7 kg,740 RPM Max Speed5 Star RatingWith In-Built Heater2 Years Comprehensive Warranty on the Product and 10 Years Additional Warranty on Motor & Prime Mover,washing machine,16790,4.4,1056.0,Mid-range
Lloyd by Havells 7.5 kg,1300 rpm Max Speed5 Star Rating2 Years Warranty on Product and 5 Years Warranty on Motor,washing machine,11490,1.5,163.0,Mid-range
Thomson 8 kg,1400 RPM Max Speed5 Star Rating2 Years Comprehensive Warranty on Product and 5 Years Warranty on Motor,washing machine,8999,1.5,1149.0,Mid-range
Whirlpool 8.5 kg,1400 rpm Max Speed5 Star Rating2 Years Comprehensive Warranty on Product and 10 Years Warranty on Wash Motor and Prime Mover,washing machine,14950,4.4,5.0,Mid-range
SAMSUNG 7 kg,"1200 rpm Max Speed5 Star RatingWith In-Built HeaterWith Wi-Fi Connectivity2 years comprehensive warranty on the product, 20 years warranty on the DIT Motor",washing machine,30490,2.8,78.0,Mid-range
Voltas Beko by A Tata Product 14 kg,"1350 rpm Max Speed5 Star Rating2 Years Comprehensive Warranty on Product, 5 Years Warranty on Spin Motor and 10 Years Warranty on Wash Motor",washing machine,16399,4.5,444.0,Mid-range
IFB 8 kg,"1200 rpm Max Speed5 Star RatingWith In-Built Heater4 Years Comprehensive Warranty on Product, 10 Years Warranty on Motor and 10 Years Spares Support",washing machine,34490,1.1,8238.0,Mid-range
Lloyd by Havells 8/6 kg,1400 rpm Max SpeedWith In-Built Heater2 Years Comprehensive on Washing Machine and 10 Years on Motor from Lloyd,washing machine,39990,1.6,16.0,Mid-range
Acer 8 kg,700 rpm Max Speed5 Star RatingWith In-Built Heater2 Years Comprehensive Warranty on Product and 10 Years Warranty on Motor,washing machine,16999,4.2,154.0,Mid-range
Whirlpool 7.5 kg,740 rpm Max Speed5 Star RatingWith In-Built Heater3 Years Comprehensive Warranty on Product and 10 Years on Motor from Whirlpool,washing machine,22310,2.6,77.0,Mid-range
SAMSUNG 7 kg,"1200 rpm Max Speed5 Star RatingWith In-Built HeaterWith Wi-Fi Connectivity2 years comprehensive warranty on the product, 20 years warranty on the DIT Motor",washing machine,31990,4.2,3.0,Mid-range
LG 7 kg,780 RPM Max Speed5 Star Rating2 Years Comprehensive Warranty on Product and 10 Years Warranty on Motor from LG,washing machine,21900,2.7,1.0,Mid-range
Godrej 7.5 kg,670 rpm Max Speed5 Star RatingWith In-Built Heater2 Years Warranty on Entire Washing Machine and 10 Years on Motor From Godrej,washing machine,18490,3.8,19.0,Mid-range
Whirlpool 6 kg,1400 rpm Max Speed5 Star Rating2 Years Comprehensive Warranty and 5 Years Warranty on Wash Motor,washing machine,9190,1.3,304.0,Mid-range
Thomson 8.5 kg,840 RPM Max Speed5 Star Rating2 Years Comprehensive Warranty on Product and 5 Years Warranty on Motor,washing machine,12990,1.6,561.0,Mid-range
IFB 6 kg,"800 RPM Max Speed5 Star RatingWith In-Built Heater4 Years Complete Machine warranty, 10 Years Motor Warranty and 10 Years Spare Part Support from IFB",washing machine,23590,4.7,199.0,Mid-range
Haier 8 kg,1200 rpm Max Speed5 Star RatingWith In-Built Heater5 Years Warranty on Product and 12 Years Warranty on Motor,washing machine,32490,4.5,97.0,Mid-range
IFB 7 kg,"720 rpm Max Speed5 Star Rating4 Years Complete Machine warranty, 10 Years Motor Warranty and 10 Years Spare Part Support from IFB",washing machine,22500,2.3,2998.0,Mid-range
Intex 7.5 kg,700 rpm Max Speed5 Star Rating2 Years Comprehensive Warranty on Product and 5 Years Warranty on Motor,washing machine,11290,4.1,315.0,Mid-range
Thomson 9 kg,1400 rpm Max Speed2 Years Comprehensive Warranty and 5 Years on Motor,washing machine,10490,4.9,259.0,Mid-range
Whirlpool 7 kg,1400 rpm Max Speed5 Star Rating2 Years Comprehensive Warranty and 5 Years Warranty on Wash Motor,washing machine,9990,2.7,608.0,Mid-range
Godrej 8.5 kg,1400 rpm Max Speed5 Star Rating2 Years Comprehensive Warranty and 5 Years on Wash Motor,washing machine,14380,3.3,0.0,Mid-range
SAMSUNG 8.5 Kg,"1300 rpm Max Speed5 Star Rating2 years on product, 2 years on motor (T&C Apply)",washing machine,14250,4.5,7.0,Mid-range
LG 11 kg,1400 rpm Max Speed5 Star RatingWith Wi-Fi Connectivity2 Years Warranty on Product and 10 Years Warranty on Motor,washing machine,48490,3.2,1704.0,Mid-range
Voltas Beko 7 kg,700 rpm Max Speed5 Star Rating1 Year Warranty on Product and 8 Years Warranty on Motor,washing machine,13190,1.2,36.0,Mid-range
ONIDA 9.5 kg,1300 rpm Max Speed5 Star Rating1 Year Warranty on Product and 10 Years Warranty on Wash Motor,washing machine,11490,3.8,0.0,Mid-range
Voltas Beko by A Tata Product 8 kg,1450 RPM Max Speed5 Star Rating5 Years International Warranty,washing machine,12799,4.4,3.0,Mid-range
Thomson 7 kg,1400 rpm Max Speed2 Years Comprehensive Warranty and 4 Years Warranty on Motor from Thomson,washing machine,7790,1.5,465.0,Mid-range
MOTOROLA 10 kg,1400 RPM Max Speed5 Star RatingWith In-Built Heater2 Years Comprehensive Warranty and 10 Years Warranty on Motor,washing machine,23990,3.0,144.0,Mid-range
Godrej 6.5 kg,720 rpm Max Speed5 Star Rating2 Years on Product and 10 Years on Motor from Godrej,washing machine,15018,2.8,932.0,Mid-range
Whirlpool 8.5 kg,740 RPM Max Speed5 Star RatingWith In-Built Heater2 Years Warranty on Unit & 10 Years on the Motor from Whirlpool,washing machine,23449,2.9,0.0,Mid-range
Siemens 7 kg,1000 rpm Max Speed2 Years Comprehensive Warranty from Siemens,washing machine,28990,3.4,4.0,Mid-range
SAMSUNG 7 kg,"1200 rpm Max Speed5 Star RatingWith In-Built HeaterWith Wi-Fi Connectivity2 years comprehensive warranty on the product, 20 years warranty on the DIT Motor",washing machine,31490,4.9,1011.0,Mid-range
Haier 8.5 kg,1300 rpm Max Speed5 Star Rating2 Years Comprehensive Warranty on Product and 5 Years Warranty on Motor,washing machine,14534,3.9,0.0,Mid-range
Haier 9 kg,780 rpm Max Speed5 Star RatingWith In-Built Heater5 Years Comprehensive Warranty and 12 Years Motor Warranty,washing machine,26230,1.1,2377.0,Mid-range
SAMSUNG 11 kg,"700 RPM Max Speed5 Star RatingWith In-Built HeaterWarranty on Main Product24 Months,",washing machine,41649,4.3,0.0,Mid-range
BOSCH 8 kg,1400 RPM Max SpeedWith In-Built Heater2 Years Warranty on Product and 10 Years on Motor,washing machine,38863,4.1,0.0,Mid-range
IFB 6 kg,"800 rpm Max Speed3 Star RatingWith In-Built Heater4 Years Complete Machine warranty, 10 Years Motor Warranty and 10 Years Spare Part Support from IFB",washing machine,21990,1.8,8238.0,Mid-range
BOSCH 10 kg,720 RPM Max Speed5 Star RatingWith In-Built Heater2 Years Complete,washing machine,35690,3.5,0.0,Mid-range
SAMSUNG 9 kg,"700 rpm Max Speed5 Star RatingWith In-Built Heater2 years comprehensive warranty on the product, 20 years warranty on the DIT Motor",washing machine,28900,2.6,10.0,Mid-range
White Westinghouse (Trademark by Electrolux) 10.5 kg,1200 rpm Max SpeedWith In-Built Heater2 Years on Product and 5 Years on Motor from White Westinghouse (Trademark by Electrolux),washing machine,27499,5.0,91.0,Mid-range
White Westinghouse (Trademark by Electrolux) 9.5 kg,1400 rpm Max Speed2 Years Warranty on Product and 5 Years Warranty on Motor,washing machine,8090,3.5,9.0,Mid-range
Thomson 7 kg,840 rpm Max Speed5 Star Rating2 Years Comprehensive Warranty on Product and 5 Years Warranty on Motor,washing machine,10990,2.7,561.0,Mid-range
Lloyd 7 kg,680 RPM Max Speed5 Star Rating2 Years On Product and 10 Years on Motor,washing machine,15980,3.7,0.0,Mid-range
DMR 3/1.5 kg,240 RPM Max SpeedPlease check the physical product for the warranty period and service center details (if any),washing machine,5799,3.4,5.0,Mid-range
Voltas Beko by A Tata Product 7 kg,1300 rpm Max Speed5 Star Rating2 Years Comprehensive and Additional 3 Years On Wash and Spin Motor from Voltas Beko,washing machine,11405,4.9,4.0,Mid-range
LG 8 kg,700 rpm Max Speed5 Star Rating2 Years Comprehensive Warranty on Product and 10 Years on Motor,washing machine,26990,4.2,24.0,Mid-range
SAMSUNG 13 kg,700 rpm Max Speed5 Star RatingWith In-Built Heater2 Years Warranty on Product and 20 Years Warranty on Digital Inverter Motor,washing machine,46999,2.6,0.0,Mid-range
Sharp 11 kg,700 rpm Max Speed5 Star Rating2 Years Warranty on Product and 10 Years Warranty on Motor,washing machine,24490,4.6,0.0,Mid-range
Voltas Beko 8 kg,1350 rpm Max Speed5 Star Rating1 Year Warranty on Product and 5 Years Warranty on Motor,washing machine,9890,2.1,444.0,Mid-range
Lloyd by Havells 7.5 kg,600 RPM Max Speed5 Star Rating2 Years Comprehensive Warranty and 5 Years on Motor from Lloyd,washing machine,13490,3.8,0.0,Mid-range
Godrej 7.5 kg,0 RPM Max Speed5 Star Rating1 Year on Product and 10 Years on Motor,washing machine,19369,3.6,0.0,Mid-range
Lloyd by Havells 10.5 kg,680 rpm Max Speed2 Years Comprehensive Warranty and 10 Years on Motor from Lloyd,washing machine,29990,2.5,0.0,Mid-range
Godrej 6.5 kg,700 rpm Max Speed2 Years on Product and 10 Years on Wash Motor,washing machine,14799,1.2,0.0,Mid-range
Panasonic 8.5 kg,"550 RPM Max Speed5 Star Rating2 YEAR WARRANTY   ,5  YEAR MOTOR",washing machine,15949,3.7,0.0,Mid-range
IFB 6 kg,1000 rpm Max Speed5 Star RatingWith In-Built Heater4 Years Comprehensive Warranty and 10 Years Spare Part Support From IFB,washing machine,28690,3.4,34.0,Mid-range
Voltas Beko by A Tata Product 14 kg,"1350 rpm Max Speed5 Star Rating2 Years Comprehensive Warranty on Product, 5 Years Warranty on Spin Motor and 10 Years Warranty on Wash Motor",washing machine,16490,2.4,444.0,Mid-range
