Product_Name,Product_Description,Product_Type,Price,Ratings,No_of_reviews,Predicted_Category
vivo V30 Pro 5G ,8 GB RAM | 256 GB ROM17.22 cm (6.78 inch) Full HD+ Display50MP + 50MP + 50MP | 50MP Front Camera5000 mAh BatteryDimensity 8200 5G Processor1 Year Manufacturer Warranty for Device and 6 Months Manufacturer Warranty for Inbox Accessories,Android mobile,38999,3.3,619.0,Mid-range
CMF by Nothing Phone 1 ,6 GB RAM | 128 GB ROM | Expandable Upto 2 TB16.94 cm (6.67 inch) Full HD+ Display50MP + 2MP | 16MP Front Camera5000 mAh BatteryDimensity 7300 5G Processor1 Year Manufacturing Warranty,Android mobile,15999,3.4,2320.0,Economic
CMF by Nothing Phone 1 ,8 GB RAM | 128 GB ROM | Expandable Upto 2 TB16.94 cm (6.67 inch) Full HD+ Display50MP + 2MP | 16MP Front Camera5000 mAh BatteryDimensity 7300 5G Processor1 Year Manufacturing Warranty,Android mobile,16499,3.4,561.0,Economic
vivo T3 5G ,8 GB RAM | 128 GB ROM16.94 cm (6.67 inch) Full HD+ Display50MP + 2MP | 16MP Front Camera5000 mAh BatteryDimensity 7200 Processor1 Year Manufacturer Warranty for Device and 6 Months Manufacturer Warranty for Inbox Accessories,Android mobile,18499,3.6,4064.0,Economic
POCO C61 ,4 GB RAM | 64 GB ROM | Expandable Upto 1 TB17.04 cm (6.71 inch) HD+ Display8MP Rear Camera | 5MP Front Camera5000 mAh BatteryHelio G36 Processor1 Year Manufacturer Warranty for Phone and 6 Months Warranty for In the Box Accessories,Android mobile,6299,2.0,1073.0,Economic
vivo T3x 5G ,6 GB RAM | 128 GB ROM | Expandable Upto 1 TB17.07 cm (6.72 inch) Full HD+ Display50MP + 2MP | 8MP Front Camera6000 mAh Battery6 Gen 1 Processor1 Year Manufacturer Warranty for Device and 6 Months Manufacturer Warranty for Inbox Accessories,Android mobile,14499,4.0,2782.0,Economic
realme P2 Pro 5G ,12 GB RAM | 512 GB ROM17.02 cm (6.7 inch) Full HD+ Display50MP + 8MP | 32MP Front Camera5200 mAh Battery7s Gen2 Processor1 Year Manufacturer Warranty for Device and 6 Months Manufacturer Warranty for Inbox Accessories,Android mobile,27999,3.6,98.0,Mid-range
REDMI Note 13 Pro 5G ,12 GB RAM | 256 GB ROM16.94 cm (6.67 inch) Display200MP (OIS) + 8MP + 2MP | 16MP Front Camera5100 mAh Battery7s Gen 2 Mobile Platform 5G Processor1 Year Manufacturer Warranty for Phone and 6 Months Warranty for In the Box Accessories,Android mobile,22200,2.8,367.0,Mid-range
REDMI Note 13 Pro+ 5G ,8 GB RAM | 256 GB ROM16.94 cm (6.67 inch) Display200MP (OIS) + 8MP + 2MP | 16MP Front Camera5000 mAh BatteryDimensity 7200 Ultra 5G Processor1 Year Manufacturer Warranty for Phone and 6 Months Warranty for In the Box Accessories,Android mobile,24153,3.2,943.0,Mid-range
vivo T3 Ultra ,8 GB RAM | 256 GB ROM17.22 cm (6.78 inch) Display50MP + 8MP | 50MP Front Camera5500 mAh BatteryDimensity 9200+ Processor1 Year Warranty on Handset and 6 Months Warranty on Accessories,Android mobile,33999,2.0,237.0,Mid-range
POCO X6 Neo 5G ,8 GB RAM | 128 GB ROM | Expandable Upto 1 TB16.94 cm (6.67 inch) Full HD+ Display108MP + 2MP | 16MP Front Camera5000 mAh BatteryDimensity 6080 Processor1 Year Manufacturer Warranty for Phone and 6 Months Warranty for In the Box Accessories,Android mobile,12999,2.4,1238.0,Economic
Nothing Phone ,12 GB RAM | 256 GB ROM17.02 cm (6.7 inch) Full HD+ Display50MP (OIS) + 50MP | 32MP Front Camera5000 mAh BatteryDimensity 7200 Pro Processor1 Year Manufacturing Warranty,Android mobile,26999,3.4,825.0,Mid-range
vivo T3 Ultra ,8 GB RAM | 128 GB ROM17.22 cm (6.78 inch) Display50MP + 8MP | 50MP Front Camera5500 mAh BatteryDimensity 9200+ Processor1 Year Warranty on Handset and 6 Months Warranty on Accessories,Android mobile,31999,1.1,237.0,Mid-range
Infinix SMART 8 ,8 GB RAM | 128 GB ROM | Expandable Upto 2 TB16.76 cm (6.6 inch) HD+ Display50MP + AI Lens | 8MP Front Camera5000 mAh BatteryHelio G36 Processor1 Year on Handset and 6 Months on Accessories,Android mobile,7999,1.7,563.0,Economic
REDMI Note 13 Pro 5G ,8 GB RAM | 128 GB ROM16.94 cm (6.67 inch) Display200MP (OIS) + 8MP + 2MP | 16MP Front Camera5100 mAh Battery7s Gen 2 Mobile Platform 5G Processor1 Year Manufacturer Warranty for Phone and 6 Months Warranty for In the Box Accessories,Android mobile,22999,3.3,1791.0,Mid-range
realme P1 Pro 5G ,12 GB RAM | 256 GB ROM17.02 cm (6.7 inch) Full HD+ Display50MP + 8MP | 16MP Front Camera5000 mAh Battery6 Gen 1 Processor1 Year Manufacturer Warranty for Device and 6 Months Manufacturer Warranty for Inbox Accessories,Android mobile,20999,4.3,125.0,Economic
Infinix SMART 8 HD ,3 GB RAM | 64 GB ROM | Expandable Upto 2 TB16.76 cm (6.6 inch) HD+ Display13MP + AI Lens | 8MP Front Camera5000 mAh BatteryT606 Processor1 Year on Handset and 6 Months on Accessories,Android mobile,6699,1.7,2488.0,Economic
POCO F6 5G ,8 GB RAM | 256 GB ROM16.94 cm (6.67 inch) Display50MP (OIS) + 8MP | 20MP Front Camera5000 mAh Battery8s Gen3 Processor1 Year Manufacturer Warranty for Phone and 6 Months Warranty for In the Box Accessories,Android mobile,23999,3.4,458.0,Mid-range
SAMSUNG Galaxy A35 5G ,8 GB RAM | 128 GB ROM | Expandable Upto 1 TB16.76 cm (6.6 inch) Full HD+ Display50MP + 8MP + 5MP | 13MP Front Camera5000 mAh BatterySamsung Exynos 1380 Processor1 Year Manufacturer Warranty for Device and 6 Months for In-Box Accessories,Android mobile,30999,2.3,119.0,Mid-range
itel A70 | 5000 mAh Battery |13MP Dual Rear Camera | Type C Charging ,4 GB RAM | 64 GB ROM16.66 cm (6.56 inch) Display13MP Rear Camera5000 mAh Battery1 year manufacturer Warranty,Android mobile,6380,2.1,82.0,Economic
Motorola G34 5G ,8 GB RAM | 128 GB ROM16.51 cm (6.5 inch) HD+ Display50MP + 2MP | 16MP Front Camera5000 mAh BatterySnapdragon 695 5G ProcessorVegan Leather Design1 Year on Handset and 6 Months on Accessories,Android mobile,11999,1.6,9449.0,Economic
SAMSUNG Galaxy A23 5G ,8 GB RAM | 128 GB ROM | Expandable Upto 1 TB16.76 cm (6.6 inch) Full HD+ Display50MP + 5MP | 8MP Front Camera5000 mAh Lithium Ion BatteryQualcomm Snapdragon 695 (SM6375) Processor1 Year Manufacturer Warranty for Device and 6 Months Manufacturer Warranty for In-Box Accessories,Android mobile,16799,5.0,64.0,Economic
itel A70 | 5000 mAh Battery |13MP Dual Rear Camera | Type C Charging ,4 GB RAM | 64 GB ROM16.66 cm (6.56 inch) Display13MP Rear Camera5000 mAh Battery1 year manufacturer Warranty,Android mobile,6425,4.7,82.0,Economic
realme C65 5G ,4 GB RAM | 128 GB ROM | Expandable Upto 2 TB16.94 cm (6.67 inch) HD+ Display50MP Rear Camera | 8MP Front Camera5000 mAh BatteryDimensity 6300 Processor1 Year Manufacturer Warranty for Device and 6 Months Manufacturer Warranty for Inbox Accessories,Android mobile,10748,2.6,141.0,Economic
REDMI Note 13 Pro+ 5G ,12 GB RAM | 512 GB ROM16.94 cm (6.67 inch) Display200MP (OIS) + 8MP + 2MP | 16MP Front Camera5000 mAh BatteryDimensity 7200 Ultra 5G Processor1 Year Manufacturer Warranty for Phone and 6 Months Warranty for In the Box Accessories,Android mobile,31999,4.7,695.0,Mid-range
realme C65 5G ,6 GB RAM | 128 GB ROM | Expandable Upto 2 TB16.94 cm (6.67 inch) HD+ Display50MP Rear Camera | 8MP Front Camera5000 mAh BatteryDimensity 6300 Processor1 Year Manufacturer Warranty for Device and 6 Months Manufacturer Warranty for Inbox Accessories,Android mobile,11749,3.3,346.0,Economic
realme 70 TURBO 5G ,8 GB RAM | 128 GB ROM16.94 cm (6.67 inch) Full HD+ Display50MP Rear Camera5000 mAh BatterySegment's Fastest Dimensity 7300 Energy 5G Chipset Processor12 Months Brand warranty,Android mobile,17260,2.2,2.0,Economic
Google Pixel 8a ,8 GB RAM | 128 GB ROM15.49 cm (6.1 inch) Full HD+ Display64MP + 13MP | 13MP Front Camera4404 mAh BatteryTensor G3 Processor1 Year Domestic Warranty,Android mobile,43999,3.9,138.0,Mid-range
SAMSUNG Galaxy A54 5G ,"8 GB RAM | 128 GB ROM | Expandable Upto 1 TB16.26 cm (6.4 inch) Full HD+ Display50MP + 12MP + 5MP | 32MP Front Camera5000 mAh BatteryExynos 1380, Octa Core Processor1 Year Manufacturer Warranty for Device and 6 Months Manufacturer Warranty for In-Box Accessories",Android mobile,24910,1.8,326.0,Mid-range
OPPO K12x 5G with 45W SUPERVOOC Charger In-The-Box ,8 GB RAM | 256 GB ROM | Expandable Upto 1 TB16.94 cm (6.67 inch) HD Display32MP + 2MP | 8MP Front Camera5100 mAh BatteryDimensity 6300 Processor1 Year Manufacturer Warranty for Device and 6 Months Manufacturer Warranty for Inbox Accessories,Android mobile,15999,4.1,330.0,Economic
itel P 55 5G ,6 GB RAM | 128 GB ROM | Expandable Upto 1 TB16.76 cm (6.6 inch) HD+ Display50MP + 5MP | 8MP Front Camera5000 mAh BatteryMediatek Dimensity 6080 ProcessorDomestic Warranty 1 year for handset and 6 months for accessories.,Android mobile,9645,4.0,3.0,Economic
SAMSUNG Galaxy A35 5G ,8 GB RAM | 256 GB ROM | Expandable Upto 1 TB16.76 cm (6.6 inch) Full HD+ Display50MP + 8MP + 5MP | 13MP Front Camera5000 mAh BatterySamsung Exynos 1380 Processor1 Year Manufacturer Warranty for Device and 6 Months for In-Box Accessories,Android mobile,33999,3.9,119.0,Mid-range
POCO X6 Pro 5G ,8 GB RAM | 256 GB ROM16.94 cm (6.67 inch) Display64MP + 8MP + 2MP | 16MP Front Camera5000 mAh BatteryDimensity D8300 Ultra Processor1 Year Manufacturer Warranty for Phone and 6 Months Warranty for In the Box Accessories,Android mobile,20999,1.8,1577.0,Mid-range
SAMSUNG Galaxy A35 5G ,8 GB RAM | 256 GB ROM | Expandable Upto 1 TB16.76 cm (6.6 inch) Full HD+ Display50MP + 8MP + 5MP | 13MP Front Camera5000 mAh BatterySamsung Exynos 1380 Processor1 Year Manufacturer Warranty for Device and 6 Months for In-Box Accessories,Android mobile,33999,3.3,119.0,Mid-range
SAMSUNG Galaxy A55 5G ,12 GB RAM | 256 GB ROM | Expandable Upto 1 TB16.76 cm (6.6 inch) Full HD+ Display50MP + 12MP + 5MP | 32MP Front Camera5000 mAh BatterySamsung Exynos 1480 Processor1 Year Manufacturer Warranty for Device and 6 Months for In-Box Accessories,Android mobile,45999,4.3,15.0,Mid-range
vivo V30e ,8 GB RAM | 256 GB ROM17.22 cm (6.78 inch) Full HD+ Display50MP + 8MP | 50MP Front Camera5500 mAh Battery6 Gen 1 Processor1 Year Manufacturer Warranty for Device and 6 Months Manufacturer Warranty for Inbox Accessories,Android mobile,28590,3.8,311.0,Mid-range
vivo T2x 5G ,8 GB RAM | 128 GB ROM16.71 cm (6.58 inch) Full HD+ Display50MP + 2MP | 8MP Front Camera5000 mAh BatteryMediatek Dimensity 6020 Processor1 Year of Device & 6 Months for Inbox Accessories,Android mobile,16699,4.9,4329.0,Economic
OPPO F27 5G ,8 GB RAM | 256 GB ROM | Expandable Upto 2 TB16.94 cm (6.67 inch) Full HD+ Display50MP + 2MP | 32MP Front Camera5000 mAh BatteryDimensity 6300 Processor1 Year Manufacturer Warranty for Device and 6 Months Manufacturer Warranty for Inbox Accessories,Android mobile,22999,4.8,20.0,Mid-range
OPPO A78 ,8 GB RAM | 128 GB ROM16.33 cm (6.43 inch) Full HD+ AMOLED Display50MP + 2MP | 8MP Front Camera5000 mAh BatterySnapdragon 680 Processor1 Year Manufacturer Warranty for Phone and 6 Months Warranty for In the Box Accessories,Android mobile,10899,2.2,65.0,Economic
realme GT 6T 5G ,8 GB RAM | 256 GB ROM17.22 cm (6.78 inch) Display50MP Rear Camera5500 mAh Battery1 Year,Android mobile,29254,3.2,77.0,Mid-range
OPPO Reno11 Pro 5G ,12 GB RAM | 256 GB ROM17.02 cm (6.7 inch) Full HD+ Display50MP + 8MP + 32MP | 32MP Front Camera4600 mAh BatteryMediatek Dimensity 8200 Processor1 Year Manufacturer Warranty for Device and 6 Months Manufacturer Warranty for Inbox Accessories,Android mobile,29999,4.1,424.0,Mid-range
LAVA O2 ,8 GB RAM | 128 GB ROM16.51 cm (6.5 inch) Display50MP Rear Camera5000 mAh Battery1 Year Manufacturer Warranty for Phone and 6 Months Warranty for In the Box Accessories,Android mobile,8999,4.8,16.0,Economic
SAMSUNG Galaxy F04 ,4 GB RAM | 64 GB ROM | Expandable Upto 1 TB16.51 cm (6.5 inch) HD Display13MP + 2MP | 5MP Front Camera5000 mAh Lithium-Ion BatteryMediatek Helio P35 Processor1 Year Manufacturer Warranty for Device and 6 Months Manufacturer Warranty for In-Box Accessories,Android mobile,5599,1.0,6193.0,Economic
OnePlus 11R 5G ,16 GB RAM | 256 GB ROM17.02 cm (6.7 inch) Display50MP Rear Camera | 16MP Front Camera5000 mAh BatteryDomestic warranty of 12 months on phone & 6 months on accessories,Android mobile,36420,2.3,893.0,Mid-range
Nothing Phone ,12 GB RAM | 256 GB ROM17.02 cm (6.7 inch) Full HD+ Display50 MP(OIS) +50MP | 32MP Front Camera4700 mAh Lithium ion BatteryQualcomm Snapdragon 8+ Gen 1 ProcessorLTPO AMOLED (1 Hz - 120 Hz)1 Year Manufacturing Warranty,Android mobile,37999,2.6,2226.0,Mid-range
vivo Y28s 5G ,6 GB RAM | 128 GB ROM | Expandable Upto 1 TB16.66 cm (6.56 inch) Full HD+ Display50MP + 0.08MP | 8MP Front Camera5000 mAh BatteryDimensity 6300 Processor1 Year Manufacturer Warranty for Device and 6 Months Manufacturer Warranty for Inbox Accessories,Android mobile,14999,1.2,8.0,Economic
REDMI A3 ,6 GB RAM | 128 GB ROM | Expandable Upto 1 TB17.04 cm (6.71 inch) HD+ Display8MP Rear Camera | 5MP Front Camera5000 mAh BatteryMediatek Helio G36 Processor1 Year Manufacturer Warranty for Phone and 6 Months Warranty for In the Box Accessories,Android mobile,8999,4.4,54.0,Economic
Google Pixel 9 Pro XL ,16 GB RAM | 256 GB ROM17.27 cm (6.8 inch) Display50MP + 48MP + 48MP | 42MP Front Camera5060 mAh BatteryGoogle Tensor G4 Processor1 Year Domestic Warranty,Android mobile,124999,3.7,27.0,Premium
vivo Y36 ,8 GB RAM | 128 GB ROM16.87 cm (6.64 inch) Full HD+ Display50MP + 2MP | 16MP Front Camera5000 mAh BatterySnapdragon 680 Processor1 Year Manufacturer Warranty for Phone and 6 Months Warranty for In the Box Accessories,Android mobile,14999,3.0,62.0,Economic
SAMSUNG Galaxy M14 5G ,4 GB RAM | 128 GB ROM | Expandable Upto 256 GB16.76 cm (6.6 inch) Full HD Display50MP + 50MP | 13MP + 13MP Dual Front Camera6000 mAh BatterySamsung Exynos 1330 Processor1 year for handset and 6 month for accessories,Android mobile,13100,1.6,365.0,Economic
OnePlus Nord CE 2 Lite 5G ,6 GB RAM | 128 GB ROM16.74 cm (6.59 inch) Display64MP Rear Camera | 16MP Front Camera5000 mAh Battery12 months,Android mobile,18470,2.3,10832.0,Economic
Motorola Edge 50 Fusion ,8 GB RAM | 128 GB ROM17.02 cm (6.7 inch) Full HD+ Display50MP + 13MP | 32MP Front Camera5000 mAh Battery7s Gen 2 Processor1 Year on Handset and 6 Months on Accessories,Android mobile,21999,3.7,3879.0,Mid-range
OPPO F27 Pro+ ,8 GB RAM | 256 GB ROM17.02 cm (6.7 inch) Full HD+ Display64MP + 2MP | 8MP Front Camera5000 mAh BatteryDimensity 7050 Processor1 Year Manufacturer Warranty for Device and 6 Months Manufacturer Warranty for Inbox Accessories,Android mobile,29999,2.0,133.0,Mid-range
LAVA Blaze x ,6 GB RAM | 128 GB ROM16.93 cm (6.667 inch) Full HD+ Display64MP Rear Camera5000 mAh BatteryOcta-core 2.6GHz MediaTek Dimensity 7050 6nm processor Processor1 Year Handset Warranty and 6 Months Warranty on Accessories,Android mobile,15999,3.6,3.0,Economic
Infinix HOT 30i ,8 GB RAM | 128 GB ROM | Expandable Upto 1 TB16.76 cm (6.6 inch) HD+ Display50MP + AI Lens | 5MP Front Camera5000 mAh BatteryG37 Processor1 Year on Handset and 6 Months on Accessories,Android mobile,11999,2.3,8371.0,Economic
POCO M4 Pro ,"8 GB RAM | 128 GB ROM | Expandable Upto 1 TB16.33 cm (6.43 inch) Full HD+ AMOLED Display64MP + 8MP + 2MP | 16MP Front Camera5000 mAh Lithium-ion Polymer BatteryMediatek Helio G96 ProcessorOne Year for Handset, 6 Months for Accessories",Android mobile,12889,1.8,2202.0,Economic
Google Pixel 8 ,8 GB RAM | 128 GB ROM15.75 cm (6.2 inch) Full HD+ Display50MP + 12MP | 10.5MP Front Camera4575 mAh BatteryTensor G3 Processor1 Year Domestic Warranty,Android mobile,39999,1.3,775.0,Mid-range
itel S24 ,8 GB RAM | 128 GB ROM16.76 cm (6.6 inch) HD+ Display108MP Rear Camera5000 mAh Battery1 Year Manufacture Warranty,Android mobile,8890,4.1,1.0,Economic
vivo Y16 ,3 GB RAM | 64 GB ROM | Expandable Upto 1 TB16.54 cm (6.51 inch) HD+ Display13MP + 2MP | 5MP Front Camera5000 mAh Lithium BatteryMediatek Helio P35 Processor1 Year of Device & 6 Months for In-Box Accessories,Android mobile,10999,3.0,159.0,Economic
vivo Y16 ,3 GB RAM | 32 GB ROM | Expandable Upto 1 TB16.54 cm (6.51 inch) HD+ Display13MP + 2MP | 5MP Front Camera5000 mAh Lithium BatteryMediatek Helio P35 Processor1 Year of Device & 6 Months for In-Box Accessories,Android mobile,8890,2.9,159.0,Economic
vivo X80 ,8 GB RAM | 128 GB ROM17.22 cm (6.78 inch) Full HD+ Display50MP + 12MP + 12MP | 32MP Front Camera4500 mAh Lithium BatteryMediatek Dimensity 9000 Processor1 Year on Handset and 6 Months on Accessories,Android mobile,36989,4.2,167.0,Mid-range
Infinix Zero 30 5G ,12 GB RAM | 256 GB ROM17.22 cm (6.78 inch) Full HD+ Display108MP (OIS) + 13MP + 2MP | 50MP Front Camera5000 mAh Lithium-ion Polymer BatteryDimensity 8020 Processor1 Year Warranty on the Handset and 6 Months Warranty on the Accessories,Android mobile,22999,1.2,1797.0,Mid-range
OPPO A3 Pro 5G ,8 GB RAM | 128 GB ROM | Expandable Upto 1 TB16.94 cm (6.67 inch) Display50MP + 2MP | 8MP Front Camera5100 mAh BatteryDimensity 6300 5G Mobile Platform Processor1 Year Manufacturer Warranty for Device and 6 Months Manufacturer Warranty for Inbox Accessories,Android mobile,17999,4.4,43.0,Economic
Motorola Edge 50 Pro 5G with 68W Charger ,8 GB RAM | 256 GB ROM17.02 cm (6.7 inch) Display50MP + 13MP + 10MP | 50MP Front Camera4500 mAh Battery7 Gen 3 Mobile Platform Processor1 Year on Handset and 6 Months on Accessories,Android mobile,31999,2.2,2733.0,Mid-range
vivo T2 5G ,6 GB RAM | 128 GB ROM16.21 cm (6.38 inch) Full HD+ Display64 MP (OIS) + 2MP | 16MP Front Camera4500 mAh BatterySnapdragon 695 Processor1 Year of Device & 6 Months for Inbox Accessories,Android mobile,23999,3.9,7179.0,Mid-range
realme 12 5G ,8 GB RAM | 128 GB ROM | Expandable Upto 2 TB17.07 cm (6.72 inch) Full HD+ Display108MP + 2MP | 8MP Front Camera5000 mAh BatteryDimensity 6100+ Processor1 Year Manufacturer Warranty for Device and 6 Months Manufacturer Warranty for Inbox Accessories,Android mobile,17999,2.5,119.0,Economic
IQOO Z9S 5G ,8 GB RAM | 256 GB ROM17.2 cm (6.77 inch) Full HD+ AMOLED Display50MP + 50MP | 2MP Dual Front Camera5500 mAh BatteryMediaTek Dimensity 7300 5G Processor12 Months Brand Warranty on Smartphone,Android mobile,27998,2.2,10.0,Mid-range
realme GT Neo 3T ,6 GB RAM | 128 GB ROM16.81 cm (6.62 inch) Full HD+ AMOLED Display64MP + 8MP + 2MP | 16MP Front Camera5000 mAh Lithium Ion BatteryQualcomm Snapdragon 870 Processor1 Year Manufacturer Warranty for Phone and 6 Months Warranty for In-Box Accessories,Android mobile,20999,4.2,2345.0,Mid-range
vivo Y200 Pro 5G ,8 GB RAM | 128 GB ROM17.22 cm (6.78 inch) Display64MP + 2MP | 16MP Front Camera5000 mAh Battery695 Processor1 Year Manufacturer Warranty for Device and 6 Months Manufacturer Warranty for Inbox Accessories,Android mobile,24999,1.9,15.0,Mid-range
Tecno Spark 20 Pro 5G ,8 GB RAM | 256 GB ROM17.22 cm (6.78 inch) HD+ Display108MP Rear Camera5000 mAh BatteryD6080 5G Processor Processor12 month warranty,Android mobile,16999,4.5,13.0,Economic
realme 10 Pro+ 5G ,6 GB RAM | 128 GB ROM17.02 cm (6.7 inch) Full HD+ Display108MP + 8MP + 2MP | 16MP Front Camera5000 mAh BatteryMediatek Dimensity 1080 5G Processor1 Year Manufacturer Warranty for Phone and 6 Months Warranty for In-Box Accessories,Android mobile,24999,1.6,2935.0,Mid-range
SAMSUNG Galaxy A25 5G ,8 GB RAM | 128 GB ROM | Expandable Upto 1 TB16.51 cm (6.5 inch) Full HD+ Display50MP + 8MP + 2MP | 13MP Front Camera5000 mAh BatteryExynos 1280 Processor1 Year Manufacturer Warranty for Device and 6 Months for In-Box Accessories,Android mobile,19990,4.2,6.0,Economic
Motorola g45 5G ,4 GB RAM | 128 GB ROM | Expandable Upto 1 TB16.51 cm (6.5 inch) HD+ Display50MP + 2MP | 16MP Front Camera5000 mAh BatterySnapdragon 6s Gen 3 Processor1 Year Warranty on Handset and 6 Months Warranty on Accessories,Android mobile,9999,2.2,255.0,Economic
Apple iPhone 15 Plus ,"128 GB ROM17.02 cm (6.7 inch) Super Retina XDR Display48MP + 12MP | 12MP Front CameraA16 Bionic Chip, 6 Core Processor Processor1 Year Warranty for Phone and 6 Months Warranty for In-Box Accessories",iPhone,65999,4.6,1307.0,Premium
Apple iPhone 15 ,"256 GB ROM15.49 cm (6.1 inch) Super Retina XDR Display48MP + 12MP | 12MP Front CameraA16 Bionic Chip, 6 Core Processor Processor1 Year Warranty for Phone and 6 Months Warranty for In-Box Accessories",iPhone,67999,2.0,5245.0,Premium
Apple iPhone 15 Pro Max ,"512 GB ROM17.02 cm (6.7 inch) Super Retina XDR Display48MP + 12MP + 12MP | 12MP Front CameraA17 Pro Chip, 6 Core Processor Processor1 Year Warranty for Phone and 6 Months Warranty for In-Box Accessories",iPhone,132999,3.3,111.0,Premium
Apple iPhone 15 Pro ,"512 GB ROM15.49 cm (6.1 inch) Super Retina XDR Display48MP + 12MP + 12MP | 12MP Front CameraA17 Pro Chip, 6 Core Processor Processor1 Year Warranty for Phone and 6 Months Warranty for In-Box Accessories",iPhone,122999,3.1,109.0,Premium
Apple iPhone 15 Pro ,"256 GB ROM15.49 cm (6.1 inch) Super Retina XDR Display48MP + 12MP + 12MP | 12MP Front CameraA17 Pro Chip, 6 Core Processor Processor1 Year Warranty for Phone and 6 Months Warranty for In-Box Accessories",iPhone,115999,2.3,109.0,Premium
Apple iPhone XR ,"64 GB ROM15.49 cm (6.1 inch) Display12MP Rear Camera | 7MP Front CameraA12 Bionic Chip ProcessorWater and Dust Resistant (1 meter for Upto 30 minutes, IP67)Face ID for Secure AuthenticationFast-charge CapableBrand Warranty of 1 Year",iPhone,47900,1.5,8489.0,Premium
Apple iPhone 7 Plus ,32 GB ROM13.94 cm (5.488 inch) Retina HD Display12MP + 12MP | 7MP Front CameraApple A10 Fusion 64-bit processor and Embedded M10 Motion Co-processor1 Year Manufacturer Warranty,iPhone,37900,2.5,2978.0,Mid-range
Apple iPhone 14 ,"128 GB ROM15.49 cm (6.1 inch) Super Retina XDR Display12MP + 12MP | 12MP Front CameraA15 Bionic Chip, 6 Core Processor Processor1 Year Warranty for Phone and 6 Months Warranty for In-Box Accessories",iPhone,50999,1.6,11648.0,Premium
Apple iPhone X ,"256 GB ROM14.73 cm (5.8 inch) Super Retina HD Display12MP + 12MP | 7MP Front CameraA11 Bionic Chip with 64-bit Architecture, Neural Engine, Embedded M11 Motion Coprocessor ProcessorBrand Warranty of 1 Year",iPhone,106900,1.4,862.0,Premium
Apple iPhone SE ,"256 GB ROM11.94 cm (4.7 inch) Retina HD Display12MP Rear Camera | 7MP Front CameraA13 Bionic Chip with 3rd Gen Neural Engine ProcessorWater and Dust Resistant (1 meter for Upto 30 minutes, IP67)Fast Charge CapableWireless charging (Works with Qi Chargers | Qi Chargers are Sold SeparatelyBrand Warranty for 1 Year",iPhone,54900,3.4,12015.0,Premium
Apple iPhone 13 ,512 GB ROM15.49 cm (6.1 inch) Super Retina XDR Display12MP + 12MP | 12MP Front CameraA15 Bionic Chip ProcessorBrand Warranty for 1 Year,iPhone,79900,4.6,13737.0,Premium
Apple iPhone 6 ,16 GB ROM11.94 cm (4.7 inch) Retina HD Display8MP Rear Camera | 1.2MP Front CameraApple A8 64-bit processor and M8 Motion Co-processor1 Year Manufacturer Warranty,iPhone,36990,2.3,16120.0,Premium
Apple iPhone 13 Pro ,256 GB ROM15.49 cm (6.1 inch) Super Retina XDR Display12MP + 12MP + 12MP | 12MP Front CameraA15 Bionic Chip ProcessorBrand Warranty for 1 Year,iPhone,129900,3.8,127.0,Premium
Apple iPhone SE 3rd Gen ,"64 GB ROM11.94 cm (4.7 inch) Retina HD Display12MP Rear Camera | 7MP Front CameraA15 Bionic Chip, 6 Core Processor ProcessorBrand Warranty of 1 Year",iPhone,47600,4.9,138.0,Mid-range
Apple iPhone 14 Pro ,"512 GB ROM15.49 cm (6.1 inch) Super Retina XDR Display48MP + 12MP + 12MP | 12MP Front CameraA16 Bionic Chip, 6 Core Processor Processor1 Year Warranty for Phone and 6 Months Warranty for In-Box Accessories",iPhone,149900,3.3,153.0,Premium
Apple iPhone 11 ,128 GB ROM15.49 cm (6.1 inch) Liquid Retina HD Display12MP + 12MP | 12MP Front CameraA13 Bionic Chip ProcessorBrand Warranty of 1 Year,iPhone,24999,4.5,11431.0,Economic
Apple iPhone 16 Plus ,"256 GB ROM17.02 cm (6.7 inch) Super Retina XDR Display48MP + 12MP | 12MP Front CameraA18 Chip, 6 Core Processor Processor1 Year Warranty for Phone and 6 Months Warranty for In-Box Accessories",iPhone,99900,2.0,23.0,Premium
Apple iPhone 12 mini ,"128 GB ROM13.72 cm (5.4 inch) Super Retina XDR Display12MP + 12MP | 12MP Front CameraA14 Bionic Chip with Next Generation Neural Engine ProcessorCeramic ShieldIndustry-leading IP68 Water ResistanceAll Screen OLED Display12MP TrueDepth Front Camera with Night Mode, 4K Dolby Vision HDR RecordingBrand Warranty for 1 Year",iPhone,64900,2.4,10202.0,Premium
Apple iPhone 12 ,"64 GB ROM15.49 cm (6.1 inch) Super Retina XDR Display12MP + 12MP | 12MP Front CameraA14 Bionic Chip with Next Generation Neural Engine ProcessorCeramic ShieldIndustry-leading IP68 Water ResistanceAll Screen OLED Display12MP TrueDepth Front Camera with Night Mode, 4K Dolby Vision HDR RecordingBrand Warranty for 1 Year",iPhone,49900,1.5,13924.0,Premium
Apple iPhone 11 Pro Max ,64 GB ROM16.51 cm (6.5 inch) Super Retina XDR Display12MP + 12MP + 12MP | 12MP Front CameraA13 Bionic Chip ProcessorBrand Warranty for 1 Year,iPhone,117100,2.0,99.0,Premium
Apple iPhone 16 Plus ,"128 GB ROM17.02 cm (6.7 inch) Super Retina XDR Display48MP + 12MP | 12MP Front CameraA18 Chip, 6 Core Processor Processor1 Year Warranty for Phone and 6 Months Warranty for In-Box Accessories",iPhone,89900,4.9,23.0,Premium
Apple iPhone 6s ,16 GB ROM11.94 cm (4.7 inch) Retina HD Display12MP Rear Camera | 5MP Front CameraA9 Chip with 64-bit Architecture and M9 Motion Co-processorBrand Warranty of 1 Year,iPhone,62000,3.4,9180.0,Premium
Apple iPhone 6 ,64 GB ROM11.94 cm (4.7 inch) Retina HD Display8MP Rear Camera | 1.2MP Front CameraA8 Chip with 64-bit Architecture and M8 Motion Co-processor1 Year Manufacturer Warranty,iPhone,62500,1.7,16120.0,Premium
Apple iPhone 8 ,"64 GB ROM11.94 cm (4.7 inch) Retina HD Display12MP Rear Camera | 7MP Front CameraA11 Bionic Chip with 64-bit Architecture, Neural Engine, Embedded M11 Motion Coprocessor ProcessoriOS 13 CompatibleBrand Warranty of 1 Year",iPhone,39900,1.9,801.0,Mid-range
Apple iPhone 6s Plus ,128 GB ROM13.97 cm (5.5 inch) Retina HD Display12MP Rear Camera | 5MP Front CameraA9 Chip with 64-bit Architecture and M9 Motion Co-processorBrand Warranty of 1 Year,iPhone,92000,4.6,2359.0,Premium
Apple iPhone 15 ,"128 GB ROM15.49 cm (6.1 inch) Super Retina XDR Display48MP + 12MP | 12MP Front CameraA16 Bionic Chip, 6 Core Processor Processor1 Year Warranty for Phone and 6 Months Warranty for In-Box Accessories",iPhone,57999,4.3,5245.0,Premium
Apple iPhone XR ,128 GB ROM15.49 cm (6.1 inch) Display12MP Rear Camera | 7MP Front CameraA12 Bionic Chip ProcessoriOS 13 CompatibleBrand Warranty of 1 Year,iPhone,52900,3.0,8489.0,Premium
Apple iPhone 14 ,"128 GB ROM15.49 cm (6.1 inch) Super Retina XDR Display12MP + 12MP | 12MP Front CameraA15 Bionic Chip, 6 Core Processor Processor1 Year Warranty for Phone and 6 Months Warranty for In-Box Accessories",iPhone,50999,1.1,11648.0,Premium
Apple iPhone 12 mini ,"64 GB ROM13.72 cm (5.4 inch) Super Retina XDR Display12MP + 12MP | 12MP Front CameraA14 Bionic Chip with Next Generation Neural Engine ProcessorCeramic ShieldIndustry-leading IP68 Water ResistanceAll Screen OLED Display12MP TrueDepth Front Camera with Night Mode, 4K Dolby Vision HDR RecordingBrand Warranty for 1 Year",iPhone,59900,4.1,10202.0,Premium
Apple iPhone 12 ,"256 GB ROM15.49 cm (6.1 inch) Super Retina XDR Display12MP + 12MP | 12MP Front CameraA14 Bionic Chip with Next Generation Neural Engine ProcessorCeramic ShieldIndustry-leading IP68 Water ResistanceAll Screen OLED Display12MP TrueDepth Front Camera with Night Mode, 4K Dolby Vision HDR RecordingBrand Warranty for 1 Year",iPhone,64900,1.7,13924.0,Premium
Apple iPhone 15 Pro ,"512 GB ROM15.49 cm (6.1 inch) Super Retina XDR Display48MP + 12MP + 12MP | 12MP Front CameraA17 Pro Chip, 6 Core Processor Processor1 Year Warranty for Phone and 6 Months Warranty for In-Box Accessories",iPhone,122999,4.5,109.0,Premium
Apple iPhone 14 Pro ,"1 TB ROM15.49 cm (6.1 inch) Super Retina XDR Display48MP + 12MP + 12MP | 12MP Front CameraA16 Bionic Chip, 6 Core Processor Processor1 Year Warranty for Phone and 6 Months Warranty for In-Box Accessories",iPhone,169900,1.2,153.0,Premium
Apple iPhone 14 Pro ,"128 GB ROM15.49 cm (6.1 inch) Super Retina XDR Display48MP + 12MP + 12MP | 12MP Front CameraA16 Bionic Chip, 6 Core Processor Processor1 Year Warranty for Phone and 6 Months Warranty for In-Box Accessories",iPhone,119900,1.5,153.0,Premium
Apple iPhone 16 Pro Max ,"256 GB ROM17.53 cm (6.9 inch) Super Retina XDR Display48MP + 48MP + 12MP | 12MP Front CameraA18 Pro Chip, 6 Core Processor Processor1 Year Warranty for Phone and 6 Months Warranty for In-Box Accessories",iPhone,144900,2.2,6.0,Premium
Apple iPhone XS ,256 GB ROM14.73 cm (5.8 inch) Super Retina HD Display12MP + 12MP | 7MP Front CameraA12 Bionic Chip Processor1 Year Limited Warranty for Products and Accessories,iPhone,103900,2.0,865.0,Premium
Apple iPhone 7 ,128 GB ROM11.94 cm (4.7 inch) Retina HD Display12MP Rear Camera | 7MP Front CameraA10 Fusion Chip with 64-bit Architecture and Embedded M10 Motion Co-processorBrand Warranty of 1 Year,iPhone,34900,4.0,9140.0,Premium
Apple iPhone 16 ,"256 GB ROM15.49 cm (6.1 inch) Super Retina XDR Display48MP + 12MP | 12MP Front CameraA18 Chip, 6 Core Processor Processor1 Year Warranty for Phone and 6 Months Warranty for In-Box Accessories",iPhone,89900,1.7,29.0,Premium
Apple iPhone 13 Pro Max ,128 GB ROM17.02 cm (6.7 inch) Super Retina XDR Display12MP + 12MP + 12MP | 12MP Front CameraA15 Bionic Chip ProcessorBrand Warranty for 1 Year,iPhone,129900,2.1,195.0,Premium
Apple iPhone 14 Pro ,"128 GB ROM15.49 cm (6.1 inch) Super Retina XDR Display48MP + 12MP + 12MP | 12MP Front CameraA16 Bionic Chip, 6 Core Processor Processor1 Year Warranty for Phone and 6 Months Warranty for In-Box Accessories",iPhone,119900,4.0,153.0,Premium
Apple iPhone XR ,128 GB ROM15.49 cm (6.1 inch) Display12MP Rear Camera | 7MP Front CameraA12 Bionic Chip ProcessoriOS 13 CompatibleBrand Warranty of 1 Year,iPhone,52900,2.6,8489.0,Premium
Apple iPhone 12 mini ,"128 GB ROM13.72 cm (5.4 inch) Super Retina XDR Display12MP + 12MP | 12MP Front CameraA14 Bionic Chip with Next Generation Neural Engine ProcessorCeramic ShieldIndustry-leading IP68 Water ResistanceAll Screen OLED Display12MP TrueDepth Front Camera with Night Mode, 4K Dolby Vision HDR RecordingBrand Warranty for 1 Year",iPhone,64900,3.8,10202.0,Premium
Apple iPhone 15 Plus ,"128 GB ROM17.02 cm (6.7 inch) Super Retina XDR Display48MP + 12MP | 12MP Front CameraA16 Bionic Chip, 6 Core Processor Processor1 Year Warranty for Phone and 6 Months Warranty for In-Box Accessories",iPhone,65999,1.6,1307.0,Premium
Apple iPhone 15 ,"256 GB ROM15.49 cm (6.1 inch) Super Retina XDR Display48MP + 12MP | 12MP Front CameraA16 Bionic Chip, 6 Core Processor Processor1 Year Warranty for Phone and 6 Months Warranty for In-Box Accessories",iPhone,67999,3.4,5245.0,Premium
Apple iPhone 16 Pro ,"1 TB ROM16.0 cm (6.3 inch) Super Retina XDR Display48MP + 48MP + 12MP | 12MP Front CameraA18 Pro Chip, 6 Core Processor Processor1 Year Warranty for Phone and 6 Months Warranty for In-Box Accessories",iPhone,169900,1.7,7.0,Premium
Apple iPhone 8 Plus ,"256 GB ROM13.97 cm (5.5 inch) Retina HD Display12MP + 12MP | 7MP Front CameraA11 Bionic Chip with 64-bit Architecture, Neural Engine, Embedded M11 Motion Coprocessor ProcessorBrand Warranty of 1 Year",iPhone,84900,2.9,354.0,Premium
"SAMSUNG 301 L Frost Free Double Door 2 Star Convertible Refrigerator  with Digital Inverter, Convertib...","Digital Inverter CompressorBuilt-in Stabilizer1 year comprehensive warranty on the product, 20 years on compressor by the brand.",Fridge,34390,3.7,922.0,Mid-range
"SAMSUNG 301 L Frost Free Double Door 3 Star Convertible Refrigerator  with Digital Inverter, Convertib...","Digital Inverter CompressorBuilt-in Stabilizer1 year comprehensive warranty on the product, 20 years on compressor by the brand.",Fridge,34990,4.2,922.0,Mid-range
"CANDY 175 L Direct Cool Single Door 2 Star Refrigerator  with Toughed glass Shelves ,Stabilizer Free O...",Reciprocatory CompressorBuilt-in Stabilizer1 Year Warranty on Product and 10 Years on Compressor,Fridge,11190,1.9,1270.0,Economic
MarQ by Flipkart 183 L Direct Cool Single Door 2 Star Refrigerator,Reciprocating CompressorBuilt-in Stabilizer1 Year Warranty on Product and 10 Years Warranty on Compressor,Fridge,11490,1.6,385.0,Economic
"SAMSUNG 322 L Frost Free Double Door 2 Star Convertible Refrigerator  with Digital Inverter, Convertib...","Digital Inverter CompressorBuilt-in Stabilizer1 year comprehensive warranty on the product, 20 years on compressor by the brand.",Fridge,35690,2.5,922.0,Mid-range
Voltas Beko by A Tata Product 183 L Direct Cool Single Door 3 Star Refrigerator,Reciprocating CompressorBuilt-in Stabilizer1 Year Comprehensive warranty on product & 10 Years warranty on compressor,Fridge,13490,3.2,94.0,Economic
Godrej 180 L Direct Cool Single Door 5 Star Refrigerator  with Jumbo Vegetable Tray With Faster Coolin...,Fixed Speed CompressorBuilt-in Stabilizer1 Year Comprehensive Warranty on Product and 10 Years Warranty on Compressor,Fridge,15690,3.3,12.0,Economic
SAMSUNG 236 L Frost Free Double Door 3 Star Convertible Refrigerator  with Digital Inverter and Displa...,"Digital Inverter CompressorBuilt-in Stabilizer1 year comprehensive warranty on the product, 20 years on compressor by the brand.",Fridge,26990,1.6,1235.0,Mid-range
Godrej 308 L Frost Free Double Door 2 Star Refrigerator  with Convertible 4-In-1 RefrigeratorÃ¯Â¿Â½With 95%...,Inverter compressorBuilt-in Stabilizer1 Year Comprehensive Warranty on Product and 10 Years Warranty on Compressor,Fridge,31490,1.7,7.0,Mid-range
"Haier 190 L Direct Cool Single Door 5 Star Refrigerator with Base Drawer  with ,Large Storage Space1 H...",Normal CompressorBuilt-in Stabilizer1 Year Warranty on Product and 10 Years Warranty on Compresso,Fridge,16790,2.8,1071.0,Economic
realme TechLife 205 L Direct Cool Single Door 3 Star Refrigerator,Inverter CompressorBuilt-in Stabilizer1 Year Warranty on Product and 10 Years Warranty on Compressor,Fridge,13990,1.9,195.0,Economic
Whirlpool 215 L Direct Cool Single Door 5 Star Refrigerator with Base Drawer,IntelliSense Inverter CompressorBuilt-in Stabilizer1 Year Warranty on Product and 10 Years on Compressor,Fridge,20454,2.6,447.0,Mid-range
Whirlpool 300 L Frost Free Triple Door Refrigerator,Reciprocating CompressorBuilt-in Stabilizer1 Year Warranty on Product and 10 Years Warranty on Compressor from Whirlpool,Fridge,33390,1.1,4083.0,Mid-range
Haier 190 L Direct Cool Single Door 2 Star Refrigerator  with 1 Hour Icing TechnologyToughned Glass Sh...,Normal CompressorBuilt-in Stabilizer1 Year Warranty on Product and 10 Years Warranty on Compressor,Fridge,12999,4.3,490.0,Economic
Whirlpool 235 L Frost Free Double Door 2 Star Convertible Refrigerator,"Inverter CompressorBuilt-in Stabilizer1 Year Comprehensive Warranty on the Product, 10 Years Warranty on Compressor",Fridge,23790,1.2,0.0,Mid-range
Lloyd by Havells 91 L Direct Cool Single Door 1 Star Refrigerator,rotery1 YEAR COMPLETE 4YEAR ON COMPRESSER,Fridge,10122,2.6,1.0,Economic
SAMSUNG 363 L Frost Free Double Door 2 Star Convertible Refrigerator,Digital Inverter CompressorBuilt-in Stabilizer1 Year Comprehensive Warranty on Product and 10 Years Warranty on Compressor,Fridge,44990,4.7,2.0,Mid-range
Haier 325 L Frost Free Double Door Bottom Mount 3 Star Convertible Refrigerator  with 3-Star 14 In 1 C...,Inverter CompressorBuilt-in Stabilizer1 Year Warranty on Product and 10 Years Warranty on Compressor,Fridge,34690,1.3,20.0,Mid-range
Midea 43 L Direct Cool Single Door 3 Star Refrigerator,Reciprocating CompressorBuilt-in Stabilizer1 Year Warranty on Product and 5 Years Warranty on Compressor,Fridge,7245,2.7,0.0,Economic
Voltas Beko 208 L Direct Cool Single Door 5 Star Refrigerator,Reciprocating CompressorBuilt-in Stabilizer1 Year Comprehensive Warranty on Product and 10 Years Warranty on Compressor,Fridge,16990,2.6,225.0,Economic
Haier 205 L Direct Cool Single Door 3 Star Refrigerator with Base Drawer  with DEFT TechnologyLarge St...,Normal CompressorBuilt-in Stabilizer1 Year Warranty on Product and 10 Years Warranty on Compressor,Fridge,15990,4.1,15.0,Economic
Whirlpool 431 L Frost Free Double Door 2 Star Convertible Refrigerator,Inverter CompressorBuilt-in Stabilizer1 Year Warranty on Product and 9 Years Warranty on Compressor,Fridge,47000,3.6,54.0,Mid-range
Whirlpool 184 L Direct Cool Single Door 2 Star Refrigerator,"Normal CompressorBuilt-in Stabilizer1 Year Comprehensive Warranty on Product, 10 Years Warranty on Compressor",Fridge,13940,2.5,0.0,Economic
Lloyd 587 L Frost Free Side by Side Refrigerator,Fixed SpeedBuilt-in Stabilizer1 Year on Product and 9 Years Additional on Compressor from Lloyd,Fridge,64990,4.2,37.0,Premium
Electrolux 680 L Frost Free Multi-Door Convertible Refrigerator  with Inverter with TwinTech Cooling S...,Inverter1 Year Standard Warranty on Product and 9 Years Additional Warranty on Compressor (Refrigerant or Gas is Chargeable),Fridge,172990,2.9,0.0,Premium
Whirlpool 235 L Frost Free Double Door 3 Star Convertible Refrigerator  with 10-in-1 Convertible Modes,Inverter CompressorBuilt-in Stabilizer1 Year Warranty on Product and 10 Years Warranty on Compressor,Fridge,26990,2.4,54.0,Mid-range
LG 475 L Frost Free Double Door 1 Star Refrigerator,Smart InverterBuilt-in Stabilizer1 Year Warranty on Product and 10 Years Warranty on Compressor from LG,Fridge,64900,1.5,0.0,Premium
Whirlpool 235 L Frost Free Double Door 2 Star Refrigerator,Digital InverterBuilt-in Stabilizer1 Year on Product and 10 Years on Compressor From Whirlpool,Fridge,24990,2.5,6.0,Mid-range
Whirlpool 184 L Direct Cool Single Door 4 Star Refrigerator,DC Inverter CompressorBuilt-in Stabilizer1 Year on Product and 10 Years on Compressor From Whirlpool,Fridge,15890,1.9,11.0,Economic
BOSCH 263 L Frost Free Double Door Top Mount 3 Star Convertible Refrigerator,Vario Inverter CompressorBuilt-in Stabilizer1 Year on Product and 10 Years on Compressor from Bosch,Fridge,29990,1.8,27.0,Mid-range
Whirlpool 340 L Frost Free Double Door 3 Star Refrigerator,Inverter Compressor1 Year Comprehensive Warranty on Product and 9 Years Warranty on Compressor,Fridge,36240,1.5,3.0,Mid-range
Godrej 180 L Direct Cool Single Door 2 Star Refrigerator,Fixed speed compressorBuilt-in Stabilizer1 Year Comprehensive Warranty on Product and 10 Years Warranty on Compressor,Fridge,14490,2.2,163.0,Economic
Whirlpool 192 L Direct Cool Single Door 3 Star Refrigerator with Base Drawer,"Normal CompressorBuilt-in Stabilizer1 Year on Product, 10 Years on Compressor",Fridge,16498,1.6,358.0,Economic
Godrej 180 L Direct Cool Single Door 3 Star Refrigerator,Reciprocating10 Years Compressor Warranty; 1 Year Comprehensive Warranty,Fridge,15800,2.4,0.0,Economic
"LG 343 L Frost Free Double Door 2 Star Refrigerator  with Door Cooling+, Inverter Compressor, Express ...",Smart Inverter CompressorBuilt-in Stabilizer1 Year Warranty on Product and 10 Years Warranty on Compressor From LG,Fridge,50199,3.5,139.0,Premium
Whirlpool 325 L Frost Free Double Door Bottom Mount 3 Star Refrigerator,Intellisense Inverter CompressorBuilt-in Stabilizer1 Year on Product and 10 Years on the Compressor from Whirlpool,Fridge,39290,3.0,8.0,Mid-range
SAMSUNG 236 L Frost Free Double Door 2 Star Refrigerator,Digital Inverter CompressorBuilt-in Stabilizer1 Year Comprehensive Warranty on Product and 20 Years Warranty on Compressor,Fridge,29000,5.0,2.0,Mid-range
Lloyd by Havells 340 L Frost Free Double Door 2 Star Refrigerator,Inverter CompressorBuilt-in Stabilizer1 Year Domestic Warranty on Product and Additional 9 Years on Compressor,Fridge,38000,2.0,0.0,Mid-range
Whirlpool 325 L Frost Free Double Door 2 Star Convertible Refrigerator,Inverter CompressorBuilt-in Stabilizer1 Year Warranty on Product and 10 Years on Compressor,Fridge,37990,2.8,2.0,Mid-range
Godrej 244 L Frost Free Double Door 2 Star Refrigerator  with Wood Finish and Advanced Inverter Techno...,Inverter CompressorBuilt-in Stabilizer1 Year Comprehensive Warranty on Product and 10 Years Warranty on Compressor,Fridge,27990,3.7,47.0,Mid-range
Godrej 430 L Frost Free Double Door Bottom Mount 3 Star Refrigerator,Intelligent Inverter CompressorBuilt-in Stabilizer1 Year Warranty on Product and 10 Years on Compressor,Fridge,49690,2.0,10.0,Mid-range
Midea 233 L Frost Free Double Door Top Mount 3 Star Convertible Refrigerator,Inverter CompressorBuilt-in Stabilizer1 Year Warranty on Product and 10 Years Warranty on Compressor,Fridge,18990,3.9,28.0,Economic
Lloyd 310 L Frost Free Double Door 2 Star Refrigerator,Inverter CompressorBuilt-in Stabilizer1 Year Warranty on Product and Additional 9 Years Warranty on Compressor,Fridge,33190,3.1,0.0,Mid-range
Voltas Beko by A Tata Product 185 L Direct Cool Single Door 3 Star Refrigerator,Reciprocating CompressorBuilt-in Stabilizer2 Year Comprehensive Warranty 10 Years Compressor Warranty,Fridge,16990,2.0,0.0,Economic
Haier 185 L Direct Cool Single Door 2 Star Refrigerator,Normal CompressorBuilt-in Stabilizer1 Year Comprehensive Warranty on the Product and 10 Years Warranty on Compressor,Fridge,15990,4.0,0.0,Economic
BOSCH 334 L Frost Free Double Door 2 Star Convertible Refrigerator,"VarioInverterBuilt-in Stabilizer1 Year Comprehensive Warranty on the Product, 10 Years Warranty on Compressor",Fridge,42990,1.1,0.0,Mid-range
Whirlpool 192 L Direct Cool Single Door 3 Star Refrigerator,Normal CompressorBuilt-in Stabilizer1 Year on Product and 10 Years on Compressor from Whirlpool,Fridge,17200,1.6,5.0,Economic
Whirlpool 192 L Direct Cool Single Door 4 Star Refrigerator,Inverter CompressorBuilt-in Stabilizer1 Year on Product and 10 Years on Compressor from Whirlpool,Fridge,18899,2.8,0.0,Economic
Godrej 185 L Direct Cool Single Door 2 Star Refrigerator,Equipped with a normal compressorBuilt-in Stabilizer1 Year Warranty on product and 10 Years Warranty on Compressor from Godrej,Fridge,15990,4.0,1.0,Economic
Godrej 192 L Direct Cool Single Door 2 Star Refrigerator,Reciprocating CompressorBuilt-in Stabilizer1 Year Warranty on Product and 10 Years Warranty on Compressor,Fridge,15202,3.4,0.0,Economic
Haier 190 L Direct Cool Single Door 5 Star Refrigerator,Normal CompressorBuilt-in Stabilizer1 Year Comprehensive Warranty on the Product and 10 Years Warranty on Compressor,Fridge,17900,3.2,0.0,Economic
Voltas Beko by A Tata Product 200 L Direct Cool Single Door 4 Star Refrigerator,Reciprocating CompressorBuilt-in Stabilizer2 Years Comprehensive Warranty and 10 Years Compressor Warranty :,Fridge,22100,2.6,132.0,Mid-range
Godrej 180 L Direct Cool Single Door 3 Star Refrigerator,ReciprocatingBuilt-in Stabilizer1 Year Comprehensive Warranty on Product and 10 Years Warranty on Compressor,Fridge,16399,2.6,0.0,Economic
Haier 325 L Frost Free Double Door 2 Star Convertible Refrigerator,Inverter CompressorBuilt-in Stabilizer1 Year Comprehensive Warranty on the Product and 10 Years Warranty on Compressor,Fridge,38300,1.4,0.0,Mid-range
Godrej 200 L Direct Cool Single Door 3 Star Refrigerator,"Inverter10 Years Compressor Warranty, 1 Year Comprehensive Warranty",Fridge,17559,2.2,0.0,Economic
BOSCH 243 L Frost Free Double Door Top Mount 3 Star Refrigerator,InverterBuilt-in Stabilizer1 Year on Product and 10 Years on Compressor,Fridge,29490,4.9,0.0,Mid-range
Panasonic 336 L Frost Free Double Door 3 Star Refrigerator,Inverter CompressorBuilt-in Stabilizer1 Year Warranty on Product and 10 Years on Compressor,Fridge,31990,3.1,65.0,Mid-range
Panasonic 336 L Frost Free Double Door 3 Star Refrigerator,Inverter CompressorBuilt-in Stabilizer1 Year Warranty on Product and 10 Years on Compressor,Fridge,32990,1.3,0.0,Mid-range
LG 516 L Frost Free Double Door 2 Star Refrigerator,Inverter Linear Compressor1 Year Warranty on product and 10 Years Warranty on compressor from LG,Fridge,58990,2.1,5.0,Premium
AO Smith 10 L Storage Water Geyser ,"Storage Geyser10 LComprehensive-2 Years, Tank-5 Years",geyser,6199,1.4,962.0,Economic
V-Guard 6 L Storage Water Geyser ,Storage Geyser6 LMatteo 3kW 6L  comes with a 2-year offsite domestic warranty for manufacturing defects.  The Heating Element has a warranty of 2 years & the Inner Tank has a warranty of 5 years. Please contact V-Guard Customer Care 1800 103 1300(Toll-free) for service-related issues.,geyser,6199,4.4,593.0,Economic
Crompton 25 L Storage Water Geyser ,"Storage Geyser25 LTank 5 Years, Heating Element 2 Years, On Product 2 Years",geyser,6049,4.8,44.0,Economic
Indo 6 L Storage Water Geyser ,"Storage Geyser6 L2 Years On product, 3 years on Heating Element and 5 Years Warranty on Inner Tank",geyser,3949,2.1,0.0,Economic
"HAVELLS 3 L Instant Water Geyser Color Changing LED Indicator, Rust & Shook Proof ","Instant Geyser3 L5 Years Warranty on Inner Container, 2 Years Warranty on Heating Element, 2 Years Comprehensive Warranty",geyser,3949,1.7,882.0,Economic
HAVELLS 10 L Storage Water Geyser with Flexi Pipe and Free Installation ,"Storage Geyser10 L2 Years Comprehensive Warranty on Product, 5 Years Warranty on Inner Container and 2 Years Warranty on Heating Element",geyser,6499,2.7,1952.0,Economic
USHA 25 L Storage Water Geyser ,"Storage Geyser25 L2 Years on Product, 3 Years on Heating Element and 8 Years on Tank",geyser,11849,4.2,27.0,Economic
Aulten 25 L Storage Water Geyser ,"Storage Geyser25 L2 Year Replacement Warranty on Product, 2 Years Warranty on Heating Element, 5 Years Warranty on Tank",geyser,5199,5.0,0.0,Economic
HAVELLS 15 L Storage Water Geyser ,"Storage Geyser15 L2 Years Comprehensive Warranty on Product, 5 Years Warranty on Inner Container and 2 Years Warranty on Heating Element",geyser,6999,4.7,1.0,Economic
Aulten 25 L Storage Water Geyser ,"Storage Geyser25 L2 Years Replacement Warranty on Product, 2 Years Warranty on Heating Element, 2 Years Warranty on Tank",geyser,5300,1.1,0.0,Economic
OMEN 15 L Storage Water Geyser ,Storage Geyser15 L2 year company warranty,geyser,7287,1.4,0.0,Economic
AO Smith 15 L Storage Water Geyser ,"Storage Geyser15 L5 Years Warranty on Tank, 2 Years Warranty on Heating Element, 2 Years Product Comprehensive Warranty",geyser,6699,2.6,93.0,Economic
Crompton 25 L Storage Water Geyser ,"Storage Geyser25 LTank: 5 years, Heating Element: 2 years, Product: 2 years",geyser,6549,1.3,940.0,Economic
V-Guard 15 L Storage Water Geyser ,Storage Geyser15 LMatteo DG 15L comes with a 2-year offsite domestic warranty for manufacturing defects.  The Heating Element has a warranty of 3 years & the Inner Tank has a warranty of 5 years. Please contact V-Guard Customer Care 1800 103 1300(Toll-free) for service-related issues.,geyser,6799,5.0,593.0,Economic
GESTOR 25 L Storage Water Geyser ,Storage Geyser25 L1 Year Limited Domestic Brand Warranty on Product & 5 Years on Inner Tank/Container.,geyser,3890,2.6,53.0,Economic
CSI INTERNATIONAL 1 L Instant Water Geyser ,Instant Geyser1 L1 year,geyser,1098,1.2,6.0,Economic
HAVELLS 6 L Storage Water Geyser ,"Storage Geyser6 L5 year warranty on Inner Container, 2 year comprehensive Warranty",geyser,7995,4.1,152.0,Economic
DIGISMART 3 L Instant Water Geyser ,"Instant Geyser3 L5 Year Warranty On Inner Tank, 1 Year On Components",geyser,1699,2.3,217.0,Economic
MinMAX 25 L Storage Water Geyser ,Storage Geyser25 L60 months warranty on Inner Tank 12 Months warranty on Components  + 3Months extended warranty to get it registered you have register it with brand within 15 day (coustomer care +91 9625151748),geyser,3739,1.4,13.0,Economic
HAVELLS 25 L Storage Water Geyser ,"Storage Geyser25 L7 Years Warranty on Inner Container, 4 Years Warranty on Heating Element, 2 Years Comprehensive Warranty",geyser,10970,2.0,1.0,Economic
HAVELLS 15 L Storage Water Geyser with Flexi Pipe and Free Installation ,"Storage Geyser15 L7 Years Warranty on Inner Container, 4 Years Warranty on Heating Element, 2 Years Comprehensive Warranty",geyser,7680,3.0,14.0,Economic
AO Smith 25 L Storage Water Geyser ,"Storage Geyser25 L5 Years Warranty on Tank, 2 Years Warranty on Heating Element, 2 Years Product Comprehensive Warranty",geyser,7699,2.9,93.0,Economic
Stardom 10 L Storage Water Geyser ,Storage Geyser10 L1 year manufacture warranty on geyser and 5 years on inner tank,geyser,2648,3.7,107.0,Economic
Crompton 3 L Instant Water Geyser ,"Instant Geyser3 LWarranty provided by the manufacrer from the date of purchase: Tank - 5 Years, Heating Element - 2 Years, Product - 2 Years",geyser,2549,1.7,28.0,Economic
DIGISMART 15 L Storage Water Geyser ,Storage Geyser15 L1 Year domestic and International Warranty,geyser,3399,3.2,205.0,Economic
Venus 15 L Storage Water Geyser ,"Storage Geyser15 L7 Years on Inner Tank, 3 Years on Heating Element & 2 Years on Product",geyser,6736,2.2,8.0,Economic
Venus 25 L Storage Water Geyser ,"Storage Geyser25 LGuarantee -7 Years on Inner Tank, 3 Years on Heating Element & 2 Years on Product",geyser,7714,2.5,5.0,Economic
Haier 15 L Storage Water Geyser Bacteria Proof System ,Storage Geyser15 L4 year on Product components & 7 Year on Tank,geyser,8919,3.1,34.0,Economic
Kenstar 3 L Instant Water Geyser ,"Instant Geyser3 L5 Years on Tank, 2 Years on Heating Element, 2 Years on Product",geyser,2099,1.3,308.0,Economic
Anchor By Panasonic 15 L Storage Water Geyser ,Storage Geyser15 L2 Years On Product + 2 Yrs Warranty on Copper heating element + 5 yrs warranty on Gasslined Inner Tank,geyser,5599,2.8,25.0,Economic
V-Guard 6 L Storage Water Geyser ,Storage Geyser6 LReplacement warranty 7 years for inner tank & 3 years for heating element,geyser,7100,3.9,0.0,Economic
voltas 10 L Storage Water Geyser ,"Storage Geyser10 L7 Years Warranty on Tank , 3 Years Warranty on Heating Element and 2 Years Warranty on Product",geyser,6699,3.8,4.0,Economic
Kenstar 3 L Instant Water Geyser ,"Instant Geyser3 L5 Years on Tank, 2 Years on Heating Element, 2 Years on Product",geyser,2199,2.5,308.0,Economic
Hindware Smart Appliances 3 L Storage Water Geyser ,"Storage Geyser3 L2 Years Overall, 2 Years on Heating Element, 5 Years on Tank",geyser,2449,1.7,57.0,Economic
BAJAJ 5 L Instant Water Geyser ,Instant Geyser5 L2 Years Domestic Warranty,geyser,3799,3.9,75.0,Economic
BAJAJ 10 L Instant Water Geyser ,Instant Geyser10 LNA,geyser,7949,2.1,0.0,Economic
BAJAJ 3 L Instant Water Geyser ,Instant Geyser3 L2 Year Manufacturer Warranty,geyser,3590,1.5,39.0,Economic
Jaquar 15 L Storage Water Geyser ,"Storage Geyser15 L7 Years on Tank,4 Years on Heating Element and 2 Years on Other Parts",geyser,8149,3.8,0.0,Economic
BAJAJ 25 L Storage Water Geyser ,"Storage Geyser25 LTank-5 Years,Heating Element-2 Years,Product-1 Years",geyser,7499,4.2,40.0,Economic
Hindware Smart Appliances 6 L Instant Water Geyser ,"Instant Geyser6 L2 Years Comprehensive, 2 Years on Heating Element, 5 Years on Tank",geyser,5099,2.6,8437.0,Economic
HAVELLS 15 L Storage Water Geyser ,"Storage Geyser15 L7 Years Warranty on Inner Container, 4 Years Warranty on Heating Element, 2 Years Comprehensive Warranty",geyser,14260,1.0,60.0,Economic
HAVELLS 15 L Storage Water Geyser ,"Storage Geyser15 L2 Years Comprehensive Warranty, 4 Years Warranty on Heating Element and 7 Years Warranty on Inner Container",geyser,14730,1.5,2.0,Economic
Crompton 5 L Instant Water Geyser ,Instant Geyser5 L2 YEAR WARRANTY FROM THE DATE OF PURCHASE,geyser,3909,2.5,0.0,Economic
Haier 15 L Storage Water Geyser ,Storage Geyser15 L1 year warranty,geyser,7990,2.0,0.0,Economic
SURYA 10 L Gas Water Geyser ,Gas Geyser10 L3 month warranty,geyser,8980,3.2,0.0,Economic
USHA 15 L Storage Water Geyser ,"Storage Geyser15 L2 Years on Product, 3 Years on Heating Element and 8 Years on Tank",geyser,8447,1.7,6.0,Economic
Hindware Smart Appliances 10 L Storage Water Geyser ,"Storage Geyser10 L7 Years Warranty on Tank, 3 Years Warranty on Heating Element and 2 Years Comprehensive Warranty",geyser,5929,4.1,3.0,Economic
Racold 15 L Storage Water Geyser ,Storage Geyser15 LProduct â 2 years Heating Element â 3 years (2+1 Extended warranty) Tank â5 Years,geyser,9300,3.5,10.0,Economic
Parryware 10 L Storage Water Geyser ,Storage Geyser10 L-,geyser,9315,4.4,0.0,Economic
V-Guard 6 L Instant Water Geyser ,"Instant Geyser6 Lproduct warranty of 2 years, heating element warranty of 4 years and inner tank warranty of 7 years.",geyser,7199,4.0,69.0,Economic
Crompton 3 L Instant Water Geyser ,"Instant Geyser3 LTank: 5 years, Heating Element: 2 years, Product: 2 years",geyser,3599,3.4,0.0,Economic
BAJAJ 25 L Storage Water Geyser ,Storage Geyser25 L2 Year Manufacturer Warranty,geyser,7649,2.4,0.0,Economic
Racold 10 L Storage Water Geyser ,Storage Geyser10 LProduct â 2 years Heating Element â 3 years (2+1 Extended warranty) Tank â5 Years,geyser,8899,3.2,5.0,Economic
V-Guard 15 L Storage Water Geyser with Free Installation & Flexi Pipes ,"Storage Geyser15 L2 Year on Product, 4 Year on Heating Element, 7 Year on Inner Tank",geyser,9499,3.2,149.0,Economic
KWW 10 L Storage Water Geyser ,"Storage Geyser10 L5 YEARS ON INNER TANK, 2 YEARS ON HEATING ELEMENT, 2 YEARS ON WHOLE PRODUCT",geyser,4500,3.0,0.0,Economic
Hindware 15 L Storage Water Geyser ,Storage Geyser15 L7 years on tank and 4 years on elements,geyser,7990,1.9,2.0,Economic
FABER 15 L Storage Water Geyser ,"Storage Geyser15 L5 years on tank, 3 years on heating element and 2 years warranty on product",geyser,6850,3.7,3.0,Economic
GRINISHA 1 L Instant Water Geyser ,Instant Geyser1 LNA,geyser,1399,4.6,24.0,Economic
Racold 25 L Storage Water Geyser ,"Storage Geyser25 L7 year on tank, 2 year full , 2year on element",geyser,11400,2.2,0.0,Economic
jade-x 2 L Instant Water Geyser ,Instant Geyser2 L1 Year Manufacturer Warranty,geyser,1229,3.8,0.0,Economic
Racold 6 L Storage Water Geyser ,"Storage Geyser6 L2 years product, 2 years heating element and 5 years tank",geyser,7299,2.9,0.0,Economic
Orient Electric 25 L Storage Water Geyser ,"Storage Geyser25 L7 yr. tank , 4 yr. element, 2 yr. complete",geyser,8399,2.2,14.0,Economic
Clifton 1 L Instant Water Geyser ,Instant Geyser1 L2 YEARS GUARANTEE,geyser,1334,3.6,32.0,Economic
Jaquar 25 L Storage Water Geyser ,Storage Geyser25 Lna,geyser,11700,1.3,0.0,Economic
BAJAJ 15 L Storage Water Geyser ,Storage Geyser15 L10 Years On Tank; 2 Years On Product; 3 Years On Elements. On-Site By Company Authorised Service Center,geyser,7499,1.7,0.0,Economic
Sansui 25 L Storage Water Geyser with LED Light ,Storage Geyser25 L2 Years Warranty,geyser,6499,2.9,47.0,Economic
IVAS 10 L Storage Water Geyser ,"Storage Geyser10 L5 years warranty on the tank, 2 years warranty on the element, and 2 years warranty on the product.",geyser,5399,2.7,0.0,Economic
Acer Nitro V AMD Ryzen 7 Octa Core 7735HS ,AMD Ryzen 7 Octa Core Processor16 GB DDR5 RAMWindows 11 Operating System512 GB SSD39.62 cm (15.6 Inch) Display1 Year International Travelers Warranty (ITW),laptops,74990,1.1,3.0,Premium
ASUS Vivobook S14 OLED Intel EVO H,Intel Core i5 Processor (12th Gen)16 GB DDR4 RAM64 bit Windows 11 Operating System512 GB SSD35.56 cm (14 Inch) Display1 Year Onsite Warranty,laptops,61990,3.2,424.0,Premium
DELL Intel Core i3 13th Gen 1305U ,Intel Core i3 Processor (13th Gen)8 GB DDR4 RAMWindows 11 Operating System512 GB SSD39.62 cm (15.6 Inch) Display1 Year Onsite Hardware Service,laptops,37840,4.8,7.0,Mid-range
ASUS Vivobook Go 14 AMD Ryzen 3 Quad Core 7320U ,AMD Ryzen 3 Quad Core Processor8 GB LPDDR5 RAMWindows 11 Operating System512 GB SSD35.56 cm (14 Inch) Display1 Year Onsite Warranty,laptops,30990,1.7,483.0,Mid-range
Lenovo IdeaPad Slim 1 AMD Ryzen 5 Hexa Core 5500U ,AMD Ryzen 5 Hexa Core Processor8 GB DDR4 RAM64 bit Windows 11 Operating System512 GB SSD100.63 cm (39.62 cm) DisplayOffice Home and Student 20211Yr Warranty and 1 Yr Accidental Damage Protection,laptops,35490,2.4,452.0,Mid-range
Lenovo IdeaPad 1 AMD Athlon Dual Core 7120U ,AMD Athlon Dual Core Processor8 GB LPDDR5 RAMWindows 11 Operating System512 GB SSD39.62 cm (15.6 inch) Display1 Year Carry-in Warranty,laptops,25990,4.1,164.0,Mid-range
HP Intel Core Ultra 7 155H ,Intel Core Ultra 7 Processor16 GB DDR5 RAMWindows 11 Operating System512 GB SSD35.56 cm (14 Inch) Display1 Year Onsite Warranty,laptops,82990,4.4,0.0,Premium
MSI Thin A15 AMD Ryzen 5 Hexa Core 7535HS ,AMD Ryzen 5 Hexa Core Processor16 GB DDR5 RAMWindows 11 Operating System512 GB SSD39.62 cm (15.6 Inch) Display2 Year Onsite Warranty,laptops,47990,1.8,8.0,Mid-range
"ASUS TUF Gaming F15, 90WHrs Battery Intel Core i7 13th Gen 13620H ",Intel Core i7 Processor (13th Gen)16 GB DDR5 RAMWindows 11 Operating System512 GB SSD39.62 cm (15.6 Inch) Display1 Year Onsite warranty,laptops,94990,2.8,2.0,Premium
DELL AMD Ryzen 5 Dual Core 7520U ,AMD Ryzen 5 Dual Core Processor8 GB DDR4 RAMWindows 11 Operating System512 GB SSD39.62 cm (15.6 Inch) Display1 Year Onsite Hardware Service,laptops,34990,1.5,1.0,Mid-range
HP 245G9 Silver AMD Ryzen 3 Dual Core 3rd Gen AMD Ryzen 3 3250U ,AMD Ryzen 3 Dual Core Processor (3rd Gen)8 GB DDR4 RAMWindows 11 Operating System512 GB SSD35.56 cm (14 inch) DisplayNA1 Year Onsite Warranty,laptops,26770,2.9,6.0,Mid-range
DELL 3540 Intel Core i3 12th Gen ,Intel Core i3 Processor (12th Gen)8 GB DDR4 RAMLinux/Ubuntu Operating System512 GB SSD39.62 cm (15.6 inch) Display1 Year,laptops,31450,4.6,3.0,Mid-range
ASUS Vivobook S 14 Intel EVO H,Intel Core i5 Processor (12th Gen)16 GB DDR4 RAMWindows 11 Operating System512 GB SSD35.56 cm (14 inch) Display1 Year Onsite Warranty,laptops,56990,1.3,203.0,Premium
Acer Aspire 3 Spin 14 Intel Core i3 13th Gen N305 ,Intel Core i3 Processor (13th Gen)8 GB LPDDR5 RAMWindows 11 Operating System512 GB SSD35.56 cm (14 inch) Touchscreen Display1 Year Onsite Warranty,laptops,41990,3.9,3.0,Mid-range
Lenovo IP Duet 3 Chrome Qualcomm Snapdragon 7c Gen 2 ,Qualcomm Snapdragon 7c Gen 2 Processor8 GB LPDDR4X RAMChrome Operating System27.81 cm (10.95 Inch) Touchscreen Display1 Year Carry-in Warranty,laptops,25990,4.6,2.0,Mid-range
MSI Modern 14 Intel Core i3 13th Gen 1315U ,Intel Core i3 Processor (13th Gen)8 GB DDR4 RAMWindows 11 Operating System512 GB SSD35.56 cm (14 Inch) Display1 Year Carry-in Warranty,laptops,31990,2.4,0.0,Mid-range
Infinix Y3 Max Series Intel Core i3 12th Gen 1215U ,Intel Core i3 Processor (12th Gen)16 GB LPDDR4X RAMWindows 11 Operating System512 GB SSD40.64 cm (16 Inch) Display1 Year Onsite Warranty,laptops,29990,4.2,12.0,Mid-range
ASUS Vivobook 15 Intel Pentium Dual Core 7505 ,Intel Pentium Dual Core Processor8 GB DDR4 RAMWindows 11 Operating System512 GB SSD39.62 cm (15.6 Inch) Display1 Year Onsite warranty,laptops,25902,4.3,1.0,Mid-range
Acer ALG Intel Core i5 12th Gen 12450H ,Intel Core i5 Processor (12th Gen)16 GB DDR4 RAMWindows 11 Operating System512 GB SSD39.62 cm (15.6 Inch) Display1 Year Onsite Warranty,laptops,51990,2.4,1.0,Premium
Acer Aspire Lite Intel Core i5 12th Gen 1235U ,Intel Core i5 Processor (12th Gen)16 GB DDR4 RAMWindows 11 Operating System1 TB SSD39.62 cm (15.6 Inch) Display1 Year Onsite Warranty,laptops,45990,2.0,4.0,Mid-range
Lenovo IdeaPad 5 Intel Core i5 13th Gen 13420H ,Intel Core i5 Processor (13th Gen)16 GB LPDDR5X RAMWindows 11 Operating System512 GB SSD35.56 cm (14 Inch) Touchscreen Display1 Year Carry-in Warranty,laptops,109690,1.8,0.0,Premium
HP Intel Core i5 12th Gen 1235U ,Intel Core i5 Processor (12th Gen)8 GB DDR4 RAMWindows 11 Operating System512 GB SSD39.62 cm (15.6 Inch) Display1 Year Onsite Warranty,laptops,48490,1.8,8.0,Mid-range
HP Victus AMD Ryzen 7 Octa Core 8845HS ,AMD Ryzen 7 Octa Core Processor16 GB DDR5 RAMWindows 11 Operating System1 TB SSD39.62 cm (15.6 Inch) Display1 Year Onsite Warranty,laptops,94990,4.8,0.0,Premium
Lenovo IdeaPad Gaming Backlit AMD Ryzen 5 Hexa Core 7535HS ,AMD Ryzen 5 Hexa Core Processor16 GB DDR5 RAMWindows 11 Operating System512 GB SSD39.62 cm (15.6 Inch) Display1 Year Onsite warranty,laptops,62990,1.5,17.0,Premium
HP AMD Ryzen 5 Hexa Core 5500U ,AMD Ryzen 5 Hexa Core Processor8 GB DDR4 RAM64 bit Windows 11 Operating System512 GB SSD39.62 cm (15.6 inch) DisplayMicrosoft Office 2021 Home & Student1 Year Onsite Warranty,laptops,41500,2.3,11.0,Mid-range
ASUS Vivobook S 15 OLED Intel Core i9 13th Gen 13900H ,Intel Core i9 Processor (13th Gen)16 GB LPDDR5 RAMWindows 11 Operating System512 GB SSD39.62 cm (15.6 Inch) Display1 Year Onsite Warranty,laptops,94990,4.9,0.0,Premium
MSI Modern 14 Intel Core i3 12th Gen 1215U ,Intel Core i3 Processor (12th Gen)8 GB DDR4 RAMWindows 11 Operating System512 GB SSD35.56 cm (14 inch) Display1 Year Warranty Term,laptops,29990,3.1,3.0,Mid-range
Lenovo IdeaPad Slim 3 Intel Intel Core i7 13th Gen CoreÃ¢âÂ¢ i7,Intel Core i7 Processor (13th Gen)16 GB LPDDR5 RAM64 bit Windows 11 Operating System512 GB SSD39.62 cm (15.6 Inch) Display1 Years On-Site Warranty with ADP,laptops,65990,4.2,0.0,Premium
Acer Aspire 3 Intel Core i3 12th Gen 1215U ,Intel Core i3 Processor (12th Gen)8 GB DDR4 RAM64 bit Windows 11 Operating System256 GB SSD35.56 cm (14 Inch) Display1 Year Domestic Warranty,laptops,28990,2.6,9.0,Mid-range
HP Pavilion Intel Core i5 12th Gen 1235U ,"Intel Core i5 Processor (12th Gen)8 GB DDR4 RAM64 bit Windows 11 Operating System512 GB SSD35.56 cm (14 Inch) DisplayHP Documentation, HP BIOS recovery, HP Smart, Microsoft Office Home & Student 20211 Year Onsite Warranty",laptops,56990,2.8,64.0,Premium
HP Victus 15 AMD Ryzen 5 Hexa Core 5600H ,AMD Ryzen 5 Hexa Core Processor16 GB DDR4 RAMWindows 11 Operating System512 GB SSD39.62 cm (15.6 Inch) Display1 Year Onsite Warranty,laptops,52990,3.8,6.0,Premium
DELL Latitude Intel Core i3 11th Gen Core i3,Intel Core i3 Processor (11th Gen)8 GB DDR4 RAM64 bit Linux/Ubuntu Operating System256 GB SSD35.56 cm (14 inch) Display1 Year Domestic,laptops,32290,3.2,4.0,Mid-range
Lenovo Yoga Intel Core i5 13th Gen 13500H ,Intel Core i5 Processor (13th Gen)16 GB LPDDR5X RAMWindows 11 Operating System1 TB SSD35.56 cm (14 inch) DisplayMicrosoft Office Home & Student 20211 Year Carry-in Warranty,laptops,79190,4.4,0.0,Premium
MSI Cyborg 15 Intel Core i5 12th Gen 12450H ,Intel Core i5 Processor (12th Gen)16 GB DDR5 RAMWindows 11 Operating System512 GB SSD39.62 cm (15.6 Inch) Display2 Year Onsite Warranty,laptops,54990,2.1,6.0,Premium
MSI Katana 15 Intel Core i7 12th Gen 12650H ,Intel Core i7 Processor (12th Gen)8 GB DDR5 RAMWindows 11 Operating System512 GB SSD39.62 cm (15.6 Inch) Display2 Year On-Site & Carry-In Warranty,laptops,74990,3.9,2.0,Premium
SAMSUNG Galaxy Book4 360 Evo Intel Core 5 120U ,Intel Core 5 Processor16 GB LPDDR5 RAM64 bit Windows 11 Operating System512 GB SSD39.62 cm (15.6 inch) Touchscreen DisplayMS Office Home and Student 20211 Year Manufacturer Warranty for Laptop and 6 Months for In-Box Accessories,laptops,114990,2.8,3.0,Premium
Lenovo IdeaPad Slim 3 Intel Core i3 12th Gen 1215U ,Intel Core i3 Processor (12th Gen)8 GB DDR4 RAMWindows 11 Operating System256 GB SSD39.62 cm (15.6 inch) DisplayMicrosoft Office Home & Student 20211 Year Carry-in Warranty,laptops,32990,2.5,87.0,Mid-range
MSI Cyborg 14 Intel Core i5 13th Gen 13420H ,Intel Core i5 Processor (13th Gen)16 GB DDR5 RAM64 bit Windows 11 Operating System512 GB SSD35.56 cm (14 inch) DisplayMicrosoft Office 20212 Year Warranty Term,laptops,65990,4.9,0.0,Premium
Apple 2020 Macbook Air Apple M1 ,"Apple M1 Processor8 GB DDR4 RAMMac OS Operating System256 GB SSD33.78 cm (13.3 inch) DisplayBuilt-in Apps: iMovie, Siri, GarageBand, Pages, Numbers, Photos, Keynote, Safari, Mail, FaceTime, Messages, Maps, Stocks, Home, Voice Memos, Notes, Calendar, Contacts, Reminders, Photo Booth, Preview, Books, App Store, Time Machine, TV, Music, Podcasts, Find My, QuickTime Player1 Year Limited WarraÃÂ­nty",laptops,71990,4.1,1348.0,Premium
ASUS Vivobook 16 Intel Core i5 12th Gen 12500H ,Intel Core i5 Processor (12th Gen)16 GB DDR4 RAMWindows 11 Operating System512 GB SSD40.64 cm (16 Inch) Display1 Year Onsite Warranty,laptops,52990,4.3,0.0,Premium
HP Pavilion AMD Ryzen 5 Hexa Core AMD R5,"AMD Ryzen 5 Hexa Core Processor8 GB DDR4 RAM64 bit Windows 10 Operating System512 GB SSD39.62 cm (15.6 inch) DisplayHP Documentation, HP e-service, HP BIOS Recovery, HP SSRM, HP Smart, HP Jumpstarts1 Year Onsite Warranty",laptops,52990,4.3,1337.0,Premium
ASUS TUF A15 AMD Ryzen 5 Hexa Core 7535HS ,"AMD Ryzen 5 Hexa Core Processor16 GB DDR5 RAM64 bit Windows 11 Home Operating System512 GB SSD39.62 cm (15.6 inch) DisplayWindow 11, MS Office Home and Student 2021, 1 Year McAfee1 Year Onsite Warranty",laptops,61990,4.5,0.0,Premium
DELL Inspiron Intel Core i5 13th Gen 13450HX ,Intel Core i5 Processor (13th Gen)16 GB DDR5 RAMWindows 11 Operating System512 GB SSD39.62 cm (15.6 Inch) Display1 Year Onsite Premium Support,laptops,75990,4.7,0.0,Premium
MSI Thin 15 Intel Core i7 12th Gen 12650H ,Intel Core i7 Processor (12th Gen)16 GB DDR4 RAMWindows 11 Operating System512 GB SSD39.62 cm (15.6 Inch) Display2 Year Onsite Warranty,laptops,58990,1.5,3.0,Premium
DELL Inspiron 5620 Intel Core i5 12th Gen 1235U ,"Intel Core i5 Processor (12th Gen)16 GB DDR5 RAM64 bit Windows 11 Operating System512 GB SSD40.64 cm (16 inch) DisplayWindows 11, Microsoft Office1 Year Onsite Warranty",laptops,64999,2.7,1.0,Premium
Lenovo IdeaPad Slim 3 Intel Core i3 11th Gen 1115G4 ,Intel Core i3 Processor (11th Gen)8 GB DDR4 RAM64 bit Windows 11 Operating System512 GB SSD39.62 cm (15.6 Inch) DisplayOffice Home and Student 20212 Year warranty,laptops,34440,3.5,248.0,Mid-range
ASUS AMD Ryzen 5 10th Gen 7520U ,AMD Ryzen 5 Processor (10th Gen)16 GB DDR4 RAMWindows 11 Operating System512 GB SSD39.62 cm (15.6 inch) Display1 Year Warranty,laptops,40990,2.3,0.0,Mid-range
MICROSOFT Surface Laptop (7th Edition) AI PC Qualcomm Snapdragon X Plus ,Qualcomm Snapdragon X Plus Processor16 GB LPDDR5X RAMWindows 11 Operating System256 GB SSD35.05 cm (13.8 Inch) Touchscreen Display1 Year Onsite Warranty,laptops,113990,2.1,0.0,Premium
Lenovo IdeaPad Slim 3 Intel Intel Celeron Dual Core N4020 ,Intel Celeron Dual Core Processor8 GB DDR4 RAM64 bit Windows 11 Operating System256 GB SSD39.62 cm (15.6 Inch) Display2 Years On-Site Warranty,laptops,26499,2.4,20.0,Mid-range
DELL Intel Core i5 13th Gen 1334U ,Intel Core i5 Processor (13th Gen)8 GB DDR4 RAMWindows 11 Operating System512 GB SSD39.62 cm (15.6 Inch) Display1 Year Onsite Hardware Service,laptops,50100,2.4,1.0,Premium
Lenovo IdeaPad Slim 5 Intel Core i5 13th Gen 13420H ,Intel Core i5 Processor (13th Gen)16 GB LPDDR5 RAMWindows 11 Operating System512 GB SSD35.56 cm (14 Inch) DisplayMicrosoft Office Home & Student 20211Yr Warranty + 1 Yr Premium Care and 1 Yr Accidental Damage Protection,laptops,67990,4.5,17.0,Premium
Lenovo ThinkPad E14 Intel Core i7 12th Gen 1255U ,Intel Core i7 Processor (12th Gen)16 GB DDR4 RAMWindows 11 Operating System1 TB SSD35.56 cm (14 Inch) Display1 Year Onsite Warranty,laptops,91990,4.6,0.0,Premium
MSI Modern 15 AMD Ryzen 5 Hexa Core 5500U ,AMD Ryzen 5 Hexa Core Processor8 GB DDR4 RAM64 bit Windows 10 Operating System512 GB SSD39.62 cm (15.6 inch) Display1 Year Warranty Term,laptops,48490,4.0,457.0,Mid-range
Lenovo Legion 5 AMD Ryzen 7 Octa Core 5800H ,AMD Ryzen 7 Octa Core Processor16 GB DDR4 RAM64 bit Windows 11 Operating System1 TB SSD39.62 cm (15.6 Inch) Display1Yr Warranty + 1 Yr Legion Ultimate Support and 1 Yr Accidental Damage Protection,laptops,100190,2.4,0.0,Premium
Whirlpool 11 kg,"1400 RPM Max Speed5 Star Rating4 Years Warranty on Product, 10 Years Warranty on Wash Motor and 5 Years Warranty on Spin Motor",washing machine,16990,2.1,1340.0,Economic
MOTOROLA 7 kg,"1350 rpm Max Speed5 Star Rating2 Years Comprehensive Warranty on Product, 5 Years Warranty on Wash Motor",washing machine,8390,1.2,292.0,Economic
IFB 7 kg,"1200 RPM Max Speed5 Star RatingWith In-Built HeaterWith Wi-Fi Connectivity4 Years Comprehensive Warranty on Product, 10 Years Warranty on Motor, 10 Years Spares Support",washing machine,29990,2.3,8238.0,Mid-range
realme TechLife 7.5 kg,700 rpm Max Speed5 Star Rating2 Years Comprehensive Warranty on Product and 5 Years on Motor,washing machine,11790,4.0,2364.0,Economic
Haier 9 kg,1300 rpm Max Speed5 Star Rating3 Years Comphrehensive Warranty and 5 years in Wash and spin motor Warranty,washing machine,14990,1.7,99.0,Economic
MOTOROLA 10.5 kg,1400 rpm Max Speed5 Star RatingWith In-Built Heater2 Years Comprehensive and 10 Years on Motor From Motorola,washing machine,25490,1.8,286.0,Mid-range
LG 10 kg,1200 RPM Max Speed5 Star Rating2 Years Comprehensive Warranty on product and 5 Years Warranty on Motor from LG,washing machine,15949,3.4,6.0,Economic
Haier 8.5 kg,"1300 RPM Max Speed5 Star Rating2 Years Comprehensive Warranty on Product, 5 Years Warranty on Wash & Spin Motor from Haier",washing machine,11990,4.6,99.0,Economic
Sansui 8.5 kg,1350 rpm Max Speed5 Star Rating2 Years Comprehensive Warranty On Product and 5 Years on Wash Motor,washing machine,10150,4.1,1379.0,Economic
BOSCH 8 kg,680 RPM Max Speed5 Star RatingWith In-Built Heater2 Years Warranty on Product and 10 Years Warranty on Motor,washing machine,26500,4.5,0.0,Mid-range
Haier 7 kg,1200 rpm Max Speed5 Star Rating5 Years Comprehensive Warranty on Product and 12 Years Warranty on Motor from Haier,washing machine,27990,4.4,12.0,Mid-range
Voltas Beko by A Tata Product 6.5 kg,1200 rpm Max SpeedWith In-Built Heater2 Years Comprehensive Warranty on Product and 5 Years Warranty on Motor,washing machine,21690,3.5,34.0,Mid-range
LG 8 kg,800 rpm Max Speed5 Star Rating2 Years Warranty on Complete Washing Machine and 5 Years on Motor from LG,washing machine,13498,3.0,90.0,Economic
IFB 6.5 kg,720 rpm Max Speed5 Star Rating4 Years Comprehensive Warranty + 10 years Motor Warranty + 10 years Spares Support,washing machine,19790,5.0,2998.0,Economic
LG 7 kg,1300 rpm Max Speed5 Star Rating2 Years Comprehensive and 5 Years on Motor from LG,washing machine,14547,2.7,43.0,Economic
LG 7 kg,1350 RPM Max Speed5 Star Rating2 Years Comprehensive and 5 Years on Motor From LG,washing machine,12263,2.2,43.0,Economic
Godrej 7 kg,800 rpm Max Speed5 Star Rating2 Years Warranty on Product and 10 Years on Motor,washing machine,13850,1.6,0.0,Economic
Thomson 8.5 kg,1000 rpm Max Speed5 Star RatingWith In-Built Heater2 Years Warranty on Product and 5 Years on Motor,washing machine,20990,3.4,355.0,Mid-range
Whirlpool 7.5 kg,740 rpm Max SpeedWith In-Built Heater3 Years Comprehensive Warranty and 10 Years Warranty on Motor from Whirlpool,washing machine,27160,4.7,74.0,Mid-range
realme TechLife 7 kg,700 rpm Max Speed5 Star Rating2 Years Comprehensive Warranty on Product and 5 Years Warranty on Wash Motor,washing machine,10990,1.2,97.0,Economic
Godrej 6.5 kg,720 rpm Max Speed5 Star Rating2 Years Comprehensive Warranty on Product and 10 Years Warranty on Motor,washing machine,12990,3.6,351.0,Economic
Admiral 6.5 kg,600 rpm Max Speed5 Star Rating3 Years Warranty on Product,washing machine,11990,4.1,6.0,Economic
ONIDA 6.8 kg,780 rpm Max Speed2 Years Comprehensive Warranty from Onida,washing machine,16990,1.8,87.0,Economic
Godrej 6 kg,1000 rpm Max Speed5 Star Rating2 Years Comprehensive Warranty on Product and 10 Years Warranty on Motor,washing machine,22790,3.0,14.0,Mid-range
Intex 6 kg,1000 rpm Max SpeedWith In-Built Heater2 Years Comprehensive Warranty and 5 Years Warranty on Motor from Intex,washing machine,22390,4.7,41.0,Mid-range
SAMSUNG 6.5 kg,"1350 rpm Max Speed5 Star Rating2 years on product, 2 years on motor (T&C Apply)",washing machine,9690,3.6,2498.0,Economic
Godrej 8 kg,1440 RPM Max Speed5 Star Rating5 Year Warranty on Wash Motor and 2 year Warranty on Entire Washing Machine,washing machine,13789,3.1,2.0,Economic
Godrej 10 kg,720 RPM Max Speed5 Star Rating5 Years Complete,washing machine,16249,2.8,0.0,Economic
LG 6.5 kg,700 rpm Max Speed5 Star Rating2 Years Comprehensive Warranty and 10 Years Warranty on Motor from LG,washing machine,21990,1.1,43.0,Mid-range
Voltas Beko 12 Kg,1350 rpm Max Speed5 Star Rating1 Year Comprehensive Warranty on Product and 5 Years Warranty on Motor,washing machine,14490,2.7,444.0,Economic
Voltas Beko by A Tata Product 7.5 kg,1300 rpm Max Speed5 Star Rating2 Years Comprehensive and Additional 3 Years On Wash and Spin Motor from Voltas Beko,washing machine,11400,4.6,0.0,Economic
MarQ by Flipkart 6.5 kg,1350 rpm Max Speed2 Years Comprehensive Warranty and 5 Years Warranty on Motor from MarQ,washing machine,11299,1.8,1008.0,Economic
Whirlpool 7.2 kg,1400 RPM Max Speed5 Star Rating5,washing machine,10890,3.0,0.0,Economic
Whirlpool 8 kg,1400 RPM Max Speed5 Star RatingWith In-Built HeaterWith Wi-Fi Connectivity2 Years Warranty on Product and 10 Years on Motor,washing machine,33150,4.9,0.0,Mid-range
IFB 5.5 kg,0 RPM Max Speed5 Star RatingWith In-Built Heater4 Years Manufacturer Warranty,washing machine,19290,2.7,92.0,Economic
Godrej 7 kg,1400 rpm Max SpeedWith In-Built Heater2 Years Comprehensive Warranty on Product and 10 Years Warranty on Motor,washing machine,28590,1.6,0.0,Mid-range
Voltas Beko by A Tata Product 6.5 kg,700 RPM Max Speed5 Star Rating3 year comprehensive + additional 09 year on motor,washing machine,16499,4.8,0.0,Economic
LG 8 kg,700 rpm Max Speed5 Star Rating2 Years Comprehensive and 10 Years on Compressor from LG,washing machine,25290,1.0,0.0,Mid-range
Lloyd by Havells 8 kg,1300 rpm Max Speed5 Star Rating2 Years Comprehensive on Washing Machine and 5 Years on Motor from Lloyd,washing machine,13399,3.3,0.0,Economic
White Westinghouse (Trademark by Electrolux) 7 kg,1400 rpm Max Speed5 Star Rating2 Years Warranty on Product and 4 Years on Motor,washing machine,7999,2.6,91.0,Economic
Whirlpool 7 kg,740 RPM Max Speed5 Star Rating2 Years Warranty on Product and 10 Years on Motor,washing machine,16880,1.4,0.0,Economic
White Westinghouse (Trademark by Electrolux) 8.5 kg,1600 rpm Max Speed5 Star Rating2 Years Comprehensive Warranty on Product and 5 Years Warranty on Motor,washing machine,10299,1.5,4.0,Economic
Whirlpool 7.5 kg,1450 rpm Max Speed5 Star Rating2 Years Comprehensive Warranty and 5 Years Warranty on Wash Motor and Prime Mover from Whirlpool,washing machine,12479,3.2,641.0,Economic
Haier 7 kg,"800 RPM Max Speed5 Star Rating2 years on product, 10 years on motor",washing machine,16720,1.3,4.0,Economic
Godrej 7 kg,700 rpm Max Speed2 Years Comprehensive Warranty and 10 Years Warranty on Motor from Godrej,washing machine,19754,2.8,19.0,Economic
Whirlpool 8 kg,740 rpm Max Speed5 Star RatingWith In-Built Heater1 Year Comprehensive Warranty on Product and 10 Years Warranty on Motor,washing machine,20890,2.6,0.0,Economic
Panasonic 8 kg,702 RPM Max Speed5 Star RatingWith In-Built Heater2 Years On Product and 12 Years on Motor,washing machine,27529,3.9,2.0,Mid-range
Thomson 7 kg,1400 rpm Max Speed5 Star Rating2 Years Comprehensive Warranty on Product and 5 Years Warranty on Motor,washing machine,7590,2.3,1149.0,Economic
Godrej 10 kg,1440 rpm Max Speed5 Star Rating2 Years Comprehensive Warranty on Product and 5 Years Warranty on Wash Motor,washing machine,16490,4.0,0.0,Economic
Godrej 6.5 kg,700 rpm Max Speed1 Year Comprehensive Warranty and 10 Years Warranty on Motor from Godrej,washing machine,17990,4.5,4.0,Economic
Godrej 7 kg,1200 RPM Max Speed5 Star Rating10 Year Warranty on Motor and 2 year Warranty on Entire Washing Machine?,washing machine,19369,2.5,0.0,Economic
LG 6.5 kg,"1200 RPM Max Speed5 Star Rating2 year complete, 10year motor",washing machine,39998,3.0,0.0,Mid-range
TOSHIBA 7 kg,1200 rpm Max SpeedWith In-Built Heater2 Years Warranty on Product and 10 Years on Motor,washing machine,32500,2.1,0.0,Mid-range
SAMSUNG 16 kg,"700 rpm Max Speed5 Star Rating2 years comprehensive warranty on the product, 20 years warranty on the DIT Motor",washing machine,46900,3.1,3.0,Mid-range
TOSHIBA 9 kg,1400 rpm Max SpeedWith In-Built Heater2 Years Warranty on Product and 10 Years on Motor,washing machine,62490,4.8,0.0,Premium
SAMSUNG 9 kg,"1400 rpm Max Speed5 Star RatingWith In-Built HeaterWith Wi-Fi Connectivity2 years comprehensive warranty on the product, 20 years warranty on the DIT Motor",washing machine,42490,2.9,78.0,Mid-range
